label,f0,f1,f2,f3,f4,f5,f6,f7,f8,f9,f10,f11,f12,f13,f14,f15,f16,f17,f18,f19,f20,f21,f22,f23,f24,f25,f26,f27,f28,f29,f30,f31,f32,f33,f34,f35,f36,f37,f38,f39,f40,f41,f42,f43,f44,f45,f46,f47,f48,f49,f50,f51,f52,f53,f54,f55,f56,f57,f58,f59,f60,f61,f62
OPEN_PALM,-0.000000,0.000000,0.000000,-0.370034,-0.143173,0.010354,-0.619171,-0.430824,0.022093,-0.694609,-0.800407,-0.000637,-0.542991,-0.995745,-0.003044,-0.463210,-0.872101,0.230571,-0.579778,-1.200437,0.213652,-0.560032,-0.896580,0.244297,-0.478696,-0.684400,0.262949,-0.316363,-0.948638,0.149369,-0.449082,-1.297417,0.041343,-0.408724,-0.911060,0.005193,-0.306589,-0.702801,0.032415,-0.142951,-0.993593,0.044909,-0.289458,-1.328191,-0.102968,-0.271225,-0.956264,-0.136621,-0.166845,-0.758403,-0.101316,0.061076,-1.010438,-0.062436,-0.121743,-1.295971,-0.137888,-0.143254,-1.027941,-0.144763,-0.060854,-0.839474,-0.123056
OPEN_PALM,-0.000000,0.000000,0.000000,-0.371827,-0.143074,0.008395,-0.618879,-0.425108,0.023132,-0.697772,-0.794544,0.002956,-0.541499,-0.991488,0.002294,-0.460173,-0.874714,0.245008,-0.575750,-1.199160,0.230950,-0.561977,-0.899367,0.256253,-0.485869,-0.683978,0.270105,-0.315944,-0.948778,0.165940,-0.447760,-1.289212,0.057190,-0.409946,-0.908409,0.007236,-0.308734,-0.689873,0.024116,-0.142783,-0.991137,0.063452,-0.289587,-1.316758,-0.087540,-0.271218,-0.945262,-0.135666,-0.165693,-0.737998,-0.109963,0.061099,-1.006138,-0.041839,-0.123583,-1.293686,-0.121134,-0.146464,-1.026978,-0.136991,-0.063875,-0.831226,-0.122415
OPEN_PALM,-0.000000,0.000000,0.000000,-0.371881,-0.144452,0.010978,-0.618912,-0.421554,0.026196,-0.705588,-0.789899,0.007326,-0.557887,-1.000053,0.008311,-0.459273,-0.873653,0.239747,-0.581807,-1.201857,0.225538,-0.563996,-0.899204,0.255367,-0.481849,-0.687023,0.273026,-0.317667,-0.948202,0.160464,-0.452229,-1.294503,0.052950,-0.411404,-0.911395,0.011555,-0.309097,-0.702720,0.034954,-0.146267,-0.992382,0.057906,-0.295428,-1.325170,-0.092159,-0.274024,-0.955327,-0.133251,-0.167302,-0.758723,-0.102349,0.055780,-1.011252,-0.046888,-0.127455,-1.294868,-0.125421,-0.147264,-1.027239,-0.137879,-0.063428,-0.839209,-0.119968
OPEN_PALM,-0.000000,0.000000,0.000000,-0.372713,-0.140908,0.016230,-0.624872,-0.426988,0.031663,-0.703174,-0.804338,0.011126,-0.550009,-1.022159,0.011861,-0.460607,-0.869745,0.248888,-0.588581,-1.195848,0.236115,-0.565833,-0.885616,0.268926,-0.483352,-0.675965,0.288539,-0.316443,-0.948612,0.165528,-0.461607,-1.292337,0.058846,-0.414364,-0.902866,0.021199,-0.309474,-0.704842,0.048922,-0.146184,-1.000221,0.058894,-0.303991,-1.326930,-0.087316,-0.277296,-0.949517,-0.120567,-0.167693,-0.758320,-0.083372,0.057701,-1.027446,-0.050149,-0.136048,-1.308406,-0.122164,-0.152980,-1.040279,-0.127711,-0.066574,-0.856275,-0.104613
OPEN_PALM,-0.000000,0.000000,0.000000,-0.367013,-0.144090,0.003455,-0.619793,-0.430878,0.011746,-0.699203,-0.802571,-0.013775,-0.542595,-1.005067,-0.018706,-0.454762,-0.876823,0.227919,-0.572881,-1.203768,0.206679,-0.549836,-0.888923,0.232932,-0.469073,-0.674460,0.248133,-0.309755,-0.950816,0.148404,-0.445383,-1.291327,0.034733,-0.400807,-0.900997,-0.008948,-0.298200,-0.698681,0.013279,-0.138795,-0.994120,0.044757,-0.288883,-1.319692,-0.108078,-0.264170,-0.942836,-0.147979,-0.157100,-0.752071,-0.116479,0.063226,-1.013844,-0.062226,-0.125308,-1.290315,-0.139400,-0.139666,-1.016252,-0.149813,-0.052810,-0.831170,-0.131423
OPEN_PALM,-0.000000,0.000000,0.000000,-0.369181,-0.149586,0.015467,-0.614939,-0.430606,0.030461,-0.699522,-0.796025,0.008749,-0.548189,-1.001591,0.007177,-0.450453,-0.878234,0.254738,-0.566020,-1.211448,0.238872,-0.555297,-0.907016,0.264308,-0.478740,-0.688313,0.278570,-0.309964,-0.950748,0.171181,-0.446460,-1.298388,0.059222,-0.407867,-0.910998,0.010653,-0.303359,-0.696884,0.030323,-0.139155,-0.996090,0.063753,-0.291841,-1.326590,-0.089411,-0.269790,-0.951516,-0.134913,-0.158816,-0.754053,-0.106334,0.063541,-1.017574,-0.045725,-0.128114,-1.301951,-0.125072,-0.147883,-1.029377,-0.138809,-0.059050,-0.838279,-0.122258
OPEN_PALM,-0.000000,0.000000,0.000000,-0.370285,-0.151635,0.018189,-0.612035,-0.433954,0.034411,-0.695606,-0.799258,0.013177,-0.552925,-1.007949,0.011916,-0.450789,-0.876723,0.260824,-0.570632,-1.203896,0.246073,-0.553938,-0.900916,0.271356,-0.473621,-0.687566,0.285315,-0.311023,-0.950402,0.176137,-0.448793,-1.294420,0.064259,-0.406253,-0.908842,0.014295,-0.301660,-0.698877,0.033142,-0.141371,-0.996725,0.067754,-0.294660,-1.326270,-0.085378,-0.270540,-0.952453,-0.131792,-0.159924,-0.755748,-0.103604,0.060365,-1.019906,-0.042307,-0.131392,-1.301639,-0.121552,-0.149791,-1.031397,-0.135781,-0.061461,-0.842670,-0.119548
OPEN_PALM,-0.000000,0.000000,0.000000,-0.369721,-0.147786,0.014402,-0.613864,-0.436528,0.030251,-0.692124,-0.808610,0.010328,-0.538642,-1.012616,0.011271,-0.446773,-0.878690,0.253570,-0.564741,-1.203903,0.240901,-0.549751,-0.896325,0.270378,-0.469171,-0.683601,0.287435,-0.305767,-0.952106,0.171650,-0.442691,-1.294460,0.066125,-0.403134,-0.905754,0.023669,-0.297859,-0.700175,0.046903,-0.136744,-0.997969,0.065796,-0.289304,-1.324330,-0.081680,-0.268253,-0.949108,-0.122135,-0.157022,-0.756095,-0.090336,0.063611,-1.018588,-0.042324,-0.125275,-1.301224,-0.116805,-0.147229,-1.032362,-0.127042,-0.060199,-0.846117,-0.107868
OPEN_PALM,-0.000000,0.000000,0.000000,-0.372789,-0.144648,0.014565,-0.617269,-0.426358,0.028905,-0.698863,-0.796461,0.007134,-0.552128,-1.008632,0.005811,-0.454971,-0.872940,0.251092,-0.579296,-1.201118,0.236630,-0.559716,-0.896562,0.264824,-0.476667,-0.685048,0.280845,-0.313644,-0.949541,0.168253,-0.452207,-1.294860,0.058623,-0.409341,-0.908381,0.013566,-0.305388,-0.701209,0.035415,-0.142685,-0.997991,0.062047,-0.297073,-1.327243,-0.088557,-0.272959,-0.952761,-0.130591,-0.162252,-0.758535,-0.099708,0.060142,-1.021110,-0.046137,-0.131390,-1.303889,-0.123369,-0.150364,-1.034519,-0.134890,-0.062279,-0.847390,-0.116418
OPEN_PALM,-0.000000,0.000000,0.000000,-0.371455,-0.138840,0.014657,-0.619386,-0.425224,0.030866,-0.702008,-0.796140,0.011497,-0.553877,-1.000007,0.012665,-0.457708,-0.872298,0.248695,-0.577908,-1.204617,0.234747,-0.561029,-0.895593,0.266485,-0.480076,-0.678610,0.285460,-0.314872,-0.949134,0.166165,-0.453395,-1.301454,0.057366,-0.413160,-0.909608,0.017422,-0.308333,-0.699405,0.043519,-0.143837,-0.997491,0.059687,-0.297045,-1.332421,-0.092163,-0.274015,-0.951878,-0.131640,-0.163423,-0.756539,-0.098079,0.058877,-1.021979,-0.048733,-0.132883,-1.304959,-0.127750,-0.150435,-1.029209,-0.138746,-0.061771,-0.841563,-0.119129
OPEN_PALM,-0.000000,0.000000,0.000000,-0.370275,-0.143789,0.010008,-0.621388,-0.430435,0.020663,-0.700863,-0.797507,-0.003961,-0.554452,-0.998457,-0.008630,-0.464763,-0.872359,0.236849,-0.583739,-1.196955,0.219911,-0.560843,-0.891331,0.245581,-0.477731,-0.675223,0.260148,-0.320461,-0.947262,0.155606,-0.454230,-1.286477,0.046298,-0.409713,-0.906012,-0.000336,-0.305648,-0.694494,0.018536,-0.148674,-0.992872,0.051420,-0.294988,-1.320328,-0.096231,-0.271462,-0.954069,-0.138003,-0.165100,-0.752312,-0.109329,0.053610,-1.012227,-0.055594,-0.127504,-1.298677,-0.130946,-0.147203,-1.036769,-0.141970,-0.065421,-0.845279,-0.124556
OPEN_PALM,-0.000000,0.000000,0.000000,-0.362242,-0.139035,0.004279,-0.620394,-0.438026,0.009221,-0.689298,-0.804821,-0.019003,-0.530789,-1.002510,-0.026496,-0.457551,-0.878934,0.214573,-0.574676,-1.203786,0.198627,-0.565112,-0.909940,0.229803,-0.490946,-0.698163,0.249457,-0.308396,-0.951258,0.137305,-0.443641,-1.297473,0.036489,-0.408927,-0.925183,0.005901,-0.308884,-0.712523,0.035493,-0.134647,-0.996815,0.037942,-0.282999,-1.325765,-0.095308,-0.262242,-0.962405,-0.117435,-0.157858,-0.758651,-0.077544,0.072476,-1.011928,-0.066452,-0.110827,-1.295228,-0.129263,-0.131834,-1.036209,-0.126574,-0.052447,-0.843565,-0.099262
OPEN_PALM,-0.000000,0.000000,0.000000,-0.359562,-0.135046,-0.005534,-0.628018,-0.437814,-0.009942,-0.695433,-0.818853,-0.046240,-0.528099,-1.023587,-0.060316,-0.479422,-0.866445,0.196954,-0.611082,-1.141647,0.169837,-0.577884,-0.837598,0.194375,-0.490320,-0.655138,0.208727,-0.328176,-0.944616,0.117686,-0.473446,-1.258377,0.005491,-0.422771,-0.876294,-0.028217,-0.326042,-0.703738,-0.001296,-0.154708,-0.996306,0.015455,-0.309560,-1.309043,-0.126200,-0.284043,-0.928491,-0.145366,-0.179292,-0.734275,-0.102588,0.056546,-1.016035,-0.092761,-0.129107,-1.293206,-0.155771,-0.148276,-1.030927,-0.150356,-0.069651,-0.848199,-0.121650
OPEN_PALM,-0.000000,0.000000,0.000000,-0.365493,-0.115566,-0.016948,-0.643770,-0.415472,-0.017315,-0.704680,-0.813867,-0.047531,-0.530972,-1.020461,-0.053780,-0.515184,-0.841911,0.207397,-0.655120,-1.108955,0.183032,-0.600627,-0.796600,0.209918,-0.510243,-0.627306,0.225354,-0.359807,-0.933027,0.134307,-0.507797,-1.239990,0.023823,-0.434335,-0.847701,-0.011230,-0.344049,-0.696160,0.016525,-0.186450,-0.997092,0.035332,-0.335758,-1.302746,-0.106593,-0.295207,-0.915721,-0.130445,-0.197764,-0.732932,-0.088380,0.022977,-1.033152,-0.070659,-0.151377,-1.302858,-0.130196,-0.157334,-1.032408,-0.127927,-0.084111,-0.855686,-0.101074
OPEN_PALM,-0.000000,0.000000,0.000000,-0.387081,-0.129386,-0.002628,-0.658791,-0.433002,0.006338,-0.709823,-0.836885,-0.019258,-0.532665,-0.999472,-0.022726,-0.511211,-0.835658,0.231843,-0.656665,-1.116074,0.208684,-0.594671,-0.788912,0.232588,-0.500953,-0.609680,0.246041,-0.354593,-0.935021,0.153517,-0.501658,-1.245446,0.037793,-0.420527,-0.845525,-0.011638,-0.324195,-0.683143,0.007368,-0.179300,-0.998513,0.049938,-0.326709,-1.308615,-0.100542,-0.280545,-0.914484,-0.142409,-0.178007,-0.718712,-0.110141,0.029343,-1.040084,-0.058749,-0.148440,-1.307712,-0.121647,-0.145202,-1.031289,-0.130130,-0.068302,-0.848890,-0.112905
OPEN_PALM,-0.000000,0.000000,0.000000,-0.380196,-0.123948,-0.008487,-0.648957,-0.432546,-0.006957,-0.690306,-0.838835,-0.038893,-0.520002,-1.023790,-0.049846,-0.486148,-0.844048,0.217443,-0.626764,-1.103355,0.195170,-0.569844,-0.780770,0.218179,-0.474910,-0.610710,0.230527,-0.332517,-0.943097,0.141530,-0.474622,-1.240564,0.033125,-0.401283,-0.843483,-0.010130,-0.308338,-0.677292,0.009948,-0.162751,-1.004193,0.040478,-0.300190,-1.319486,-0.101518,-0.265082,-0.928242,-0.135363,-0.170140,-0.718633,-0.100952,0.039569,-1.035043,-0.066901,-0.114861,-1.309482,-0.122914,-0.122554,-1.036127,-0.125224,-0.059648,-0.844712,-0.104654
OPEN_PALM,-0.000000,0.000000,0.000000,-0.371985,-0.135828,-0.017093,-0.638413,-0.447704,-0.019781,-0.677885,-0.857140,-0.054569,-0.492822,-1.037458,-0.066955,-0.471551,-0.859669,0.206326,-0.602616,-1.125675,0.174487,-0.543170,-0.790132,0.195064,-0.457273,-0.617004,0.206519,-0.311365,-0.950291,0.130771,-0.452809,-1.247338,0.008112,-0.370908,-0.830432,-0.036566,-0.285787,-0.676943,-0.013773,-0.139078,-1.005035,0.028428,-0.275678,-1.315697,-0.128355,-0.234631,-0.904085,-0.161864,-0.142891,-0.698410,-0.122299,0.067041,-1.032156,-0.080518,-0.089301,-1.310106,-0.144061,-0.094153,-1.029307,-0.147134,-0.030544,-0.842267,-0.124969
OPEN_PALM,-0.000000,0.000000,0.000000,-0.367617,-0.134306,-0.010913,-0.634806,-0.446166,-0.009881,-0.678445,-0.849329,-0.042125,-0.500951,-1.039341,-0.053999,-0.482778,-0.853479,0.218621,-0.611807,-1.120670,0.197018,-0.557320,-0.811246,0.216394,-0.469789,-0.630999,0.225566,-0.320087,-0.947388,0.142949,-0.454059,-1.254026,0.031888,-0.382344,-0.867087,-0.019373,-0.294087,-0.678473,-0.005441,-0.140233,-1.001484,0.042881,-0.270504,-1.320107,-0.099563,-0.237788,-0.935245,-0.138458,-0.147207,-0.705882,-0.108423,0.074632,-1.022159,-0.063661,-0.077940,-1.304788,-0.122190,-0.093192,-1.037675,-0.128144,-0.035302,-0.834491,-0.110400
OPEN_PALM,-0.000000,0.000000,0.000000,-0.360532,-0.143911,-0.025701,-0.625726,-0.454539,-0.033573,-0.657554,-0.860602,-0.073149,-0.468618,-1.050329,-0.092275,-0.464970,-0.859854,0.202602,-0.600587,-1.115738,0.170373,-0.546593,-0.805734,0.183976,-0.457389,-0.630809,0.190584,-0.304389,-0.952548,0.130653,-0.447546,-1.251212,0.009433,-0.373283,-0.859106,-0.045625,-0.283171,-0.680264,-0.032477,-0.128021,-1.002937,0.032221,-0.265236,-1.318636,-0.121163,-0.231882,-0.925457,-0.162952,-0.138699,-0.692028,-0.131644,0.090343,-1.020082,-0.074038,-0.064247,-1.303910,-0.139773,-0.082419,-1.043695,-0.149133,-0.027645,-0.843128,-0.132260
OPEN_PALM,-0.000000,0.000000,0.000000,-0.362835,-0.133408,-0.020841,-0.627423,-0.448339,-0.027462,-0.658766,-0.853547,-0.064968,-0.471251,-1.037187,-0.081806,-0.462435,-0.856901,0.191144,-0.594661,-1.114601,0.158929,-0.542358,-0.803130,0.176305,-0.453182,-0.625730,0.185449,-0.300280,-0.953851,0.118037,-0.440851,-1.254516,-0.000467,-0.369014,-0.861051,-0.046816,-0.276625,-0.682903,-0.029238,-0.120811,-1.007611,0.019725,-0.260522,-1.322302,-0.130073,-0.228722,-0.929416,-0.164792,-0.133188,-0.707570,-0.130951,0.097014,-1.024408,-0.085526,-0.060513,-1.303584,-0.149574,-0.081004,-1.038286,-0.155326,-0.023008,-0.845071,-0.136661
OPEN_PALM,-0.000000,0.000000,0.000000,-0.365738,-0.121546,-0.015346,-0.635539,-0.447889,-0.017101,-0.663361,-0.865816,-0.049349,-0.463717,-1.054027,-0.059241,-0.455284,-0.856843,0.201512,-0.599038,-1.116322,0.173165,-0.544393,-0.788241,0.199767,-0.448772,-0.618847,0.215086,-0.294839,-0.955547,0.126989,-0.446362,-1.258023,0.014200,-0.370688,-0.844288,-0.019653,-0.271628,-0.690669,0.008195,-0.119208,-1.013990,0.026584,-0.273721,-1.329861,-0.121633,-0.237295,-0.915071,-0.148263,-0.129807,-0.716073,-0.106649,0.098426,-1.040570,-0.079751,-0.078623,-1.315379,-0.141765,-0.095928,-1.034282,-0.143071,-0.026509,-0.856100,-0.119816
OPEN_PALM,-0.000000,0.000000,0.000000,-0.362688,-0.113796,-0.010051,-0.633996,-0.438745,-0.012232,-0.662358,-0.845347,-0.047765,-0.470167,-1.021120,-0.063264,-0.467909,-0.854559,0.204877,-0.597530,-1.115793,0.174095,-0.543161,-0.795128,0.189722,-0.453373,-0.615027,0.196382,-0.309849,-0.950786,0.126465,-0.454264,-1.244848,0.010808,-0.379191,-0.848437,-0.038000,-0.280649,-0.672458,-0.023626,-0.131805,-1.008757,0.023783,-0.281962,-1.318248,-0.120413,-0.240765,-0.922412,-0.154539,-0.134738,-0.711870,-0.123305,0.084441,-1.034662,-0.085531,-0.089358,-1.298147,-0.144828,-0.096847,-1.019739,-0.147953,-0.022498,-0.830308,-0.129498
OPEN_PALM,-0.000000,0.000000,0.000000,-0.353188,-0.121740,-0.014614,-0.614149,-0.435799,-0.010503,-0.691594,-0.822711,-0.035525,-0.528031,-1.051332,-0.041127,-0.408515,-0.883000,0.212013,-0.532036,-1.170549,0.198368,-0.494307,-0.868420,0.223321,-0.397381,-0.650805,0.236944,-0.268323,-0.963329,0.144143,-0.412488,-1.292501,0.041308,-0.371446,-0.923824,-0.008865,-0.268588,-0.682414,0.002837,-0.095995,-1.008945,0.053157,-0.253003,-1.353355,-0.083248,-0.240237,-0.992779,-0.125514,-0.136762,-0.735305,-0.101676,0.111537,-1.017269,-0.043892,-0.046779,-1.330683,-0.111173,-0.088695,-1.083845,-0.122311,-0.029718,-0.858655,-0.107276
OPEN_PALM,-0.000000,0.000000,0.000000,-0.336811,-0.086504,0.006249,-0.583811,-0.354901,0.036765,-0.707545,-0.658282,0.035342,-0.722892,-0.914760,0.038169,-0.365059,-0.867521,0.308899,-0.489103,-1.121228,0.335047,-0.585370,-1.210397,0.319869,-0.635839,-1.199794,0.306829,-0.219272,-0.975664,0.255856,-0.316776,-1.316983,0.251290,-0.381570,-1.358620,0.167493,-0.395076,-1.240742,0.126926,-0.046776,-1.011210,0.176667,-0.104791,-1.381221,0.141467,-0.168566,-1.417129,0.052501,-0.188946,-1.282584,0.010936,0.149493,-0.983048,0.089087,0.136855,-1.300854,0.058553,0.073879,-1.366878,0.011571,0.029745,-1.290532,-0.012898
OPEN_PALM,-0.000000,0.000000,0.000000,-0.313346,-0.067512,-0.072662,-0.562309,-0.319639,-0.100241,-0.711891,-0.577875,-0.138138,-0.841846,-0.781743,-0.181145,-0.377007,-0.871135,0.041828,-0.544095,-1.171264,0.003055,-0.650866,-1.357175,-0.042707,-0.740085,-1.517524,-0.081595,-0.213227,-0.977003,0.014043,-0.329181,-1.350690,-0.019471,-0.415602,-1.600512,-0.095413,-0.495782,-1.795236,-0.156948,-0.039729,-0.984263,-0.033136,-0.089646,-1.343051,-0.087623,-0.163019,-1.579784,-0.171816,-0.249260,-1.747418,-0.230436,0.146994,-0.917877,-0.092864,0.162419,-1.208879,-0.154713,0.112619,-1.393171,-0.211910,0.034917,-1.527112,-0.252142
OPEN_PALM,-0.000000,0.000000,0.000000,-0.303592,-0.058323,-0.101256,-0.570625,-0.307548,-0.155286,-0.753915,-0.543667,-0.213462,-0.909562,-0.695684,-0.277306,-0.397068,-0.848224,-0.043109,-0.573541,-1.150835,-0.107452,-0.676487,-1.340569,-0.159261,-0.760179,-1.504628,-0.198937,-0.238641,-0.971108,-0.064916,-0.359819,-1.380798,-0.117571,-0.426766,-1.635212,-0.190603,-0.482496,-1.846358,-0.250990,-0.067475,-0.992295,-0.106052,-0.139824,-1.387870,-0.171742,-0.200341,-1.645132,-0.255012,-0.264587,-1.851099,-0.314936,0.117094,-0.935897,-0.160884,0.125240,-1.268817,-0.229096,0.104735,-1.499082,-0.289347,0.064180,-1.706473,-0.334657
OPEN_PALM,-0.000000,0.000000,0.000000,-0.287376,-0.078900,-0.085189,-0.549853,-0.317793,-0.129880,-0.738199,-0.530709,-0.184066,-0.897546,-0.654636,-0.242151,-0.398410,-0.851457,0.006724,-0.567235,-1.133614,-0.040255,-0.660889,-1.308489,-0.084302,-0.738100,-1.462228,-0.119045,-0.248611,-0.968603,-0.020219,-0.354932,-1.362785,-0.051559,-0.405703,-1.598186,-0.114873,-0.449551,-1.794776,-0.169908,-0.087543,-0.988939,-0.068302,-0.153643,-1.361752,-0.113125,-0.203564,-1.595593,-0.186196,-0.259070,-1.783698,-0.241438,0.088071,-0.935943,-0.131025,0.099307,-1.260447,-0.180869,0.088285,-1.482505,-0.232098,0.057204,-1.686772,-0.272694
OPEN_PALM,-0.000000,0.000000,0.000000,-0.286816,-0.085509,-0.079150,-0.546059,-0.320451,-0.119430,-0.731650,-0.531314,-0.171456,-0.887472,-0.650259,-0.226879,-0.401163,-0.850143,0.027427,-0.567773,-1.128825,-0.012437,-0.660512,-1.300683,-0.052311,-0.738167,-1.452645,-0.084071,-0.255296,-0.966863,-0.001636,-0.359176,-1.354320,-0.022996,-0.407332,-1.586368,-0.080249,-0.450539,-1.779323,-0.131505,-0.098684,-0.988956,-0.052722,-0.161163,-1.355528,-0.088523,-0.204426,-1.586896,-0.154981,-0.255486,-1.772811,-0.206686,0.073724,-0.941278,-0.119180,0.087739,-1.255762,-0.160557,0.080502,-1.471601,-0.206046,0.052004,-1.670801,-0.243022
OPEN_PALM,-0.000000,0.000000,0.000000,-0.290423,-0.085056,-0.077781,-0.550650,-0.319558,-0.115152,-0.735461,-0.531504,-0.164590,-0.885419,-0.652841,-0.217475,-0.404365,-0.847391,0.036756,-0.569328,-1.124928,-0.000051,-0.661486,-1.295764,-0.038519,-0.737906,-1.447190,-0.068764,-0.259669,-0.965698,0.009396,-0.359808,-1.355602,-0.007961,-0.407330,-1.588529,-0.063829,-0.449494,-1.779658,-0.113931,-0.104223,-0.991395,-0.040447,-0.166514,-1.362656,-0.073516,-0.209897,-1.595527,-0.139934,-0.260622,-1.780825,-0.191565,0.067096,-0.949954,-0.105810,0.082694,-1.260107,-0.143910,0.076914,-1.474680,-0.188655,0.049747,-1.672881,-0.225327
OPEN_PALM,-0.000000,0.000000,0.000000,-0.287944,-0.085763,-0.065259,-0.542682,-0.317651,-0.095219,-0.723362,-0.526318,-0.139522,-0.871335,-0.644388,-0.187385,-0.400904,-0.848424,0.054414,-0.564776,-1.123068,0.023135,-0.657447,-1.291214,-0.012018,-0.735373,-1.438196,-0.040510,-0.258183,-0.966096,0.021963,-0.359072,-1.355668,0.009076,-0.408636,-1.589161,-0.044948,-0.453204,-1.780343,-0.093927,-0.104559,-0.990532,-0.032475,-0.164642,-1.361106,-0.062067,-0.209981,-1.594666,-0.127860,-0.262746,-1.781283,-0.179043,0.065669,-0.945971,-0.101462,0.085141,-1.256996,-0.137607,0.081288,-1.471963,-0.181652,0.055954,-1.669165,-0.217605
OPEN_PALM,-0.000000,0.000000,0.000000,-0.288899,-0.086262,-0.075042,-0.551954,-0.325997,-0.108685,-0.740874,-0.537611,-0.155163,-0.895157,-0.655154,-0.205276,-0.405530,-0.845836,0.047715,-0.568915,-1.122270,0.014016,-0.661508,-1.292198,-0.023266,-0.739283,-1.440589,-0.053357,-0.263530,-0.964651,0.019154,-0.365724,-1.355519,0.005534,-0.417484,-1.592132,-0.051208,-0.464476,-1.786770,-0.102903,-0.109952,-0.991300,-0.032374,-0.170830,-1.366491,-0.062924,-0.216910,-1.605521,-0.132104,-0.271508,-1.796757,-0.186446,0.059376,-0.949023,-0.099259,0.079645,-1.263075,-0.136530,0.075945,-1.481015,-0.182724,0.049585,-1.682316,-0.220850
OPEN_PALM,-0.000000,0.000000,0.000000,-0.286967,-0.087536,-0.075556,-0.549139,-0.334806,-0.108971,-0.736982,-0.551278,-0.154927,-0.892386,-0.667554,-0.204653,-0.407156,-0.846983,0.043139,-0.570756,-1.123922,0.009940,-0.664976,-1.292117,-0.025955,-0.743335,-1.437064,-0.055948,-0.266586,-0.963811,0.013814,-0.368569,-1.357458,-0.000245,-0.421831,-1.597075,-0.057430,-0.469423,-1.793357,-0.110454,-0.111967,-0.986591,-0.038245,-0.172946,-1.360086,-0.070665,-0.221348,-1.600944,-0.142426,-0.276692,-1.794388,-0.198937,0.061630,-0.939533,-0.105250,0.089203,-1.250314,-0.145227,0.089829,-1.465958,-0.193749,0.067400,-1.665002,-0.233695
OPEN_PALM,-0.000000,0.000000,0.000000,-0.284718,-0.091700,-0.074962,-0.542941,-0.336621,-0.107976,-0.725847,-0.554750,-0.153879,-0.875911,-0.678801,-0.203016,-0.404878,-0.848594,0.047712,-0.566421,-1.119892,0.017181,-0.659004,-1.285965,-0.016553,-0.736111,-1.430842,-0.044737,-0.266585,-0.963812,0.019098,-0.368760,-1.344142,0.008697,-0.420652,-1.574916,-0.043607,-0.466773,-1.766550,-0.092735,-0.114463,-0.987065,-0.032540,-0.176447,-1.349624,-0.061525,-0.221396,-1.581056,-0.126925,-0.273060,-1.769017,-0.178943,0.056930,-0.942398,-0.099537,0.082944,-1.243426,-0.135619,0.085033,-1.451740,-0.179578,0.065158,-1.645509,-0.215905
OPEN_PALM,-0.000000,0.000000,0.000000,-0.286936,-0.096358,-0.076026,-0.543189,-0.342481,-0.108166,-0.723940,-0.562453,-0.153304,-0.871782,-0.689108,-0.201305,-0.405687,-0.850145,0.055890,-0.565106,-1.122406,0.028248,-0.655182,-1.291125,-0.004162,-0.730685,-1.438616,-0.031572,-0.265835,-0.964019,0.027997,-0.363870,-1.344452,0.023055,-0.412041,-1.576812,-0.027005,-0.456279,-1.771555,-0.074971,-0.111875,-0.987084,-0.023872,-0.168450,-1.352081,-0.048327,-0.209756,-1.585171,-0.112214,-0.260399,-1.776052,-0.163835,0.060584,-0.942253,-0.091510,0.087226,-1.244663,-0.124103,0.089034,-1.452851,-0.166131,0.068147,-1.647592,-0.201301
OPEN_PALM,-0.000000,0.000000,0.000000,-0.289119,-0.095872,-0.077096,-0.544284,-0.342105,-0.110395,-0.723984,-0.562426,-0.156548,-0.872717,-0.686861,-0.205658,-0.404427,-0.850174,0.049861,-0.564607,-1.123585,0.019464,-0.653780,-1.292983,-0.014484,-0.727047,-1.440864,-0.042538,-0.263727,-0.964597,0.022256,-0.360703,-1.348031,0.013340,-0.407127,-1.579687,-0.038918,-0.449476,-1.771952,-0.087754,-0.109757,-0.988478,-0.028917,-0.168454,-1.354752,-0.056636,-0.209624,-1.587082,-0.122580,-0.259534,-1.775373,-0.174975,0.062153,-0.944856,-0.095664,0.088386,-1.244828,-0.129834,0.091043,-1.453307,-0.173216,0.071207,-1.648188,-0.209216
OPEN_PALM,-0.000000,0.000000,0.000000,-0.286756,-0.095222,-0.081935,-0.539859,-0.335139,-0.118076,-0.717982,-0.553993,-0.165539,-0.865752,-0.679574,-0.215433,-0.404680,-0.849552,0.042243,-0.568665,-1.122557,0.008289,-0.658499,-1.291064,-0.027963,-0.731866,-1.439060,-0.056985,-0.260781,-0.965398,0.017412,-0.358285,-1.348348,0.004347,-0.404578,-1.580063,-0.049672,-0.445109,-1.773713,-0.098951,-0.105214,-0.987833,-0.031082,-0.159293,-1.355933,-0.062001,-0.198044,-1.588783,-0.128681,-0.244456,-1.778001,-0.180578,0.065503,-0.941145,-0.095365,0.094051,-1.245995,-0.131329,0.097624,-1.455771,-0.175139,0.079590,-1.650535,-0.210929
OPEN_PALM,-0.000000,0.000000,0.000000,-0.287056,-0.086454,-0.074561,-0.539576,-0.330072,-0.108709,-0.714346,-0.549955,-0.155847,-0.864513,-0.667039,-0.206619,-0.410156,-0.845640,0.043376,-0.571855,-1.124385,0.010028,-0.659436,-1.298970,-0.025826,-0.729901,-1.451484,-0.055024,-0.266604,-0.963806,0.014289,-0.363588,-1.351416,0.002383,-0.408788,-1.587643,-0.050688,-0.448718,-1.785128,-0.100290,-0.111278,-0.990180,-0.037570,-0.166259,-1.363668,-0.068104,-0.207416,-1.604156,-0.135368,-0.255139,-1.798884,-0.188725,0.061301,-0.949055,-0.104504,0.090457,-1.255667,-0.140956,0.094433,-1.468376,-0.185317,0.077563,-1.665708,-0.222423
OPEN_PALM,-0.000000,0.000000,0.000000,-0.285676,-0.087144,-0.080320,-0.537613,-0.324806,-0.117564,-0.714364,-0.541327,-0.166181,-0.863811,-0.656324,-0.218390,-0.410537,-0.845695,0.032899,-0.577017,-1.120174,-0.003110,-0.665335,-1.294951,-0.040782,-0.735411,-1.448830,-0.071083,-0.267152,-0.963654,0.006574,-0.366583,-1.350867,-0.008246,-0.410350,-1.588312,-0.062571,-0.447012,-1.786028,-0.112851,-0.110900,-0.988640,-0.042326,-0.167554,-1.362432,-0.076246,-0.207242,-1.602713,-0.145007,-0.252172,-1.797364,-0.198771,0.062917,-0.944960,-0.106450,0.090798,-1.250623,-0.145581,0.094690,-1.460183,-0.190926,0.079173,-1.654586,-0.228289
OPEN_PALM,-0.000000,0.000000,0.000000,-0.289669,-0.085389,-0.077510,-0.543451,-0.323009,-0.113367,-0.720835,-0.536012,-0.160583,-0.866096,-0.651706,-0.211630,-0.419762,-0.844378,0.032960,-0.583305,-1.122226,-0.002782,-0.670695,-1.296360,-0.039333,-0.739951,-1.447972,-0.068660,-0.275033,-0.961435,0.005839,-0.374799,-1.352071,-0.008518,-0.420373,-1.589563,-0.061223,-0.459177,-1.787213,-0.110443,-0.117503,-0.985578,-0.043710,-0.174813,-1.363296,-0.077202,-0.217102,-1.606887,-0.145912,-0.264833,-1.806101,-0.199817,0.056599,-0.940671,-0.108148,0.083505,-1.248016,-0.147038,0.088070,-1.460001,-0.192872,0.072549,-1.657882,-0.230789
OPEN_PALM,-0.000000,0.000000,0.000000,-0.284020,-0.086868,-0.075386,-0.534252,-0.325016,-0.110981,-0.709378,-0.539649,-0.159145,-0.859517,-0.653800,-0.211723,-0.415068,-0.846185,0.035458,-0.579806,-1.119734,-0.001658,-0.670213,-1.289137,-0.040171,-0.742678,-1.436394,-0.071302,-0.270919,-0.962602,0.005014,-0.370422,-1.349517,-0.012941,-0.417932,-1.584450,-0.070269,-0.459269,-1.779194,-0.122592,-0.114745,-0.985501,-0.047802,-0.173092,-1.357783,-0.085570,-0.216685,-1.599050,-0.159322,-0.265921,-1.795609,-0.216080,0.058027,-0.938703,-0.115081,0.083561,-1.243564,-0.157749,0.086946,-1.453060,-0.206895,0.070117,-1.646548,-0.247077
OPEN_PALM,-0.000000,0.000000,0.000000,-0.287712,-0.085489,-0.071765,-0.538830,-0.318451,-0.107839,-0.716388,-0.526634,-0.157245,-0.865112,-0.634683,-0.211689,-0.422381,-0.841982,0.032608,-0.585938,-1.117487,-0.004137,-0.675129,-1.292964,-0.041938,-0.745066,-1.447422,-0.072861,-0.280537,-0.959843,-0.000493,-0.380921,-1.348947,-0.015244,-0.427558,-1.587307,-0.068898,-0.466900,-1.786654,-0.120052,-0.125404,-0.985323,-0.055315,-0.183629,-1.363472,-0.091092,-0.226398,-1.609212,-0.162549,-0.273486,-1.811429,-0.219136,0.049113,-0.940495,-0.124243,0.079394,-1.245396,-0.165661,0.087651,-1.449602,-0.212511,0.077026,-1.638470,-0.251715
OPEN_PALM,-0.000000,0.000000,0.000000,-0.293635,-0.077445,-0.073793,-0.547863,-0.302193,-0.113752,-0.723964,-0.510597,-0.166457,-0.871248,-0.621741,-0.224569,-0.430642,-0.837430,0.020719,-0.594223,-1.117177,-0.022197,-0.681225,-1.299621,-0.064553,-0.748319,-1.460828,-0.097972,-0.282601,-0.959238,-0.012416,-0.381893,-1.350147,-0.033931,-0.427997,-1.589705,-0.090730,-0.463883,-1.790251,-0.143174,-0.123338,-0.987103,-0.066684,-0.179503,-1.372004,-0.107514,-0.223814,-1.624468,-0.181453,-0.269208,-1.831318,-0.239349,0.050887,-0.942412,-0.134916,0.085946,-1.256062,-0.179162,0.095691,-1.469777,-0.227772,0.088474,-1.666608,-0.268346
OPEN_PALM,-0.000000,0.000000,0.000000,-0.294852,-0.066525,-0.103356,-0.550801,-0.286895,-0.152932,-0.727436,-0.503287,-0.210160,-0.872080,-0.621325,-0.272589,-0.428072,-0.828535,-0.002503,-0.590975,-1.103790,-0.052428,-0.678600,-1.287198,-0.099135,-0.746972,-1.451306,-0.135561,-0.278436,-0.960455,-0.023795,-0.380526,-1.346359,-0.049324,-0.431419,-1.586030,-0.110328,-0.473147,-1.791173,-0.167269,-0.120910,-0.993861,-0.069463,-0.178349,-1.375451,-0.118133,-0.227867,-1.621465,-0.199313,-0.280473,-1.828388,-0.262635,0.052859,-0.951703,-0.131422,0.089996,-1.251600,-0.182753,0.101274,-1.453809,-0.237541,0.094753,-1.643175,-0.282717
OPEN_PALM,-0.000000,0.000000,0.000000,-0.292300,-0.063544,-0.094648,-0.547108,-0.281580,-0.139510,-0.723223,-0.488208,-0.193471,-0.869066,-0.593732,-0.252972,-0.422123,-0.835011,0.004841,-0.588790,-1.119298,-0.043854,-0.680578,-1.300348,-0.090500,-0.753644,-1.462683,-0.126581,-0.273066,-0.961995,-0.019375,-0.371423,-1.350822,-0.043329,-0.421952,-1.581477,-0.103958,-0.464335,-1.779442,-0.159994,-0.116036,-0.991452,-0.067203,-0.167879,-1.369390,-0.113351,-0.215613,-1.613249,-0.194728,-0.266071,-1.816325,-0.257722,0.056730,-0.946442,-0.130794,0.093555,-1.248257,-0.180587,0.102997,-1.453001,-0.235757,0.095506,-1.643580,-0.280948
OPEN_PALM,-0.000000,0.000000,0.000000,-0.293740,-0.050037,-0.083223,-0.554692,-0.250302,-0.127744,-0.737435,-0.443327,-0.184303,-0.891088,-0.545876,-0.246312,-0.431416,-0.831201,0.014711,-0.594851,-1.114877,-0.028319,-0.685402,-1.296759,-0.070815,-0.758357,-1.458434,-0.104824,-0.280023,-0.959993,-0.015192,-0.382875,-1.350648,-0.034069,-0.435347,-1.586206,-0.086587,-0.479400,-1.785219,-0.136916,-0.120306,-0.987768,-0.067617,-0.173009,-1.363364,-0.104866,-0.215654,-1.604290,-0.171293,-0.261831,-1.800135,-0.224568,0.053700,-0.937505,-0.136084,0.092036,-1.239570,-0.178617,0.105450,-1.444665,-0.223226,0.100335,-1.631388,-0.260071
OPEN_PALM,-0.000000,0.000000,0.000000,-0.289906,-0.055900,-0.082469,-0.544322,-0.258576,-0.122482,-0.727260,-0.452324,-0.175316,-0.883642,-0.549951,-0.232546,-0.410646,-0.837674,0.040522,-0.574575,-1.113495,0.009132,-0.664229,-1.287526,-0.026871,-0.735258,-1.443166,-0.057883,-0.261523,-0.965197,0.012039,-0.367284,-1.344110,0.005826,-0.418467,-1.579878,-0.043287,-0.458972,-1.779549,-0.092440,-0.104170,-0.987853,-0.040601,-0.150246,-1.355825,-0.071467,-0.186107,-1.604038,-0.139395,-0.224720,-1.808542,-0.193589,0.066350,-0.930617,-0.109260,0.115713,-1.229170,-0.147583,0.135363,-1.421350,-0.190540,0.136608,-1.592784,-0.225773
OPEN_PALM,-0.000000,0.000000,0.000000,-0.287002,-0.054951,-0.086802,-0.542645,-0.260205,-0.128643,-0.728716,-0.446964,-0.182339,-0.886514,-0.531372,-0.240026,-0.411109,-0.838121,0.031751,-0.572271,-1.114994,-0.000479,-0.659954,-1.291747,-0.037397,-0.728037,-1.450291,-0.069513,-0.261305,-0.965256,0.005661,-0.362743,-1.342334,0.000566,-0.411313,-1.574812,-0.047861,-0.449916,-1.776153,-0.097864,-0.104369,-0.986777,-0.044487,-0.143795,-1.350109,-0.073484,-0.173611,-1.592978,-0.140792,-0.206224,-1.797050,-0.195913,0.064252,-0.927141,-0.110911,0.126140,-1.216471,-0.146494,0.158550,-1.398183,-0.188141,0.172956,-1.563434,-0.223338
OPEN_PALM,-0.000000,0.000000,0.000000,-0.293947,-0.055440,-0.110918,-0.554355,-0.251786,-0.172163,-0.748998,-0.420920,-0.241417,-0.911256,-0.493500,-0.313778,-0.404787,-0.846387,-0.005268,-0.563813,-1.132800,-0.047529,-0.647480,-1.315042,-0.092077,-0.711146,-1.476827,-0.130430,-0.243831,-0.969818,-0.025253,-0.338801,-1.353501,-0.036487,-0.383290,-1.591276,-0.090558,-0.416047,-1.800759,-0.147043,-0.077339,-0.985425,-0.070297,-0.099233,-1.358840,-0.102336,-0.118057,-1.607240,-0.175561,-0.139705,-1.817921,-0.237717,0.096700,-0.917020,-0.133043,0.178869,-1.210904,-0.170690,0.228889,-1.395192,-0.215224,0.260815,-1.566666,-0.254565
OPEN_PALM,-0.000000,0.000000,0.000000,-0.294778,-0.052579,-0.093099,-0.552578,-0.253593,-0.151066,-0.749037,-0.400887,-0.220233,-0.909525,-0.434655,-0.292929,-0.403278,-0.848211,-0.007207,-0.559994,-1.133523,-0.051429,-0.641361,-1.315242,-0.098575,-0.703259,-1.476131,-0.138441,-0.236502,-0.971631,-0.033935,-0.319810,-1.355068,-0.045156,-0.359704,-1.585016,-0.097726,-0.387795,-1.789562,-0.154373,-0.065532,-0.985774,-0.083243,-0.072677,-1.365210,-0.111278,-0.081274,-1.611622,-0.182647,-0.092963,-1.819193,-0.246060,0.107746,-0.910779,-0.148396,0.209955,-1.205784,-0.179244,0.280469,-1.391923,-0.220183,0.334058,-1.567564,-0.259658
OPEN_PALM,-0.000000,0.000000,0.000000,-0.295767,-0.050298,-0.080300,-0.553821,-0.243388,-0.137569,-0.753270,-0.378629,-0.208048,-0.911164,-0.401569,-0.282047,-0.400006,-0.847692,-0.010258,-0.550461,-1.129314,-0.057576,-0.631383,-1.308805,-0.105175,-0.693257,-1.466118,-0.144974,-0.234697,-0.972069,-0.044683,-0.311682,-1.357455,-0.059205,-0.351255,-1.588199,-0.109993,-0.378988,-1.795319,-0.166143,-0.064871,-0.983292,-0.100119,-0.060167,-1.370836,-0.130679,-0.060931,-1.625627,-0.201015,-0.065655,-1.839268,-0.264438,0.107234,-0.900270,-0.169912,0.224094,-1.196412,-0.200021,0.308450,-1.382000,-0.238598,0.376065,-1.554005,-0.277474
OPEN_PALM,-0.000000,0.000000,0.000000,-0.291588,-0.055043,-0.093486,-0.549471,-0.236037,-0.162241,-0.752837,-0.353721,-0.242869,-0.918941,-0.353849,-0.327841,-0.394770,-0.846894,-0.040127,-0.543627,-1.128453,-0.100862,-0.622301,-1.310050,-0.156739,-0.679341,-1.470157,-0.201650,-0.226672,-0.973971,-0.074789,-0.303052,-1.373071,-0.104149,-0.339159,-1.615868,-0.163295,-0.362161,-1.834817,-0.225258,-0.055738,-0.987072,-0.130709,-0.047638,-1.383746,-0.172982,-0.044955,-1.642813,-0.250517,-0.047147,-1.861965,-0.318278,0.116390,-0.901394,-0.201916,0.237744,-1.201355,-0.240925,0.323637,-1.393787,-0.285016,0.392109,-1.573436,-0.327852
OPEN_PALM,-0.000000,0.000000,0.000000,-0.289334,-0.052452,-0.105830,-0.543913,-0.229923,-0.182763,-0.747503,-0.346806,-0.270686,-0.920610,-0.338696,-0.362857,-0.408187,-0.842896,-0.049801,-0.557034,-1.124809,-0.114631,-0.633951,-1.308302,-0.174487,-0.690006,-1.470558,-0.222108,-0.239462,-0.970906,-0.081687,-0.313472,-1.360404,-0.113068,-0.348819,-1.595970,-0.174022,-0.372716,-1.810343,-0.237312,-0.067543,-0.987184,-0.136316,-0.060590,-1.380435,-0.180295,-0.059413,-1.632754,-0.258917,-0.063916,-1.849392,-0.328148,0.107527,-0.908676,-0.207514,0.228901,-1.201358,-0.247355,0.316270,-1.385495,-0.291603,0.384185,-1.561818,-0.335149
OPEN_PALM,-0.000000,0.000000,0.000000,-0.301031,-0.039465,-0.124958,-0.564196,-0.211974,-0.214508,-0.777785,-0.321260,-0.312460,-0.952932,-0.316224,-0.415233,-0.425692,-0.833151,-0.074275,-0.576136,-1.122850,-0.147834,-0.654324,-1.310082,-0.213104,-0.712741,-1.480651,-0.264644,-0.250319,-0.968163,-0.100927,-0.323979,-1.362110,-0.138918,-0.363758,-1.601867,-0.203272,-0.391329,-1.822850,-0.270591,-0.074551,-0.982519,-0.152118,-0.055787,-1.383536,-0.205323,-0.049394,-1.649603,-0.291577,-0.049154,-1.882677,-0.366601,0.102926,-0.898647,-0.221017,0.236310,-1.189479,-0.266520,0.331394,-1.380231,-0.315902,0.405235,-1.566351,-0.364109
OPEN_PALM,-0.000000,0.000000,0.000000,-0.295331,-0.046271,-0.117768,-0.556948,-0.214924,-0.206100,-0.773347,-0.306394,-0.304196,-0.946400,-0.286985,-0.407293,-0.417156,-0.840250,-0.066363,-0.566520,-1.118686,-0.139868,-0.646347,-1.295712,-0.207381,-0.705251,-1.458735,-0.260305,-0.244105,-0.969749,-0.095918,-0.314540,-1.347791,-0.134371,-0.353543,-1.576428,-0.201099,-0.379405,-1.790668,-0.269927,-0.073481,-0.979109,-0.149358,-0.054810,-1.372801,-0.203388,-0.047947,-1.630369,-0.292035,-0.045893,-1.860405,-0.368607,0.095799,-0.890842,-0.219608,0.225071,-1.168642,-0.263192,0.323199,-1.350646,-0.312188,0.402393,-1.531351,-0.360936
OPEN_PALM,-0.000000,0.000000,0.000000,-0.298670,-0.041968,-0.116509,-0.563053,-0.192594,-0.208865,-0.781806,-0.281890,-0.310635,-0.955959,-0.281981,-0.417693,-0.421104,-0.837211,-0.079190,-0.570774,-1.120526,-0.154568,-0.651044,-1.303362,-0.220958,-0.711314,-1.471001,-0.273583,-0.245048,-0.969511,-0.111237,-0.318776,-1.364739,-0.152059,-0.360475,-1.603099,-0.216089,-0.390172,-1.826336,-0.283692,-0.069195,-0.980277,-0.165987,-0.051955,-1.382107,-0.220623,-0.044350,-1.640901,-0.304585,-0.043547,-1.871560,-0.378582,0.105113,-0.888422,-0.237441,0.234711,-1.170699,-0.283200,0.332693,-1.349443,-0.329978,0.409385,-1.526404,-0.376636
OPEN_PALM,-0.000000,0.000000,0.000000,-0.292128,-0.032710,-0.136623,-0.567796,-0.185733,-0.243450,-0.806788,-0.272119,-0.355082,-0.995522,-0.273155,-0.471645,-0.441918,-0.827501,-0.115101,-0.596462,-1.113725,-0.200244,-0.677819,-1.293791,-0.271527,-0.736282,-1.454427,-0.326618,-0.266836,-0.963742,-0.138677,-0.347005,-1.356825,-0.188348,-0.390120,-1.596569,-0.257291,-0.418201,-1.815551,-0.328267,-0.090025,-0.980071,-0.184746,-0.080413,-1.380983,-0.244963,-0.075325,-1.646240,-0.331827,-0.073433,-1.882497,-0.408137,0.085875,-0.898673,-0.248525,0.213219,-1.183849,-0.298614,0.308235,-1.370867,-0.348288,0.382637,-1.557346,-0.397552
OPEN_PALM,-0.000000,0.000000,0.000000,-0.279786,-0.037519,-0.098849,-0.542061,-0.173398,-0.183565,-0.767828,-0.239052,-0.279733,-0.931624,-0.231542,-0.381558,-0.441907,-0.823553,-0.068195,-0.598646,-1.095826,-0.144536,-0.683688,-1.267926,-0.212621,-0.746837,-1.425293,-0.263546,-0.275453,-0.961314,-0.103887,-0.350226,-1.345184,-0.149960,-0.391216,-1.562937,-0.214547,-0.416663,-1.751778,-0.278312,-0.105250,-0.980172,-0.159752,-0.099994,-1.373524,-0.216590,-0.099349,-1.620338,-0.299054,-0.100354,-1.836112,-0.368668,0.067762,-0.906815,-0.230587,0.191857,-1.184173,-0.273169,0.276758,-1.367903,-0.318849,0.343348,-1.544854,-0.363971
OPEN_PALM,-0.000000,0.000000,0.000000,-0.286738,-0.032509,-0.099597,-0.555406,-0.175094,-0.183214,-0.781796,-0.246962,-0.279105,-0.957219,-0.222906,-0.379918,-0.450999,-0.821478,-0.053892,-0.604705,-1.098854,-0.123216,-0.690167,-1.271106,-0.186974,-0.754936,-1.428051,-0.235853,-0.280621,-0.959819,-0.088715,-0.353858,-1.337556,-0.125120,-0.394945,-1.550523,-0.184271,-0.421336,-1.738834,-0.244902,-0.108672,-0.979933,-0.145053,-0.103507,-1.366458,-0.193897,-0.102727,-1.613392,-0.270535,-0.102862,-1.834065,-0.337286,0.065998,-0.911316,-0.217281,0.189210,-1.192839,-0.255876,0.276209,-1.381057,-0.298161,0.347191,-1.570787,-0.340869
OPEN_PALM,-0.000000,0.000000,0.000000,-0.290518,-0.025562,-0.107709,-0.564025,-0.151354,-0.195804,-0.792673,-0.222545,-0.292972,-0.981232,-0.216657,-0.396295,-0.459014,-0.815651,-0.084917,-0.636118,-1.103277,-0.162785,-0.734364,-1.284525,-0.229800,-0.813775,-1.454777,-0.281204,-0.282008,-0.959412,-0.116568,-0.375247,-1.353418,-0.166303,-0.423798,-1.579818,-0.228983,-0.459728,-1.785373,-0.291243,-0.106555,-0.983058,-0.168137,-0.112506,-1.377133,-0.229222,-0.113736,-1.629473,-0.307601,-0.116612,-1.851157,-0.373375,0.069760,-0.912006,-0.235389,0.185406,-1.202078,-0.286180,0.268126,-1.393388,-0.332521,0.334248,-1.578244,-0.375790
OPEN_PALM,-0.000000,0.000000,0.000000,-0.281548,-0.022225,-0.123651,-0.571130,-0.147847,-0.228444,-0.822697,-0.196285,-0.340202,-1.020414,-0.158593,-0.458479,-0.470841,-0.802626,-0.122354,-0.658318,-1.094447,-0.215075,-0.765039,-1.283465,-0.292726,-0.851632,-1.465367,-0.353477,-0.300479,-0.953788,-0.155472,-0.409425,-1.358260,-0.218683,-0.466289,-1.601825,-0.292671,-0.508607,-1.826820,-0.366813,-0.122419,-0.982906,-0.208408,-0.136133,-1.391718,-0.283381,-0.145765,-1.661686,-0.376646,-0.158786,-1.903346,-0.455420,0.061783,-0.914405,-0.277245,0.183272,-1.211044,-0.339805,0.273030,-1.403326,-0.395718,0.342803,-1.595817,-0.448799
OPEN_PALM,-0.000000,0.000000,0.000000,-0.281289,-0.046410,-0.135902,-0.560287,-0.180634,-0.247029,-0.818377,-0.249811,-0.361014,-1.025128,-0.266391,-0.478801,-0.382950,-0.839157,-0.133619,-0.554173,-1.184920,-0.219785,-0.658915,-1.395410,-0.287841,-0.745445,-1.600994,-0.342015,-0.190341,-0.981718,-0.156762,-0.275649,-1.419523,-0.209880,-0.323179,-1.677968,-0.269593,-0.356345,-1.919288,-0.334818,0.000134,-0.988401,-0.200015,0.007935,-1.417087,-0.271915,0.012835,-1.707648,-0.353319,0.014241,-1.964948,-0.423271,0.186864,-0.891682,-0.259666,0.331833,-1.188023,-0.317597,0.441538,-1.382067,-0.363586,0.529831,-1.570354,-0.409015
OPEN_PALM,-0.000000,0.000000,0.000000,-0.283494,-0.047262,-0.139670,-0.567027,-0.187950,-0.253505,-0.827828,-0.278201,-0.369587,-1.034204,-0.308074,-0.490689,-0.373828,-0.852956,-0.140054,-0.531208,-1.201037,-0.226824,-0.628306,-1.415767,-0.296405,-0.703131,-1.620187,-0.352712,-0.182523,-0.983202,-0.165206,-0.255821,-1.427402,-0.216921,-0.297051,-1.695756,-0.281705,-0.320000,-1.937885,-0.352983,0.009183,-0.978285,-0.210869,0.032513,-1.410293,-0.280280,0.045373,-1.704230,-0.369461,0.054842,-1.957645,-0.447290,0.201444,-0.870881,-0.272997,0.359339,-1.169066,-0.337821,0.469201,-1.364210,-0.393289,0.555744,-1.553573,-0.445779
OPEN_PALM,-0.000000,0.000000,0.000000,-0.267868,-0.078444,-0.140280,-0.538395,-0.243302,-0.240894,-0.790524,-0.346174,-0.343345,-0.992896,-0.387564,-0.449258,-0.309321,-0.879154,-0.098564,-0.455270,-1.217439,-0.166931,-0.547314,-1.422940,-0.227136,-0.619067,-1.619640,-0.277251,-0.118164,-0.992994,-0.115028,-0.179727,-1.426265,-0.151718,-0.218932,-1.689909,-0.212365,-0.242944,-1.925223,-0.278778,0.067098,-0.974263,-0.154160,0.100693,-1.384931,-0.208766,0.111410,-1.662821,-0.295205,0.115891,-1.905705,-0.369551,0.246321,-0.849493,-0.210919,0.403421,-1.127590,-0.263298,0.505738,-1.320926,-0.317562,0.586523,-1.509054,-0.368139
OPEN_PALM,-0.000000,0.000000,0.000000,-0.267198,-0.088471,-0.133002,-0.535779,-0.251827,-0.220157,-0.780151,-0.341996,-0.312427,-0.978414,-0.337418,-0.406795,-0.334329,-0.867290,-0.063193,-0.477674,-1.195803,-0.127301,-0.559525,-1.399212,-0.187508,-0.621860,-1.588681,-0.234617,-0.151709,-0.988425,-0.078618,-0.212813,-1.401652,-0.105104,-0.237093,-1.644827,-0.162113,-0.250240,-1.862752,-0.223318,0.025644,-0.988607,-0.118971,0.050582,-1.370497,-0.154212,0.064483,-1.615785,-0.227761,0.068712,-1.833108,-0.294666,0.198535,-0.889192,-0.179987,0.333130,-1.162577,-0.212948,0.424077,-1.343266,-0.258469,0.496674,-1.522695,-0.303791
OPEN_PALM,-0.000000,0.000000,0.000000,-0.282879,-0.075957,-0.123593,-0.552804,-0.234885,-0.213802,-0.789149,-0.341497,-0.312177,-0.985105,-0.380199,-0.413901,-0.356973,-0.868140,-0.060905,-0.499026,-1.195050,-0.127449,-0.576942,-1.395296,-0.189471,-0.636958,-1.582305,-0.238878,-0.177980,-0.984034,-0.085523,-0.244747,-1.392157,-0.117721,-0.274505,-1.638230,-0.176933,-0.291724,-1.856329,-0.239517,-0.004050,-0.984286,-0.134245,0.013621,-1.373549,-0.175873,0.018100,-1.623962,-0.247401,0.016531,-1.835204,-0.312601,0.167205,-0.890035,-0.202489,0.303467,-1.166637,-0.241997,0.392973,-1.348154,-0.285440,0.461242,-1.520218,-0.328166
OPEN_PALM,-0.000000,0.000000,0.000000,-0.269748,-0.074203,-0.133525,-0.531515,-0.235795,-0.220715,-0.763249,-0.345927,-0.313611,-0.951649,-0.370688,-0.407858,-0.341093,-0.865378,-0.049691,-0.485506,-1.185390,-0.106449,-0.565915,-1.383754,-0.161226,-0.623903,-1.564948,-0.204992,-0.167034,-0.985951,-0.063899,-0.235846,-1.386644,-0.081954,-0.266003,-1.637511,-0.133690,-0.282130,-1.855819,-0.191516,0.003398,-0.986304,-0.103905,0.016131,-1.372309,-0.133548,0.020431,-1.621917,-0.198980,0.018712,-1.829649,-0.260151,0.173704,-0.893837,-0.164935,0.305700,-1.170171,-0.194884,0.391857,-1.354426,-0.232870,0.454923,-1.525867,-0.271100
OPEN_PALM,-0.000000,0.000000,0.000000,-0.272616,-0.070335,-0.137623,-0.538174,-0.234200,-0.230219,-0.773579,-0.344760,-0.328954,-0.975617,-0.365693,-0.430230,-0.349566,-0.867384,-0.060691,-0.490955,-1.187766,-0.122634,-0.571595,-1.385953,-0.183096,-0.634309,-1.570718,-0.231597,-0.177360,-0.984146,-0.076398,-0.242142,-1.379256,-0.098839,-0.274013,-1.621334,-0.154682,-0.294836,-1.836021,-0.215734,-0.007994,-0.985608,-0.117887,0.009731,-1.367226,-0.149968,0.014135,-1.617880,-0.218404,0.010129,-1.827460,-0.282694,0.160787,-0.895014,-0.180595,0.293051,-1.173622,-0.212652,0.381702,-1.358227,-0.252003,0.446962,-1.529761,-0.292072
OPEN_PALM,-0.000000,0.000000,0.000000,-0.273035,-0.077917,-0.127160,-0.534579,-0.247821,-0.210935,-0.763585,-0.361280,-0.303376,-0.955306,-0.382619,-0.398126,-0.353261,-0.866991,-0.033183,-0.498805,-1.185808,-0.087667,-0.580388,-1.382556,-0.144685,-0.645309,-1.566197,-0.191323,-0.184345,-0.982862,-0.052048,-0.248918,-1.379308,-0.067836,-0.279592,-1.621173,-0.122355,-0.300199,-1.832555,-0.182085,-0.016075,-0.984991,-0.097364,0.001309,-1.365757,-0.125118,0.006820,-1.614687,-0.193861,0.002841,-1.823210,-0.257913,0.153244,-0.896838,-0.163460,0.284016,-1.174466,-0.192214,0.371610,-1.357141,-0.231133,0.435445,-1.527882,-0.270712
OPEN_PALM,-0.000000,0.000000,0.000000,-0.274779,-0.074647,-0.143844,-0.539440,-0.244993,-0.241196,-0.772608,-0.356171,-0.344093,-0.976532,-0.376253,-0.450303,-0.358894,-0.865202,-0.071383,-0.509478,-1.182836,-0.140995,-0.594623,-1.379799,-0.207632,-0.661817,-1.564228,-0.260611,-0.187200,-0.982322,-0.087321,-0.257011,-1.382824,-0.120316,-0.289316,-1.626731,-0.185118,-0.311312,-1.842300,-0.251847,-0.016998,-0.984722,-0.129456,-0.006415,-1.370102,-0.171731,-0.006221,-1.620136,-0.249362,-0.014616,-1.830943,-0.319071,0.153996,-0.895533,-0.192648,0.282703,-1.176503,-0.232645,0.369419,-1.362597,-0.278570,0.431751,-1.538463,-0.323360
OPEN_PALM,-0.000000,0.000000,0.000000,-0.276733,-0.072538,-0.141210,-0.545991,-0.251123,-0.239268,-0.779855,-0.369514,-0.342337,-0.985117,-0.386054,-0.449700,-0.379196,-0.859440,-0.090655,-0.532952,-1.180507,-0.166942,-0.620761,-1.379700,-0.235641,-0.692026,-1.566923,-0.289722,-0.207757,-0.978181,-0.109003,-0.278235,-1.383432,-0.150923,-0.315090,-1.626078,-0.216801,-0.343724,-1.844583,-0.283819,-0.035956,-0.982863,-0.151702,-0.026499,-1.372714,-0.201351,-0.029666,-1.621489,-0.278791,-0.042382,-1.832835,-0.347624,0.137986,-0.898660,-0.214595,0.263818,-1.183967,-0.260060,0.346419,-1.370781,-0.307034,0.404804,-1.547904,-0.352190
OPEN_PALM,-0.000000,0.000000,0.000000,-0.269058,-0.089482,-0.114475,-0.523499,-0.287540,-0.193181,-0.738923,-0.421445,-0.280977,-0.929624,-0.449613,-0.372927,-0.355032,-0.869855,-0.050781,-0.499040,-1.184227,-0.112998,-0.583572,-1.380023,-0.173143,-0.652674,-1.562222,-0.221932,-0.186503,-0.982455,-0.075455,-0.245932,-1.379009,-0.105570,-0.277925,-1.614252,-0.164628,-0.302098,-1.825498,-0.226168,-0.018904,-0.983234,-0.123230,-0.005044,-1.357608,-0.163953,-0.006100,-1.593096,-0.234438,-0.015214,-1.793821,-0.297583,0.150696,-0.896004,-0.189311,0.274385,-1.173000,-0.227986,0.354993,-1.354702,-0.269941,0.414204,-1.528205,-0.310653
OPEN_PALM,-0.000000,0.000000,0.000000,-0.260711,-0.094713,-0.086291,-0.517035,-0.309891,-0.140554,-0.729215,-0.453561,-0.206706,-0.911912,-0.475442,-0.276515,-0.354426,-0.878438,-0.000796,-0.488005,-1.184722,-0.042042,-0.565778,-1.373599,-0.088395,-0.628351,-1.538024,-0.127533,-0.189802,-0.981822,-0.028043,-0.244923,-1.366527,-0.037252,-0.273020,-1.588730,-0.084831,-0.295903,-1.780757,-0.137386,-0.025425,-0.979490,-0.077085,-0.016840,-1.340204,-0.100842,-0.017566,-1.574286,-0.164326,-0.026416,-1.771213,-0.222405,0.142708,-0.891760,-0.142380,0.258497,-1.162371,-0.168912,0.335520,-1.336301,-0.206114,0.395055,-1.500431,-0.243161
OPEN_PALM,-0.000000,0.000000,0.000000,-0.265007,-0.078177,-0.094380,-0.526413,-0.297995,-0.147255,-0.742951,-0.454442,-0.209175,-0.932760,-0.495465,-0.274171,-0.368183,-0.870952,-0.002941,-0.501870,-1.177468,-0.039626,-0.573889,-1.362707,-0.080705,-0.630156,-1.522982,-0.115873,-0.203948,-0.978982,-0.020921,-0.262953,-1.351488,-0.025201,-0.289586,-1.563836,-0.068825,-0.310239,-1.751915,-0.117546,-0.038341,-0.979917,-0.061183,-0.035654,-1.333640,-0.084515,-0.035384,-1.564410,-0.149263,-0.041118,-1.761080,-0.206210,0.132905,-0.895423,-0.117266,0.238196,-1.162558,-0.143769,0.307518,-1.329884,-0.182637,0.361667,-1.491621,-0.219420
OPEN_PALM,-0.000000,0.000000,0.000000,-0.282232,-0.072852,-0.098319,-0.544201,-0.286428,-0.157657,-0.749130,-0.457417,-0.226511,-0.930933,-0.520682,-0.298963,-0.369748,-0.867955,-0.024704,-0.514030,-1.179013,-0.076005,-0.598505,-1.366835,-0.127329,-0.666002,-1.532318,-0.168694,-0.206089,-0.978533,-0.046846,-0.272347,-1.358028,-0.067430,-0.308137,-1.578486,-0.122082,-0.333509,-1.771945,-0.177209,-0.043608,-0.982690,-0.090238,-0.047479,-1.339031,-0.122316,-0.057070,-1.569271,-0.188764,-0.067591,-1.758943,-0.246364,0.120624,-0.904702,-0.150367,0.220505,-1.171066,-0.180862,0.278731,-1.352147,-0.220298,0.322194,-1.521206,-0.257149
OPEN_PALM,-0.000000,0.000000,0.000000,-0.287273,-0.059939,-0.100504,-0.553360,-0.268331,-0.167500,-0.762200,-0.424101,-0.245541,-0.955446,-0.465567,-0.327934,-0.380149,-0.860841,-0.037000,-0.525858,-1.162218,-0.097305,-0.607723,-1.350018,-0.155004,-0.674085,-1.513904,-0.201437,-0.214131,-0.976805,-0.065193,-0.283370,-1.358671,-0.095787,-0.316244,-1.585614,-0.158282,-0.339530,-1.785629,-0.219452,-0.046974,-0.983936,-0.114693,-0.053195,-1.349925,-0.155505,-0.060061,-1.582770,-0.226683,-0.067851,-1.775996,-0.288084,0.124518,-0.905938,-0.181005,0.224596,-1.186239,-0.219099,0.283242,-1.366520,-0.260883,0.328811,-1.533250,-0.299690
OPEN_PALM,-0.000000,0.000000,0.000000,-0.282717,-0.080360,-0.090524,-0.546106,-0.303269,-0.141760,-0.755375,-0.457188,-0.204660,-0.933401,-0.490610,-0.271027,-0.381743,-0.865234,0.004933,-0.522478,-1.148695,-0.036188,-0.600371,-1.321547,-0.079000,-0.660947,-1.468989,-0.114717,-0.226770,-0.973948,-0.021893,-0.301401,-1.345805,-0.032609,-0.332441,-1.569044,-0.083857,-0.354889,-1.764527,-0.137447,-0.066281,-0.977961,-0.071813,-0.081615,-1.334155,-0.100671,-0.089883,-1.570978,-0.170202,-0.104389,-1.774600,-0.229745,0.104878,-0.898938,-0.137837,0.191198,-1.176078,-0.169660,0.243405,-1.357403,-0.211166,0.278301,-1.531535,-0.249539
OPEN_PALM,-0.000000,0.000000,0.000000,-0.295648,-0.080947,-0.098985,-0.563744,-0.315298,-0.156243,-0.777361,-0.474996,-0.224439,-0.971250,-0.509851,-0.295853,-0.382109,-0.865293,-0.001272,-0.523755,-1.165572,-0.044505,-0.601363,-1.349361,-0.090094,-0.659531,-1.511668,-0.128552,-0.224045,-0.974579,-0.025803,-0.296580,-1.362398,-0.037537,-0.329267,-1.593307,-0.091422,-0.350240,-1.796671,-0.148331,-0.060659,-0.979307,-0.074683,-0.072277,-1.345208,-0.103859,-0.095053,-1.579190,-0.175191,-0.119382,-1.780482,-0.237369,0.111124,-0.905297,-0.140621,0.213088,-1.193552,-0.173260,0.267032,-1.383441,-0.216725,0.303258,-1.564626,-0.257558
OPEN_PALM,-0.000000,0.000000,0.000000,-0.293481,-0.094098,-0.091181,-0.553389,-0.329170,-0.148767,-0.756735,-0.499330,-0.218163,-0.939423,-0.548858,-0.291262,-0.366506,-0.874867,-0.009680,-0.497091,-1.183045,-0.057233,-0.570932,-1.370688,-0.103051,-0.627613,-1.536041,-0.140729,-0.202956,-0.979188,-0.038893,-0.260798,-1.372753,-0.057371,-0.290338,-1.605036,-0.108564,-0.312078,-1.811001,-0.161815,-0.039605,-0.978351,-0.090632,-0.038607,-1.351136,-0.124778,-0.051210,-1.588872,-0.190420,-0.066863,-1.790953,-0.247091,0.128237,-0.898226,-0.158723,0.231309,-1.178385,-0.191659,0.288731,-1.362043,-0.230404,0.330263,-1.536955,-0.266875
OPEN_PALM,-0.000000,0.000000,0.000000,-0.287988,-0.096459,-0.096397,-0.546769,-0.328569,-0.155529,-0.750104,-0.492429,-0.225456,-0.923137,-0.540458,-0.298569,-0.354200,-0.876383,-0.012136,-0.489756,-1.182011,-0.056224,-0.560841,-1.370785,-0.102060,-0.612164,-1.536677,-0.140368,-0.191810,-0.981432,-0.036908,-0.248774,-1.372401,-0.049669,-0.271778,-1.603196,-0.100392,-0.284737,-1.802975,-0.154294,-0.027008,-0.981184,-0.083940,-0.026806,-1.347148,-0.109488,-0.038180,-1.587156,-0.175263,-0.052100,-1.789486,-0.234499,0.143187,-0.900081,-0.147887,0.247674,-1.177874,-0.174639,0.307326,-1.364531,-0.212823,0.351886,-1.543965,-0.250262
OPEN_PALM,-0.000000,0.000000,0.000000,-0.288313,-0.094040,-0.086899,-0.548019,-0.332662,-0.132970,-0.751358,-0.500767,-0.192541,-0.929360,-0.547561,-0.254771,-0.358134,-0.874414,0.034547,-0.492457,-1.169448,0.003721,-0.564944,-1.353756,-0.035447,-0.620221,-1.517426,-0.069672,-0.200222,-0.979751,0.008045,-0.263264,-1.356456,0.010436,-0.286528,-1.582318,-0.035852,-0.301783,-1.782537,-0.087023,-0.040411,-0.983901,-0.043549,-0.046956,-1.334708,-0.060185,-0.057244,-1.570037,-0.124578,-0.072367,-1.774238,-0.182444,0.125922,-0.909501,-0.112410,0.222285,-1.183265,-0.134796,0.279669,-1.358368,-0.172461,0.319730,-1.527088,-0.209198
OPEN_PALM,-0.000000,0.000000,0.000000,-0.289570,-0.088497,-0.098029,-0.550768,-0.325897,-0.148321,-0.753359,-0.496392,-0.209657,-0.933651,-0.544105,-0.273292,-0.370083,-0.870189,0.021592,-0.504009,-1.164462,-0.011126,-0.572422,-1.348625,-0.050828,-0.621096,-1.508799,-0.085140,-0.210449,-0.977605,0.000904,-0.275482,-1.357508,0.000546,-0.296798,-1.585703,-0.048191,-0.309348,-1.785004,-0.100580,-0.047588,-0.983256,-0.045119,-0.055838,-1.335974,-0.063991,-0.064918,-1.568994,-0.130631,-0.079134,-1.769080,-0.189434,0.122905,-0.910549,-0.108946,0.215236,-1.186873,-0.133749,0.269969,-1.364727,-0.173480,0.306673,-1.536303,-0.211043
OPEN_PALM,-0.000000,0.000000,0.000000,-0.285644,-0.089900,-0.090711,-0.538889,-0.326804,-0.138119,-0.736456,-0.494774,-0.197754,-0.914571,-0.536756,-0.260082,-0.358313,-0.873102,0.026932,-0.491026,-1.162693,-0.004114,-0.561961,-1.344370,-0.042278,-0.613272,-1.501384,-0.075126,-0.201146,-0.979561,0.003549,-0.260846,-1.360161,0.005707,-0.281696,-1.587839,-0.039578,-0.294923,-1.783666,-0.089468,-0.040680,-0.983665,-0.044656,-0.047793,-1.338814,-0.059625,-0.057132,-1.571630,-0.121694,-0.072612,-1.769941,-0.177861,0.127651,-0.909296,-0.110451,0.219547,-1.184849,-0.132249,0.272276,-1.368820,-0.169085,0.306025,-1.545791,-0.204751
OPEN_PALM,-0.000000,0.000000,0.000000,-0.289901,-0.087182,-0.100696,-0.544209,-0.324686,-0.151995,-0.742447,-0.492038,-0.214522,-0.921174,-0.531363,-0.280062,-0.361823,-0.872619,0.021372,-0.496280,-1.171977,-0.012846,-0.565393,-1.359916,-0.054355,-0.614999,-1.523401,-0.089659,-0.198909,-0.980018,0.001280,-0.261170,-1.368424,0.001110,-0.281474,-1.601638,-0.048107,-0.294611,-1.801967,-0.100957,-0.035203,-0.985464,-0.044965,-0.041987,-1.347749,-0.063508,-0.049877,-1.586015,-0.131019,-0.064961,-1.786423,-0.190690,0.134029,-0.911921,-0.109765,0.227596,-1.189937,-0.135247,0.280405,-1.372316,-0.175907,0.312178,-1.546197,-0.214183
OPEN_PALM,-0.000000,0.000000,0.000000,-0.291835,-0.085104,-0.095013,-0.544013,-0.309598,-0.149187,-0.736099,-0.475420,-0.215766,-0.912367,-0.518276,-0.285714,-0.370139,-0.873773,0.012525,-0.506169,-1.173142,-0.027064,-0.579654,-1.357102,-0.071093,-0.635373,-1.517099,-0.108175,-0.206130,-0.978525,-0.014025,-0.269516,-1.364922,-0.021692,-0.292618,-1.596717,-0.072966,-0.308029,-1.797568,-0.127239,-0.043135,-0.981904,-0.065475,-0.052052,-1.345543,-0.091383,-0.062340,-1.583821,-0.160248,-0.077683,-1.784355,-0.220428,0.124519,-0.904668,-0.134504,0.218982,-1.185904,-0.165128,0.276022,-1.366103,-0.206574,0.314621,-1.535365,-0.245476
OPEN_PALM,-0.000000,0.000000,0.000000,-0.290294,-0.081543,-0.087736,-0.542448,-0.307559,-0.135713,-0.738863,-0.465694,-0.197832,-0.914106,-0.498331,-0.262820,-0.367110,-0.868984,0.032577,-0.506061,-1.163813,0.000119,-0.577153,-1.350934,-0.040580,-0.629704,-1.514652,-0.075661,-0.205249,-0.978710,0.005525,-0.271736,-1.364749,0.006379,-0.295357,-1.596694,-0.040362,-0.310704,-1.795093,-0.091502,-0.041555,-0.984277,-0.046835,-0.043096,-1.349980,-0.064117,-0.046962,-1.590022,-0.128235,-0.058069,-1.790554,-0.185760,0.126746,-0.907255,-0.116841,0.229125,-1.186990,-0.140173,0.289611,-1.367572,-0.177257,0.330106,-1.536454,-0.212950
OPEN_PALM,-0.000000,0.000000,0.000000,-0.285594,-0.080410,-0.097404,-0.539511,-0.294408,-0.155032,-0.744369,-0.438669,-0.226042,-0.924904,-0.468296,-0.299605,-0.360644,-0.870639,0.020665,-0.500037,-1.169243,-0.016588,-0.572100,-1.353851,-0.062156,-0.626103,-1.519776,-0.101020,-0.193853,-0.981031,-0.004577,-0.256852,-1.364316,-0.006143,-0.286424,-1.591402,-0.056097,-0.307641,-1.790428,-0.110737,-0.027431,-0.985323,-0.056011,-0.007814,-1.352578,-0.074751,-0.004931,-1.593797,-0.141724,-0.011095,-1.795975,-0.202534,0.138418,-0.905025,-0.125773,0.250885,-1.184883,-0.148654,0.320414,-1.363300,-0.185960,0.370493,-1.530909,-0.222914
OPEN_PALM,-0.000000,0.000000,0.000000,-0.283939,-0.079642,-0.106062,-0.543138,-0.285601,-0.172044,-0.754877,-0.425405,-0.248702,-0.934920,-0.457253,-0.327492,-0.373411,-0.865599,-0.006114,-0.512958,-1.159993,-0.051647,-0.584882,-1.342889,-0.100687,-0.639468,-1.508928,-0.140706,-0.203749,-0.979023,-0.027694,-0.263863,-1.363950,-0.038045,-0.291378,-1.592609,-0.088933,-0.310747,-1.794208,-0.143575,-0.034474,-0.985020,-0.074647,-0.009200,-1.355194,-0.100587,0.000384,-1.599524,-0.167297,0.000590,-1.805933,-0.226918,0.133421,-0.905374,-0.139800,0.246301,-1.182902,-0.165315,0.321217,-1.361603,-0.201946,0.379467,-1.532835,-0.238407
OPEN_PALM,-0.000000,0.000000,0.000000,-0.284453,-0.084179,-0.110146,-0.543362,-0.292322,-0.179800,-0.756403,-0.424762,-0.259390,-0.935976,-0.442713,-0.341421,-0.368281,-0.865799,-0.019268,-0.508606,-1.161577,-0.071607,-0.583126,-1.344425,-0.124805,-0.638537,-1.510196,-0.167776,-0.200552,-0.979683,-0.042038,-0.264022,-1.368477,-0.060788,-0.295352,-1.598260,-0.116861,-0.316523,-1.803580,-0.175259,-0.032700,-0.985715,-0.090128,-0.004923,-1.363236,-0.124422,0.005677,-1.609757,-0.198051,0.007508,-1.820693,-0.262037,0.134231,-0.905072,-0.156299,0.250558,-1.184095,-0.187757,0.329905,-1.362781,-0.228899,0.393091,-1.535518,-0.268894
OPEN_PALM,-0.000000,0.000000,0.000000,-0.279981,-0.088639,-0.104687,-0.532933,-0.299112,-0.168293,-0.739309,-0.438675,-0.243082,-0.915186,-0.455412,-0.320101,-0.361593,-0.868369,-0.004315,-0.505794,-1.163331,-0.052016,-0.581866,-1.344772,-0.101727,-0.638654,-1.508399,-0.141986,-0.194824,-0.980838,-0.027822,-0.259534,-1.372933,-0.041592,-0.290138,-1.606925,-0.094362,-0.310605,-1.814014,-0.150033,-0.028860,-0.984913,-0.077018,-0.001952,-1.360524,-0.106380,0.010023,-1.608076,-0.175746,0.012441,-1.819942,-0.236358,0.136416,-0.903430,-0.144564,0.250300,-1.182923,-0.172923,0.328597,-1.365930,-0.211613,0.390227,-1.542978,-0.249105
OPEN_PALM,-0.000000,0.000000,0.000000,-0.277275,-0.111715,-0.090130,-0.518419,-0.360605,-0.138042,-0.704904,-0.552314,-0.198432,-0.878884,-0.612840,-0.261945,-0.345995,-0.877314,0.017313,-0.491007,-1.163522,-0.023041,-0.565956,-1.339253,-0.065434,-0.623567,-1.499454,-0.101059,-0.184893,-0.982759,-0.010394,-0.248319,-1.361832,-0.022591,-0.277308,-1.589272,-0.074328,-0.300784,-1.794520,-0.127685,-0.027047,-0.982275,-0.062793,-0.009702,-1.343043,-0.095576,-0.001483,-1.583113,-0.166722,-0.004006,-1.792827,-0.225676,0.129877,-0.897781,-0.131494,0.234146,-1.161813,-0.164290,0.300401,-1.333057,-0.205656,0.348017,-1.498368,-0.242922
OPEN_PALM,-0.000000,0.000000,0.000000,-0.272845,-0.117741,-0.090410,-0.500851,-0.395632,-0.128980,-0.662501,-0.634875,-0.177766,-0.813063,-0.745504,-0.228157,-0.350385,-0.879583,0.034365,-0.493465,-1.174116,0.006013,-0.571175,-1.354819,-0.025937,-0.631183,-1.514901,-0.054198,-0.196904,-0.980423,0.014867,-0.262726,-1.366052,0.013823,-0.291838,-1.598822,-0.031534,-0.314599,-1.803616,-0.078941,-0.039147,-0.982244,-0.029185,-0.035306,-1.345223,-0.052825,-0.033741,-1.590285,-0.118115,-0.041181,-1.803524,-0.172037,0.124777,-0.906477,-0.089172,0.216398,-1.183338,-0.116428,0.268449,-1.363405,-0.154473,0.300271,-1.538463,-0.188272
OPEN_PALM,-0.000000,0.000000,0.000000,-0.272332,-0.126415,-0.069410,-0.482951,-0.415437,-0.097346,-0.616545,-0.675520,-0.140136,-0.754507,-0.821123,-0.187554,-0.344541,-0.892112,0.060837,-0.481855,-1.183712,0.031257,-0.556221,-1.365707,-0.003059,-0.614558,-1.526400,-0.031228,-0.196373,-0.980529,0.030039,-0.258462,-1.363657,0.020084,-0.283646,-1.594780,-0.031446,-0.307722,-1.787510,-0.078443,-0.042733,-0.977016,-0.023820,-0.067224,-1.335324,-0.058662,-0.083423,-1.569341,-0.125146,-0.108739,-1.758676,-0.174544,0.122545,-0.905046,-0.092341,0.159584,-1.187039,-0.130829,0.169137,-1.358366,-0.171760,0.163619,-1.507488,-0.204025
OPEN_PALM,-0.000000,0.000000,0.000000,-0.277347,-0.127941,-0.065729,-0.475357,-0.430811,-0.094692,-0.582540,-0.710089,-0.138011,-0.705342,-0.884085,-0.185824,-0.361105,-0.895143,0.047145,-0.487913,-1.193010,0.010365,-0.554613,-1.382782,-0.026576,-0.607569,-1.548685,-0.055662,-0.210322,-0.977632,0.013791,-0.278851,-1.360637,-0.008336,-0.306781,-1.587125,-0.061667,-0.335805,-1.777912,-0.106898,-0.055083,-0.973652,-0.041171,-0.095841,-1.339276,-0.083220,-0.123866,-1.562902,-0.145506,-0.161896,-1.743111,-0.190606,0.111570,-0.905500,-0.109955,0.122151,-1.191913,-0.152579,0.116294,-1.374226,-0.193074,0.093529,-1.536984,-0.224662
OPEN_PALM,-0.000000,0.000000,0.000000,-0.276847,-0.119450,-0.081867,-0.480928,-0.415253,-0.120654,-0.591098,-0.696091,-0.170658,-0.715675,-0.872655,-0.225538,-0.368663,-0.889257,0.016564,-0.497634,-1.192875,-0.032008,-0.566721,-1.388273,-0.075240,-0.623487,-1.561028,-0.108414,-0.218477,-0.975842,-0.012959,-0.296742,-1.363493,-0.047343,-0.334594,-1.596094,-0.106822,-0.375076,-1.799080,-0.156637,-0.066013,-0.974132,-0.064459,-0.111920,-1.342270,-0.117828,-0.144192,-1.570246,-0.185893,-0.188845,-1.758845,-0.234563,0.097396,-0.906819,-0.130735,0.105299,-1.197354,-0.182687,0.096007,-1.380383,-0.228588,0.068053,-1.545574,-0.263836
OPEN_PALM,-0.000000,0.000000,0.000000,-0.273549,-0.121436,-0.079173,-0.480096,-0.410371,-0.113615,-0.597680,-0.686722,-0.160223,-0.726067,-0.861702,-0.211398,-0.367681,-0.889458,0.038020,-0.497034,-1.190361,0.000094,-0.564158,-1.383097,-0.038946,-0.618517,-1.550989,-0.070499,-0.220266,-0.975440,0.009436,-0.297930,-1.357025,-0.013276,-0.337330,-1.587987,-0.071290,-0.378178,-1.782295,-0.120882,-0.068245,-0.974515,-0.041570,-0.108251,-1.335507,-0.086984,-0.141403,-1.563197,-0.157023,-0.186116,-1.747029,-0.207514,0.095052,-0.907158,-0.107285,0.108435,-1.191835,-0.154830,0.097930,-1.367187,-0.200740,0.069549,-1.520222,-0.235760
OPEN_PALM,-0.000000,0.000000,0.000000,-0.273672,-0.126060,-0.084718,-0.480294,-0.419178,-0.121756,-0.598495,-0.697359,-0.170500,-0.727289,-0.870391,-0.223301,-0.367652,-0.888404,0.035346,-0.496828,-1.184170,-0.003414,-0.562688,-1.377628,-0.042370,-0.615543,-1.548303,-0.073966,-0.220188,-0.975457,0.008033,-0.301082,-1.352569,-0.013724,-0.340565,-1.584198,-0.070542,-0.380008,-1.784172,-0.120053,-0.066677,-0.976225,-0.042725,-0.108863,-1.339267,-0.087088,-0.142354,-1.568489,-0.155786,-0.185917,-1.759350,-0.206419,0.099602,-0.909725,-0.108941,0.117739,-1.198761,-0.155569,0.113195,-1.379269,-0.200477,0.091149,-1.543450,-0.235408
OPEN_PALM,-0.000000,0.000000,0.000000,-0.277575,-0.124693,-0.091850,-0.484716,-0.423905,-0.130561,-0.595108,-0.711997,-0.178912,-0.716259,-0.890190,-0.231246,-0.371049,-0.884341,0.021726,-0.501010,-1.189268,-0.019552,-0.565536,-1.387369,-0.058019,-0.616265,-1.561824,-0.089024,-0.218790,-0.975772,-0.001827,-0.306087,-1.355824,-0.025523,-0.346601,-1.590430,-0.080975,-0.386562,-1.793560,-0.129791,-0.062723,-0.980573,-0.048769,-0.113503,-1.343050,-0.094949,-0.152236,-1.573495,-0.162356,-0.199943,-1.763498,-0.212285,0.106929,-0.919161,-0.111673,0.122789,-1.208316,-0.159878,0.118014,-1.390539,-0.205076,0.096067,-1.555808,-0.240168
OPEN_PALM,-0.000000,0.000000,0.000000,-0.276287,-0.124039,-0.091998,-0.473056,-0.433960,-0.130776,-0.568173,-0.737429,-0.178924,-0.683427,-0.932693,-0.231304,-0.367272,-0.888919,0.016244,-0.490680,-1.197796,-0.030417,-0.551910,-1.394453,-0.072251,-0.598592,-1.562374,-0.104901,-0.212663,-0.977126,-0.007600,-0.297277,-1.361819,-0.040940,-0.338118,-1.593509,-0.103945,-0.380403,-1.792910,-0.155996,-0.057073,-0.980875,-0.054385,-0.106351,-1.347548,-0.107901,-0.145465,-1.569454,-0.180461,-0.194592,-1.748163,-0.232089,0.110097,-0.919004,-0.116441,0.120979,-1.209901,-0.169768,0.114426,-1.392398,-0.219247,0.089694,-1.554960,-0.256674
OPEN_PALM,-0.000000,0.000000,0.000000,-0.273313,-0.120852,-0.109356,-0.463104,-0.433057,-0.158518,-0.545214,-0.748476,-0.214202,-0.651367,-0.968458,-0.274382,-0.376976,-0.890045,-0.004430,-0.497306,-1.208959,-0.059632,-0.554193,-1.412960,-0.107479,-0.596320,-1.588733,-0.144876,-0.223217,-0.974769,-0.024377,-0.316895,-1.360090,-0.067916,-0.358613,-1.593991,-0.138040,-0.402455,-1.802454,-0.194895,-0.068747,-0.975919,-0.068430,-0.132684,-1.344168,-0.131697,-0.177171,-1.564889,-0.209409,-0.229560,-1.745513,-0.264460,0.100246,-0.913409,-0.128918,0.091635,-1.209057,-0.191723,0.077402,-1.392485,-0.246800,0.046811,-1.558865,-0.288256
OPEN_PALM,-0.000000,0.000000,0.000000,-0.265073,-0.119419,-0.120372,-0.438122,-0.430359,-0.178425,-0.502232,-0.753782,-0.240499,-0.595931,-0.987045,-0.307676,-0.367538,-0.894699,-0.030796,-0.478007,-1.226916,-0.096700,-0.525865,-1.437742,-0.150047,-0.560927,-1.616610,-0.191047,-0.220146,-0.975467,-0.049128,-0.326306,-1.358541,-0.107550,-0.376115,-1.586226,-0.185576,-0.429484,-1.788774,-0.245454,-0.070368,-0.974117,-0.090916,-0.149109,-1.350150,-0.169093,-0.201960,-1.568005,-0.255706,-0.260198,-1.741374,-0.314205,0.097439,-0.909231,-0.148893,0.069416,-1.204279,-0.225111,0.043570,-1.385328,-0.288098,0.004467,-1.545140,-0.333468
OPEN_PALM,-0.000000,0.000000,0.000000,-0.267165,-0.109100,-0.122696,-0.444382,-0.417208,-0.185808,-0.508339,-0.746229,-0.252602,-0.602045,-0.992679,-0.325324,-0.374995,-0.893541,-0.043772,-0.473446,-1.256688,-0.115487,-0.513004,-1.484979,-0.172451,-0.541989,-1.678686,-0.216451,-0.231565,-0.972820,-0.063524,-0.339608,-1.382784,-0.129982,-0.392509,-1.625576,-0.211459,-0.449772,-1.833432,-0.273368,-0.082798,-0.972655,-0.105931,-0.171413,-1.367600,-0.191137,-0.233015,-1.592577,-0.279671,-0.299865,-1.766448,-0.338878,0.082774,-0.907934,-0.164517,0.040460,-1.209467,-0.248572,0.002127,-1.398107,-0.314503,-0.047239,-1.562274,-0.361163
OPEN_PALM,-0.000000,0.000000,0.000000,-0.259161,-0.120811,-0.091208,-0.438152,-0.441800,-0.136101,-0.504091,-0.768847,-0.192213,-0.596788,-0.997949,-0.255262,-0.365713,-0.902048,0.012231,-0.445523,-1.263710,-0.048627,-0.479204,-1.490521,-0.102056,-0.503828,-1.692419,-0.144195,-0.235318,-0.971918,-0.022315,-0.339635,-1.365779,-0.075036,-0.387749,-1.603154,-0.152059,-0.436201,-1.816381,-0.211458,-0.096163,-0.970270,-0.079986,-0.190906,-1.356568,-0.154281,-0.254200,-1.584906,-0.237504,-0.320809,-1.772337,-0.294341,0.061955,-0.908911,-0.152765,0.008784,-1.212543,-0.228269,-0.034754,-1.402862,-0.287802,-0.086519,-1.574782,-0.330913
OPEN_PALM,-0.000000,0.000000,0.000000,-0.254072,-0.123456,-0.083667,-0.424933,-0.440928,-0.126406,-0.494117,-0.759677,-0.181731,-0.585838,-0.992008,-0.242729,-0.353831,-0.912568,0.026426,-0.429358,-1.273647,-0.025739,-0.459142,-1.496514,-0.073173,-0.482422,-1.690745,-0.111541,-0.226320,-0.974053,-0.009527,-0.318616,-1.371393,-0.053586,-0.362799,-1.604895,-0.124385,-0.412033,-1.808776,-0.179162,-0.088582,-0.966778,-0.068174,-0.175916,-1.347655,-0.133973,-0.236938,-1.568793,-0.211747,-0.303853,-1.749107,-0.264867,0.064703,-0.899155,-0.141448,0.007470,-1.191394,-0.208606,-0.039440,-1.369780,-0.262587,-0.093197,-1.527649,-0.301700
OPEN_PALM,-0.000000,0.000000,0.000000,-0.253012,-0.121889,-0.093166,-0.418450,-0.443157,-0.139807,-0.479171,-0.767703,-0.197493,-0.575543,-1.003914,-0.261137,-0.355002,-0.912107,0.016202,-0.433144,-1.269914,-0.039413,-0.463280,-1.493276,-0.088617,-0.485503,-1.689393,-0.128210,-0.228878,-0.973455,-0.016330,-0.325720,-1.368319,-0.063802,-0.369187,-1.601778,-0.136334,-0.415330,-1.808432,-0.192193,-0.092360,-0.965464,-0.072350,-0.181052,-1.348615,-0.143048,-0.242151,-1.568580,-0.223712,-0.306747,-1.750998,-0.278178,0.061370,-0.895743,-0.143352,0.003604,-1.187595,-0.216053,-0.042683,-1.367404,-0.273104,-0.094352,-1.530840,-0.313816
OPEN_PALM,-0.000000,0.000000,0.000000,-0.251400,-0.122944,-0.095963,-0.415692,-0.438913,-0.144611,-0.477137,-0.760472,-0.203350,-0.570376,-0.999604,-0.267614,-0.352926,-0.911794,0.010595,-0.429569,-1.265576,-0.045397,-0.457822,-1.487224,-0.094881,-0.478261,-1.681856,-0.134591,-0.226855,-0.973929,-0.019910,-0.320819,-1.366882,-0.068034,-0.361865,-1.600887,-0.140711,-0.405537,-1.806428,-0.196731,-0.090663,-0.964812,-0.073736,-0.176683,-1.344996,-0.144498,-0.236620,-1.562938,-0.225441,-0.299868,-1.741267,-0.280145,0.062276,-0.893717,-0.142610,0.008108,-1.181159,-0.214583,-0.036560,-1.358612,-0.271853,-0.086959,-1.518229,-0.312846
OPEN_PALM,-0.000000,0.000000,0.000000,-0.255357,-0.127017,-0.088575,-0.422348,-0.448458,-0.134950,-0.486013,-0.773264,-0.193949,-0.585693,-1.008083,-0.258925,-0.357646,-0.909735,0.018777,-0.433916,-1.273503,-0.038427,-0.463011,-1.498044,-0.089187,-0.485634,-1.696831,-0.129691,-0.230781,-0.973006,-0.016829,-0.325603,-1.373732,-0.066228,-0.368005,-1.611017,-0.140303,-0.413567,-1.818918,-0.197171,-0.094888,-0.966627,-0.075684,-0.184388,-1.348198,-0.146173,-0.244202,-1.567580,-0.226016,-0.307751,-1.746430,-0.279983,0.056369,-0.899275,-0.149528,-0.001450,-1.192375,-0.220764,-0.047516,-1.374416,-0.277083,-0.099733,-1.538645,-0.317594
OPEN_PALM,-0.000000,0.000000,0.000000,-0.253415,-0.124922,-0.091715,-0.417483,-0.442008,-0.139506,-0.476117,-0.765036,-0.199255,-0.573440,-1.005865,-0.264793,-0.356696,-0.910846,0.019828,-0.434586,-1.267628,-0.037908,-0.463752,-1.490570,-0.089820,-0.486444,-1.690883,-0.131232,-0.230188,-0.973146,-0.014322,-0.324642,-1.366985,-0.065074,-0.364772,-1.601734,-0.140363,-0.407832,-1.811519,-0.197686,-0.095132,-0.965955,-0.072386,-0.185193,-1.344422,-0.145670,-0.244574,-1.561908,-0.227929,-0.307299,-1.742954,-0.282843,0.056031,-0.897663,-0.145395,-0.004539,-1.187401,-0.219404,-0.052226,-1.366918,-0.277753,-0.105676,-1.531908,-0.319367
OPEN_PALM,-0.000000,0.000000,0.000000,-0.253471,-0.124373,-0.095251,-0.421418,-0.444515,-0.143097,-0.482008,-0.771398,-0.201344,-0.576022,-1.011797,-0.265135,-0.362250,-0.908007,0.016002,-0.442308,-1.267424,-0.038584,-0.471114,-1.493175,-0.087284,-0.490911,-1.693071,-0.126865,-0.236121,-0.971724,-0.015120,-0.336626,-1.369299,-0.061605,-0.376152,-1.610150,-0.134554,-0.416195,-1.825746,-0.191104,-0.099538,-0.965971,-0.069948,-0.193507,-1.350478,-0.140939,-0.255000,-1.576707,-0.223138,-0.317974,-1.764014,-0.278643,0.054679,-0.899163,-0.139717,-0.005488,-1.192937,-0.213062,-0.051783,-1.374289,-0.271005,-0.102569,-1.539696,-0.312362
OPEN_PALM,-0.000000,0.000000,0.000000,-0.252921,-0.123287,-0.089610,-0.422972,-0.446627,-0.137037,-0.486140,-0.769811,-0.195643,-0.578746,-1.005623,-0.260146,-0.364922,-0.911382,0.012861,-0.444142,-1.275479,-0.042242,-0.470426,-1.503324,-0.091035,-0.486063,-1.700899,-0.130618,-0.239522,-0.970891,-0.020997,-0.337105,-1.371785,-0.068147,-0.372793,-1.613631,-0.141034,-0.406881,-1.825762,-0.197672,-0.102134,-0.963004,-0.077280,-0.196803,-1.349009,-0.147663,-0.255159,-1.573804,-0.229186,-0.312549,-1.757438,-0.284737,0.052478,-0.896206,-0.147946,-0.008425,-1.188569,-0.220860,-0.055352,-1.370900,-0.278372,-0.104320,-1.537688,-0.319818
OPEN_PALM,-0.000000,0.000000,0.000000,-0.252746,-0.131775,-0.084726,-0.421640,-0.452609,-0.132111,-0.483841,-0.776307,-0.191726,-0.572357,-1.018749,-0.257026,-0.360215,-0.916625,0.018581,-0.437986,-1.285370,-0.035352,-0.463289,-1.514837,-0.083383,-0.478009,-1.712896,-0.122672,-0.234590,-0.972094,-0.018782,-0.332623,-1.378302,-0.065386,-0.368023,-1.623325,-0.137940,-0.402033,-1.837939,-0.194089,-0.096921,-0.960658,-0.078364,-0.189700,-1.348690,-0.147255,-0.247010,-1.578284,-0.227729,-0.303965,-1.764355,-0.282730,0.057519,-0.889040,-0.152047,-0.004017,-1.186818,-0.223538,-0.050521,-1.372124,-0.279625,-0.099625,-1.538704,-0.320106
OPEN_PALM,-0.000000,0.000000,0.000000,-0.251337,-0.121019,-0.087502,-0.418275,-0.446121,-0.133582,-0.477543,-0.773944,-0.191203,-0.571778,-1.011548,-0.254697,-0.364152,-0.913696,0.018128,-0.438484,-1.282333,-0.035323,-0.460309,-1.511151,-0.082602,-0.471822,-1.708084,-0.121002,-0.238011,-0.971262,-0.016530,-0.333208,-1.377242,-0.062497,-0.364951,-1.619595,-0.134473,-0.395826,-1.829610,-0.189717,-0.100236,-0.960361,-0.073787,-0.192044,-1.347941,-0.143669,-0.245412,-1.572938,-0.224649,-0.298845,-1.755288,-0.278892,0.053991,-0.888547,-0.145166,-0.009873,-1.184405,-0.218159,-0.056270,-1.365472,-0.274988,-0.104693,-1.529361,-0.315206
OPEN_PALM,-0.000000,0.000000,0.000000,-0.252674,-0.124811,-0.079793,-0.417132,-0.451607,-0.123851,-0.473021,-0.777366,-0.181327,-0.561719,-1.015694,-0.245152,-0.354016,-0.918004,0.024278,-0.426773,-1.288889,-0.031716,-0.451559,-1.516858,-0.081592,-0.466285,-1.714733,-0.121615,-0.225789,-0.974176,-0.014729,-0.315423,-1.388694,-0.064656,-0.349608,-1.633413,-0.140348,-0.383370,-1.845709,-0.197956,-0.088812,-0.961511,-0.076024,-0.173378,-1.353069,-0.148567,-0.226461,-1.578862,-0.232275,-0.279760,-1.762669,-0.287847,0.059898,-0.887076,-0.150790,-0.001123,-1.185261,-0.224083,-0.048109,-1.365179,-0.282018,-0.096862,-1.527579,-0.323288
OPEN_PALM,-0.000000,0.000000,0.000000,-0.257231,-0.123041,-0.079385,-0.424945,-0.448235,-0.122987,-0.479975,-0.775052,-0.179836,-0.570480,-1.009307,-0.242791,-0.360078,-0.914404,0.021524,-0.430700,-1.284554,-0.033702,-0.452444,-1.514638,-0.082057,-0.464391,-1.715493,-0.121055,-0.233035,-0.972468,-0.017338,-0.326007,-1.383905,-0.066102,-0.358387,-1.629775,-0.138917,-0.389539,-1.845189,-0.194636,-0.096639,-0.961148,-0.078064,-0.186614,-1.350355,-0.150112,-0.240203,-1.576518,-0.230313,-0.293547,-1.762881,-0.283452,0.053303,-0.888021,-0.152292,-0.008837,-1.184411,-0.225649,-0.054670,-1.365241,-0.281467,-0.101897,-1.530414,-0.320781
OPEN_PALM,-0.000000,0.000000,0.000000,-0.253422,-0.125012,-0.077963,-0.419760,-0.450161,-0.121219,-0.477108,-0.773482,-0.178247,-0.570709,-1.005465,-0.241487,-0.356701,-0.916600,0.026567,-0.431131,-1.281771,-0.026883,-0.455251,-1.509306,-0.074849,-0.469221,-1.707679,-0.113853,-0.231056,-0.972940,-0.012912,-0.322842,-1.382017,-0.059621,-0.354881,-1.626737,-0.132577,-0.385555,-1.840304,-0.188644,-0.095912,-0.960972,-0.074410,-0.185585,-1.349687,-0.144746,-0.239218,-1.575398,-0.225942,-0.292157,-1.761274,-0.280213,0.052795,-0.888413,-0.149282,-0.010120,-1.182704,-0.221349,-0.056880,-1.363333,-0.277584,-0.104865,-1.528924,-0.317710
OPEN_PALM,-0.000000,0.000000,0.000000,-0.252115,-0.127510,-0.079670,-0.418365,-0.456022,-0.123826,-0.473564,-0.780406,-0.180932,-0.563333,-1.012033,-0.244416,-0.356270,-0.919090,0.018061,-0.428715,-1.285194,-0.038023,-0.451702,-1.513681,-0.086757,-0.464573,-1.713456,-0.126146,-0.229384,-0.973336,-0.021179,-0.324162,-1.380277,-0.070623,-0.356883,-1.623559,-0.143432,-0.387693,-1.836681,-0.199455,-0.093532,-0.958599,-0.082243,-0.187091,-1.347185,-0.155353,-0.244014,-1.573293,-0.236881,-0.299962,-1.760485,-0.291383,0.056238,-0.883196,-0.156664,-0.009166,-1.177473,-0.231501,-0.057223,-1.360090,-0.289093,-0.106764,-1.528026,-0.330163
OPEN_PALM,-0.000000,0.000000,0.000000,-0.249450,-0.127775,-0.083559,-0.417064,-0.457805,-0.130209,-0.476281,-0.780425,-0.189360,-0.571381,-1.009895,-0.255450,-0.358684,-0.917737,0.012949,-0.432868,-1.282576,-0.045468,-0.457951,-1.509484,-0.096642,-0.472413,-1.708622,-0.138013,-0.233600,-0.972333,-0.025804,-0.329835,-1.380728,-0.077610,-0.363801,-1.625685,-0.154393,-0.395052,-1.841891,-0.213812,-0.098548,-0.958609,-0.086608,-0.194089,-1.350346,-0.162171,-0.253457,-1.577788,-0.248295,-0.311010,-1.765710,-0.306435,0.051738,-0.885130,-0.160788,-0.016331,-1.181052,-0.238330,-0.065700,-1.364537,-0.299233,-0.116099,-1.534242,-0.343174
OPEN_PALM,-0.000000,0.000000,0.000000,-0.253947,-0.123549,-0.087398,-0.425439,-0.450575,-0.135586,-0.483442,-0.775651,-0.195804,-0.574968,-1.009383,-0.262276,-0.367984,-0.912670,0.013024,-0.441749,-1.276983,-0.045566,-0.466747,-1.503286,-0.096494,-0.481437,-1.703043,-0.137532,-0.242292,-0.970203,-0.024085,-0.340796,-1.376327,-0.075886,-0.375349,-1.621100,-0.152346,-0.407905,-1.839350,-0.211208,-0.106589,-0.959133,-0.083959,-0.204579,-1.349385,-0.159343,-0.263468,-1.574618,-0.244372,-0.321675,-1.760829,-0.301462,0.045957,-0.888487,-0.157743,-0.024419,-1.183903,-0.234788,-0.074540,-1.367432,-0.295098,-0.127046,-1.537917,-0.338328
OPEN_PALM,-0.000000,0.000000,0.000000,-0.254173,-0.122278,-0.082711,-0.424472,-0.443755,-0.128831,-0.485267,-0.765747,-0.187297,-0.576427,-1.002935,-0.251950,-0.366478,-0.913615,0.018480,-0.441073,-1.273418,-0.037120,-0.465808,-1.498526,-0.086251,-0.480270,-1.695694,-0.125656,-0.240775,-0.970581,-0.018471,-0.334761,-1.371739,-0.066888,-0.367482,-1.611091,-0.139629,-0.398556,-1.821641,-0.195370,-0.105835,-0.959151,-0.077601,-0.197467,-1.344410,-0.148950,-0.251953,-1.565673,-0.229811,-0.305608,-1.748442,-0.283942,0.043852,-0.886866,-0.150316,-0.021924,-1.179595,-0.222911,-0.069953,-1.359491,-0.279509,-0.119723,-1.524941,-0.319962
OPEN_PALM,-0.000000,0.000000,0.000000,-0.251118,-0.125419,-0.079219,-0.415945,-0.452850,-0.122852,-0.472237,-0.775623,-0.179869,-0.563370,-1.007784,-0.243238,-0.357653,-0.918098,0.025042,-0.432598,-1.278601,-0.029094,-0.457909,-1.502304,-0.077448,-0.473135,-1.696895,-0.116605,-0.232172,-0.972675,-0.014272,-0.326743,-1.374590,-0.061235,-0.360559,-1.613733,-0.134381,-0.393237,-1.823853,-0.190741,-0.097410,-0.959755,-0.075855,-0.190005,-1.345521,-0.146409,-0.246405,-1.567800,-0.228041,-0.302135,-1.751136,-0.283030,0.052035,-0.886384,-0.150896,-0.012877,-1.180317,-0.223470,-0.060918,-1.360418,-0.280307,-0.110780,-1.525868,-0.321155
OPEN_PALM,-0.000000,0.000000,0.000000,-0.251383,-0.119764,-0.084549,-0.420145,-0.447369,-0.128441,-0.476395,-0.773299,-0.184141,-0.567430,-1.002917,-0.246341,-0.362638,-0.913236,0.016831,-0.437991,-1.272866,-0.038125,-0.464384,-1.498566,-0.086303,-0.481008,-1.697078,-0.125404,-0.237278,-0.971442,-0.019424,-0.334264,-1.375802,-0.067321,-0.370269,-1.618528,-0.140171,-0.404662,-1.833954,-0.196645,-0.102890,-0.959554,-0.078017,-0.198625,-1.347530,-0.150791,-0.259299,-1.572975,-0.233247,-0.318865,-1.760706,-0.288455,0.047067,-0.886461,-0.150395,-0.018505,-1.180820,-0.225710,-0.066879,-1.361839,-0.284069,-0.117105,-1.529598,-0.325561
OPEN_PALM,-0.000000,0.000000,0.000000,-0.252450,-0.119617,-0.083599,-0.421834,-0.444573,-0.128898,-0.481229,-0.768566,-0.186087,-0.574921,-1.000697,-0.249581,-0.364760,-0.913415,0.016095,-0.440449,-1.277799,-0.038785,-0.464933,-1.505848,-0.086889,-0.479344,-1.704947,-0.125818,-0.239213,-0.970967,-0.019910,-0.335994,-1.376689,-0.067628,-0.370532,-1.620130,-0.140102,-0.404396,-1.832976,-0.195845,-0.104322,-0.959165,-0.077826,-0.199572,-1.348096,-0.149546,-0.257995,-1.573650,-0.231464,-0.315981,-1.759320,-0.286177,0.045070,-0.886373,-0.149235,-0.022450,-1.179300,-0.223149,-0.071914,-1.361373,-0.280801,-0.123298,-1.528314,-0.321776
OPEN_PALM,-0.000000,0.000000,0.000000,-0.254503,-0.118033,-0.078146,-0.425422,-0.440380,-0.121111,-0.486546,-0.764403,-0.177203,-0.577483,-0.998022,-0.239398,-0.365274,-0.912098,0.023066,-0.442366,-1.274309,-0.029902,-0.468778,-1.501097,-0.076602,-0.484905,-1.697657,-0.114448,-0.240848,-0.970563,-0.015279,-0.337445,-1.375063,-0.060759,-0.372424,-1.616831,-0.131066,-0.406128,-1.829138,-0.185241,-0.106052,-0.960023,-0.075162,-0.200244,-1.345942,-0.143435,-0.255774,-1.568522,-0.220912,-0.310013,-1.752293,-0.272884,0.043414,-0.888427,-0.148548,-0.023096,-1.181001,-0.218383,-0.070427,-1.360992,-0.272001,-0.118172,-1.526195,-0.310214
OPEN_PALM,-0.000000,0.000000,0.000000,-0.253852,-0.123665,-0.084912,-0.424424,-0.447216,-0.130632,-0.487997,-0.770635,-0.188262,-0.575993,-1.008241,-0.251861,-0.363570,-0.914183,0.019635,-0.439787,-1.277123,-0.033809,-0.465966,-1.503219,-0.081346,-0.482465,-1.699067,-0.119822,-0.239423,-0.970915,-0.015532,-0.333768,-1.375192,-0.060570,-0.367838,-1.616725,-0.131930,-0.400904,-1.829138,-0.187360,-0.104486,-0.958457,-0.073015,-0.196085,-1.345088,-0.141119,-0.250868,-1.569204,-0.221300,-0.304904,-1.754805,-0.275695,0.044626,-0.884390,-0.144509,-0.019354,-1.177095,-0.214069,-0.065916,-1.356226,-0.269406,-0.113095,-1.520498,-0.309391
OPEN_PALM,-0.000000,0.000000,0.000000,-0.256442,-0.123756,-0.081509,-0.423986,-0.443418,-0.127092,-0.482874,-0.764865,-0.185221,-0.578318,-0.995110,-0.249619,-0.363634,-0.914127,0.016841,-0.440272,-1.278071,-0.037131,-0.467377,-1.506360,-0.084810,-0.484614,-1.705474,-0.123599,-0.238706,-0.971092,-0.020189,-0.333805,-1.378364,-0.066641,-0.368746,-1.623288,-0.137659,-0.402085,-1.838644,-0.192741,-0.102943,-0.958394,-0.078609,-0.195650,-1.345343,-0.147768,-0.250813,-1.570655,-0.226012,-0.305106,-1.756922,-0.278825,0.048240,-0.884259,-0.150687,-0.015994,-1.177056,-0.221468,-0.062752,-1.355672,-0.275490,-0.110237,-1.518846,-0.314204
OPEN_PALM,-0.000000,0.000000,0.000000,-0.253274,-0.120920,-0.080238,-0.421795,-0.441707,-0.123147,-0.482919,-0.762869,-0.178696,-0.575365,-0.994257,-0.240538,-0.360989,-0.914962,0.025192,-0.437107,-1.275065,-0.026341,-0.464449,-1.500394,-0.072869,-0.481865,-1.695962,-0.110666,-0.236616,-0.971603,-0.011545,-0.331920,-1.373430,-0.055055,-0.367800,-1.614107,-0.125207,-0.402486,-1.825705,-0.179521,-0.102449,-0.958625,-0.070277,-0.194459,-1.343544,-0.137449,-0.250114,-1.568951,-0.215985,-0.305310,-1.755966,-0.268952,0.046335,-0.883920,-0.142731,-0.018217,-1.177593,-0.212418,-0.065232,-1.356450,-0.266686,-0.113542,-1.519758,-0.305462
OPEN_PALM,-0.000000,0.000000,0.000000,-0.252838,-0.123384,-0.082303,-0.421553,-0.449050,-0.125548,-0.480879,-0.773019,-0.180766,-0.572799,-1.005861,-0.242070,-0.361868,-0.914014,0.020052,-0.439832,-1.274263,-0.033210,-0.466849,-1.498846,-0.080091,-0.483478,-1.694419,-0.118063,-0.236470,-0.971639,-0.015916,-0.334467,-1.373295,-0.061993,-0.370594,-1.612643,-0.133114,-0.405403,-1.823490,-0.188007,-0.102180,-0.959497,-0.073941,-0.196511,-1.344226,-0.144530,-0.253517,-1.567035,-0.225090,-0.310020,-1.752363,-0.278901,0.046692,-0.885665,-0.145463,-0.016538,-1.176735,-0.218079,-0.063237,-1.355012,-0.274473,-0.112004,-1.519214,-0.314529
OPEN_PALM,-0.000000,0.000000,0.000000,-0.253379,-0.119958,-0.078489,-0.424220,-0.445185,-0.119021,-0.484959,-0.768368,-0.172595,-0.579768,-0.995095,-0.232429,-0.369233,-0.910810,0.026781,-0.445731,-1.268624,-0.025267,-0.473159,-1.492174,-0.071516,-0.490978,-1.687830,-0.109093,-0.245112,-0.969495,-0.011217,-0.342981,-1.370670,-0.055809,-0.379838,-1.608995,-0.126007,-0.415516,-1.819764,-0.180377,-0.111212,-0.958251,-0.071485,-0.207175,-1.341284,-0.140682,-0.267058,-1.562675,-0.220135,-0.326297,-1.748386,-0.273430,0.038479,-0.885454,-0.145251,-0.027852,-1.174232,-0.217102,-0.076283,-1.353096,-0.273089,-0.126847,-1.520037,-0.312989
OPEN_PALM,-0.000000,0.000000,0.000000,-0.254053,-0.123793,-0.081033,-0.426249,-0.449794,-0.124842,-0.488407,-0.772894,-0.180778,-0.580667,-1.006617,-0.243109,-0.369349,-0.914458,0.019361,-0.447435,-1.278684,-0.034551,-0.473002,-1.505235,-0.081886,-0.487178,-1.701595,-0.120191,-0.243484,-0.969905,-0.017774,-0.342169,-1.376017,-0.065008,-0.376840,-1.617861,-0.137300,-0.408577,-1.827132,-0.192895,-0.108132,-0.957184,-0.076773,-0.205170,-1.346850,-0.148758,-0.264066,-1.573208,-0.231899,-0.320902,-1.759064,-0.287521,0.041689,-0.884560,-0.148905,-0.025829,-1.175895,-0.223068,-0.076038,-1.358114,-0.281578,-0.127417,-1.525458,-0.323437
OPEN_PALM,-0.000000,0.000000,0.000000,-0.253752,-0.120481,-0.076469,-0.422619,-0.443724,-0.117920,-0.482220,-0.766614,-0.173246,-0.574840,-1.000640,-0.234879,-0.361489,-0.913657,0.030791,-0.439751,-1.272015,-0.021804,-0.468120,-1.495388,-0.069115,-0.486231,-1.690036,-0.107427,-0.237284,-0.971440,-0.009062,-0.334377,-1.373192,-0.054903,-0.371086,-1.612888,-0.127272,-0.406281,-1.824788,-0.182710,-0.103379,-0.960944,-0.071229,-0.198219,-1.345824,-0.141208,-0.255745,-1.568802,-0.222016,-0.312160,-1.753219,-0.275842,0.045357,-0.889613,-0.146702,-0.020808,-1.182127,-0.218542,-0.068720,-1.362240,-0.274689,-0.117979,-1.527640,-0.314601
OPEN_PALM,-0.000000,0.000000,0.000000,-0.253543,-0.115724,-0.076188,-0.422254,-0.438898,-0.118600,-0.482786,-0.761012,-0.174538,-0.575230,-0.992269,-0.237069,-0.364581,-0.912323,0.022477,-0.440803,-1.273469,-0.032120,-0.467183,-1.498158,-0.080128,-0.483773,-1.693259,-0.118829,-0.239333,-0.970938,-0.017829,-0.334488,-1.374379,-0.065741,-0.369968,-1.613993,-0.137969,-0.404860,-1.822930,-0.193328,-0.104803,-0.959419,-0.079693,-0.198411,-1.344721,-0.151142,-0.255082,-1.566824,-0.231752,-0.311594,-1.749459,-0.285380,0.043439,-0.886211,-0.154610,-0.023148,-1.178159,-0.227646,-0.071184,-1.356603,-0.284025,-0.121208,-1.519143,-0.324027
OPEN_PALM,-0.000000,0.000000,0.000000,-0.254655,-0.117489,-0.076675,-0.424265,-0.438265,-0.117929,-0.485099,-0.761013,-0.172140,-0.575863,-0.995060,-0.232620,-0.366377,-0.911421,0.024846,-0.444075,-1.271258,-0.027579,-0.471047,-1.495996,-0.074321,-0.487865,-1.691974,-0.112208,-0.240500,-0.970649,-0.013582,-0.336569,-1.374069,-0.059560,-0.372189,-1.614594,-0.130957,-0.406210,-1.826030,-0.185733,-0.105796,-0.959410,-0.073490,-0.199320,-1.344178,-0.142926,-0.256283,-1.566117,-0.222702,-0.311959,-1.749154,-0.275755,0.042067,-0.886027,-0.146461,-0.024274,-1.177899,-0.217626,-0.072065,-1.356259,-0.273232,-0.121142,-1.519747,-0.312635
OPEN_PALM,-0.000000,0.000000,0.000000,-0.254613,-0.117084,-0.078562,-0.424117,-0.437887,-0.122966,-0.484714,-0.760863,-0.180112,-0.579147,-0.996602,-0.243603,-0.365050,-0.913329,0.016363,-0.444208,-1.277989,-0.039573,-0.471287,-1.506018,-0.087700,-0.487165,-1.704180,-0.126341,-0.239581,-0.970876,-0.022163,-0.338673,-1.379719,-0.072303,-0.374021,-1.624064,-0.144451,-0.407240,-1.838968,-0.199309,-0.104543,-0.959808,-0.081850,-0.201522,-1.347956,-0.154797,-0.257430,-1.573179,-0.234119,-0.311635,-1.758744,-0.286351,0.044733,-0.887661,-0.154637,-0.024060,-1.180678,-0.228337,-0.072311,-1.361770,-0.283740,-0.120916,-1.528042,-0.322674
OPEN_PALM,-0.000000,0.000000,0.000000,-0.256468,-0.117157,-0.079417,-0.426466,-0.437489,-0.123078,-0.486339,-0.761692,-0.179299,-0.580462,-0.997631,-0.241682,-0.366679,-0.912250,0.020118,-0.445215,-1.275087,-0.033698,-0.471897,-1.502260,-0.080457,-0.488179,-1.700406,-0.118123,-0.241115,-0.970497,-0.017500,-0.340884,-1.376137,-0.064943,-0.376727,-1.618893,-0.135565,-0.410895,-1.832524,-0.189469,-0.106308,-0.959437,-0.076691,-0.202878,-1.347161,-0.147800,-0.259076,-1.573133,-0.226437,-0.314264,-1.760074,-0.278320,0.042707,-0.887041,-0.149204,-0.025029,-1.181371,-0.221695,-0.072718,-1.362572,-0.276559,-0.121625,-1.528638,-0.315057
OPEN_PALM,-0.000000,0.000000,0.000000,-0.255467,-0.118719,-0.080434,-0.423698,-0.439568,-0.123826,-0.482432,-0.763271,-0.180239,-0.572939,-0.998603,-0.242663,-0.367276,-0.912251,0.026260,-0.444068,-1.273241,-0.027146,-0.471073,-1.498546,-0.075285,-0.488656,-1.695321,-0.114160,-0.241775,-0.970332,-0.011458,-0.339070,-1.371614,-0.057928,-0.375734,-1.611459,-0.130689,-0.411403,-1.823860,-0.186323,-0.106740,-0.959616,-0.071490,-0.200858,-1.343093,-0.141229,-0.256548,-1.564827,-0.221555,-0.311681,-1.748984,-0.275014,0.042826,-0.887218,-0.145167,-0.024949,-1.181423,-0.216584,-0.073132,-1.360107,-0.272194,-0.122589,-1.523839,-0.311598
OPEN_PALM,-0.000000,0.000000,0.000000,-0.254422,-0.120389,-0.080711,-0.424628,-0.444855,-0.123334,-0.485975,-0.769416,-0.178550,-0.578079,-1.002556,-0.239929,-0.368196,-0.912276,0.023789,-0.445548,-1.274360,-0.028850,-0.473176,-1.500687,-0.075974,-0.491386,-1.697694,-0.114155,-0.243082,-0.970006,-0.012971,-0.340743,-1.372940,-0.058151,-0.376978,-1.614458,-0.129533,-0.412540,-1.827724,-0.184614,-0.107947,-0.959115,-0.071731,-0.202637,-1.344209,-0.140399,-0.257857,-1.568028,-0.219777,-0.313035,-1.752870,-0.272987,0.042169,-0.887130,-0.144164,-0.024621,-1.180591,-0.214823,-0.072065,-1.360522,-0.269887,-0.121109,-1.525299,-0.309133
OPEN_PALM,-0.000000,0.000000,0.000000,-0.253833,-0.121045,-0.076114,-0.424960,-0.444616,-0.117140,-0.487172,-0.768178,-0.171266,-0.576024,-1.005612,-0.231440,-0.367296,-0.912254,0.026568,-0.447771,-1.273464,-0.025288,-0.476258,-1.498799,-0.071445,-0.494021,-1.694711,-0.108809,-0.243212,-0.969973,-0.011861,-0.342490,-1.372226,-0.056832,-0.379539,-1.613074,-0.127500,-0.414707,-1.825413,-0.181763,-0.108823,-0.959729,-0.071768,-0.204271,-1.345639,-0.139991,-0.261468,-1.569446,-0.218671,-0.317508,-1.753138,-0.271195,0.040205,-0.889016,-0.144845,-0.026850,-1.183861,-0.214822,-0.075381,-1.365472,-0.269377,-0.125304,-1.531137,-0.308118
OPEN_PALM,-0.000000,0.000000,0.000000,-0.252843,-0.119525,-0.074741,-0.422032,-0.441578,-0.114359,-0.482500,-0.764565,-0.167402,-0.572767,-0.997483,-0.226220,-0.367600,-0.911481,0.031198,-0.448182,-1.269060,-0.018641,-0.476986,-1.491985,-0.063099,-0.495257,-1.685527,-0.099316,-0.243442,-0.969915,-0.007823,-0.343602,-1.369179,-0.050643,-0.381267,-1.607650,-0.119289,-0.417385,-1.817025,-0.172074,-0.109292,-0.958797,-0.068637,-0.205586,-1.340491,-0.135631,-0.264414,-1.563121,-0.213044,-0.322282,-1.746619,-0.264538,0.039635,-0.886353,-0.142674,-0.027823,-1.177403,-0.211993,-0.076331,-1.357133,-0.265811,-0.126535,-1.521073,-0.303812
OPEN_PALM,-0.000000,0.000000,0.000000,-0.255143,-0.121946,-0.073315,-0.426517,-0.445436,-0.112606,-0.488744,-0.767302,-0.165810,-0.577993,-1.001822,-0.225083,-0.368360,-0.911990,0.033029,-0.447633,-1.267833,-0.017615,-0.476674,-1.491383,-0.063486,-0.495642,-1.687366,-0.100840,-0.244306,-0.969698,-0.007225,-0.343761,-1.367733,-0.050728,-0.382008,-1.606976,-0.120776,-0.418368,-1.819399,-0.174903,-0.110227,-0.958638,-0.069293,-0.206158,-1.340340,-0.136481,-0.265996,-1.562531,-0.214480,-0.324303,-1.747598,-0.266819,0.038013,-0.886399,-0.144580,-0.029225,-1.177920,-0.213831,-0.078791,-1.357068,-0.267895,-0.129565,-1.521982,-0.306446
OPEN_PALM,-0.000000,0.000000,0.000000,-0.256714,-0.121676,-0.070141,-0.430814,-0.446499,-0.107505,-0.495120,-0.769070,-0.158798,-0.585465,-1.002864,-0.216173,-0.372464,-0.910269,0.031764,-0.453999,-1.268375,-0.018019,-0.483260,-1.490821,-0.061773,-0.501238,-1.684790,-0.097549,-0.248141,-0.968724,-0.009129,-0.350633,-1.368904,-0.052064,-0.389255,-1.606232,-0.119981,-0.425341,-1.815319,-0.172433,-0.113437,-0.958367,-0.071256,-0.212475,-1.343084,-0.138473,-0.273287,-1.565039,-0.215811,-0.332629,-1.749199,-0.267563,0.036413,-0.887679,-0.145962,-0.032338,-1.177314,-0.215585,-0.082363,-1.358450,-0.269850,-0.134123,-1.525873,-0.308418
OPEN_PALM,-0.000000,0.000000,0.000000,-0.255882,-0.122053,-0.070185,-0.428099,-0.444216,-0.109361,-0.491402,-0.765560,-0.162779,-0.581036,-1.002019,-0.222249,-0.370276,-0.912828,0.030809,-0.451499,-1.273160,-0.020611,-0.480718,-1.496770,-0.065982,-0.499017,-1.691241,-0.102891,-0.245745,-0.969335,-0.011139,-0.346752,-1.370168,-0.056405,-0.385103,-1.607995,-0.125675,-0.421631,-1.816472,-0.178744,-0.110427,-0.957928,-0.074333,-0.208563,-1.341474,-0.142818,-0.268603,-1.563170,-0.220100,-0.327639,-1.745276,-0.271682,0.040207,-0.885811,-0.150256,-0.029273,-1.177114,-0.220734,-0.080401,-1.358164,-0.274864,-0.133295,-1.523503,-0.313268
OPEN_PALM,-0.000000,0.000000,0.000000,-0.258204,-0.118112,-0.073547,-0.434348,-0.440560,-0.111542,-0.498101,-0.764782,-0.163097,-0.584877,-1.000181,-0.220607,-0.375851,-0.907333,0.031731,-0.456229,-1.267783,-0.018858,-0.485124,-1.492578,-0.063801,-0.502993,-1.688891,-0.100176,-0.251817,-0.967775,-0.007245,-0.353819,-1.369030,-0.050850,-0.392097,-1.608643,-0.119756,-0.428083,-1.819679,-0.172680,-0.117333,-0.959592,-0.067873,-0.216289,-1.342921,-0.135406,-0.275388,-1.563640,-0.212373,-0.333090,-1.745948,-0.263547,0.032354,-0.890590,-0.141720,-0.036574,-1.180199,-0.211272,-0.086701,-1.359902,-0.265064,-0.138045,-1.525048,-0.302980
OPEN_PALM,-0.000000,0.000000,0.000000,-0.256072,-0.122231,-0.077180,-0.431044,-0.445647,-0.118726,-0.494964,-0.769712,-0.173214,-0.583166,-1.005178,-0.233878,-0.375251,-0.909154,0.022448,-0.457899,-1.270362,-0.031470,-0.486034,-1.498144,-0.078788,-0.503102,-1.697511,-0.116954,-0.251240,-0.967925,-0.015942,-0.355269,-1.368819,-0.063058,-0.391669,-1.610864,-0.134088,-0.425114,-1.823811,-0.188628,-0.116199,-0.958332,-0.075793,-0.216078,-1.341872,-0.146700,-0.273391,-1.564723,-0.226282,-0.328663,-1.748501,-0.279192,0.034665,-0.888280,-0.148847,-0.034203,-1.176981,-0.220935,-0.084112,-1.357424,-0.276585,-0.134404,-1.523527,-0.316038
OPEN_PALM,-0.000000,0.000000,0.000000,-0.257729,-0.118244,-0.083906,-0.436143,-0.438508,-0.128391,-0.502962,-0.764152,-0.184760,-0.597358,-0.998789,-0.247061,-0.384670,-0.904493,0.018301,-0.464932,-1.265049,-0.036240,-0.492133,-1.490789,-0.083784,-0.508800,-1.689084,-0.122190,-0.259828,-0.965655,-0.017980,-0.364081,-1.365177,-0.065094,-0.401316,-1.606199,-0.136694,-0.435899,-1.818122,-0.191955,-0.124200,-0.957152,-0.076586,-0.225172,-1.340390,-0.148065,-0.285628,-1.562850,-0.228919,-0.344760,-1.746776,-0.283034,0.028168,-0.888606,-0.148982,-0.041042,-1.177998,-0.222670,-0.091293,-1.358323,-0.279896,-0.144091,-1.524770,-0.320538
OPEN_PALM,-0.000000,0.000000,0.000000,-0.252588,-0.118187,-0.083656,-0.429908,-0.438330,-0.128322,-0.498005,-0.760725,-0.185577,-0.590895,-0.998730,-0.248559,-0.381044,-0.906865,0.027990,-0.462908,-1.264942,-0.025038,-0.490424,-1.489927,-0.073530,-0.507089,-1.687111,-0.112969,-0.257258,-0.966343,-0.008822,-0.362230,-1.363673,-0.054528,-0.400312,-1.604406,-0.128255,-0.436164,-1.817346,-0.185050,-0.122140,-0.958819,-0.068692,-0.222741,-1.340848,-0.138341,-0.283402,-1.562377,-0.220145,-0.342664,-1.746464,-0.275309,0.030248,-0.892166,-0.142557,-0.040297,-1.184294,-0.214609,-0.092275,-1.363725,-0.271615,-0.145825,-1.529696,-0.312501
OPEN_PALM,-0.000000,0.000000,0.000000,-0.249945,-0.116663,-0.089058,-0.425742,-0.430754,-0.139911,-0.491037,-0.751603,-0.201867,-0.584119,-0.983307,-0.270407,-0.383688,-0.905456,-0.000359,-0.464326,-1.268542,-0.063665,-0.491694,-1.498443,-0.117109,-0.507618,-1.698852,-0.159431,-0.258266,-0.966074,-0.037469,-0.366721,-1.369201,-0.094412,-0.406824,-1.614919,-0.171087,-0.444336,-1.832049,-0.229734,-0.121029,-0.957746,-0.096459,-0.225847,-1.344751,-0.175285,-0.289372,-1.572853,-0.258937,-0.351394,-1.761374,-0.315157,0.035121,-0.889139,-0.169559,-0.038913,-1.183322,-0.249328,-0.092336,-1.367259,-0.309147,-0.147991,-1.536896,-0.351887
OPEN_PALM,-0.000000,0.000000,0.000000,-0.255633,-0.114540,-0.088392,-0.438812,-0.432080,-0.138449,-0.509406,-0.757674,-0.199640,-0.597158,-0.999062,-0.267198,-0.393944,-0.898166,0.001327,-0.479312,-1.270440,-0.059503,-0.508431,-1.502909,-0.110313,-0.525724,-1.705473,-0.151166,-0.269248,-0.963071,-0.035848,-0.378773,-1.373677,-0.089220,-0.418494,-1.622706,-0.163560,-0.455311,-1.840923,-0.221237,-0.131400,-0.958341,-0.094809,-0.236187,-1.351916,-0.171090,-0.298876,-1.584000,-0.254142,-0.360730,-1.774152,-0.310523,0.024281,-0.892208,-0.167740,-0.049086,-1.190409,-0.245313,-0.102699,-1.375849,-0.304310,-0.158447,-1.544678,-0.346782
OPEN_PALM,-0.000000,0.000000,0.000000,-0.255868,-0.116673,-0.085600,-0.436524,-0.434993,-0.133313,-0.505581,-0.757694,-0.193250,-0.593637,-0.999880,-0.259408,-0.385670,-0.904668,0.015904,-0.474139,-1.263440,-0.042581,-0.505547,-1.488297,-0.093797,-0.525087,-1.685670,-0.134858,-0.260851,-0.965379,-0.021801,-0.368665,-1.361408,-0.073386,-0.407871,-1.601597,-0.149320,-0.443371,-1.814237,-0.207505,-0.124727,-0.957010,-0.082161,-0.226014,-1.337514,-0.157352,-0.286886,-1.559364,-0.241947,-0.345272,-1.743708,-0.298625,0.027855,-0.887946,-0.156370,-0.041571,-1.178192,-0.232316,-0.094163,-1.357529,-0.291661,-0.147829,-1.522626,-0.334124
OPEN_PALM,-0.000000,0.000000,0.000000,-0.256095,-0.114071,-0.081638,-0.435229,-0.435558,-0.126342,-0.501841,-0.759798,-0.183009,-0.593578,-0.994849,-0.245922,-0.387505,-0.903991,0.013313,-0.475808,-1.266321,-0.042238,-0.507143,-1.491729,-0.089985,-0.526189,-1.686861,-0.128753,-0.261512,-0.965200,-0.024556,-0.368843,-1.366938,-0.073722,-0.408933,-1.608280,-0.146160,-0.446098,-1.818307,-0.202144,-0.123401,-0.957036,-0.083816,-0.225253,-1.341982,-0.157061,-0.286565,-1.565982,-0.238934,-0.346057,-1.747994,-0.293871,0.031772,-0.888268,-0.156302,-0.036120,-1.179152,-0.231347,-0.087961,-1.359046,-0.288990,-0.141484,-1.522191,-0.330096
OPEN_PALM,-0.000000,0.000000,0.000000,-0.256598,-0.115826,-0.070417,-0.436500,-0.429929,-0.111715,-0.508244,-0.746882,-0.166754,-0.602130,-0.971503,-0.228717,-0.389801,-0.898597,0.012145,-0.482941,-1.259251,-0.045177,-0.518636,-1.484587,-0.092546,-0.541651,-1.680260,-0.130624,-0.264456,-0.964398,-0.031142,-0.373894,-1.370814,-0.081728,-0.416571,-1.615549,-0.151766,-0.456589,-1.831303,-0.206317,-0.126284,-0.958852,-0.094237,-0.229498,-1.345365,-0.167444,-0.292269,-1.577791,-0.245587,-0.353519,-1.769690,-0.298342,0.030328,-0.891456,-0.169695,-0.036996,-1.185394,-0.243283,-0.087001,-1.369063,-0.297734,-0.138627,-1.537058,-0.336837
OPEN_PALM,-0.000000,0.000000,0.000000,-0.261441,-0.103062,-0.082034,-0.450298,-0.408032,-0.129705,-0.534820,-0.726447,-0.188211,-0.637340,-0.959452,-0.253376,-0.398858,-0.891780,-0.005636,-0.496326,-1.254560,-0.064693,-0.534261,-1.481603,-0.112356,-0.558564,-1.676696,-0.150311,-0.271887,-0.962329,-0.042299,-0.382869,-1.370838,-0.094259,-0.426614,-1.616268,-0.163570,-0.466767,-1.830024,-0.217448,-0.131445,-0.959519,-0.098644,-0.233944,-1.347421,-0.172095,-0.295235,-1.581733,-0.250262,-0.354513,-1.770773,-0.302952,0.027300,-0.893774,-0.167948,-0.039139,-1.187434,-0.241580,-0.088177,-1.373189,-0.296610,-0.139109,-1.540103,-0.335850
OPEN_PALM,-0.000000,0.000000,0.000000,-0.264469,-0.107784,-0.075531,-0.458051,-0.411206,-0.119954,-0.545737,-0.726011,-0.176723,-0.645491,-0.955443,-0.240265,-0.400696,-0.888186,0.001442,-0.502650,-1.244187,-0.057019,-0.545846,-1.467788,-0.103823,-0.574707,-1.660729,-0.140996,-0.273954,-0.961743,-0.038433,-0.389470,-1.367744,-0.090259,-0.437829,-1.613937,-0.158872,-0.482283,-1.829271,-0.212298,-0.132905,-0.961067,-0.097742,-0.237948,-1.347374,-0.171093,-0.301786,-1.582976,-0.248009,-0.363712,-1.774093,-0.299791,0.026652,-0.896930,-0.169721,-0.040271,-1.189167,-0.242419,-0.090185,-1.374271,-0.296211,-0.141677,-1.539728,-0.334571
OPEN_PALM,-0.000000,0.000000,0.000000,-0.266086,-0.106326,-0.074846,-0.460140,-0.408330,-0.118915,-0.547569,-0.723897,-0.175895,-0.646380,-0.957033,-0.239396,-0.399924,-0.887096,0.007827,-0.502881,-1.245624,-0.050050,-0.547554,-1.467945,-0.097236,-0.578861,-1.660545,-0.134961,-0.272839,-0.962060,-0.033148,-0.387337,-1.369929,-0.084651,-0.436870,-1.615438,-0.155078,-0.484274,-1.830674,-0.209769,-0.132179,-0.963417,-0.094137,-0.236846,-1.349029,-0.167332,-0.301576,-1.582061,-0.246208,-0.366695,-1.771820,-0.299241,0.026367,-0.901612,-0.167765,-0.039477,-1.195410,-0.240840,-0.089783,-1.380074,-0.296132,-0.144121,-1.545257,-0.335499
OPEN_PALM,-0.000000,0.000000,0.000000,-0.265998,-0.106399,-0.083751,-0.458999,-0.410029,-0.135019,-0.546110,-0.725475,-0.197469,-0.647703,-0.959149,-0.266940,-0.396507,-0.891077,-0.011894,-0.498874,-1.255376,-0.075527,-0.543926,-1.480606,-0.126095,-0.576244,-1.675030,-0.166346,-0.266463,-0.963845,-0.050830,-0.379870,-1.378332,-0.107732,-0.430494,-1.626832,-0.180982,-0.479874,-1.844228,-0.238240,-0.123214,-0.962491,-0.109615,-0.227431,-1.353136,-0.187325,-0.295277,-1.590662,-0.269247,-0.363692,-1.782928,-0.324912,0.037505,-0.897183,-0.181330,-0.027595,-1.194841,-0.258352,-0.079035,-1.380117,-0.316079,-0.134837,-1.544538,-0.357686
OPEN_PALM,-0.000000,0.000000,0.000000,-0.263249,-0.109382,-0.081740,-0.456357,-0.410289,-0.132629,-0.542456,-0.725090,-0.194637,-0.640955,-0.957466,-0.263186,-0.397988,-0.893140,-0.012875,-0.498654,-1.261567,-0.075359,-0.539292,-1.488711,-0.124127,-0.565665,-1.683941,-0.163002,-0.265355,-0.964151,-0.052269,-0.379121,-1.377745,-0.108399,-0.425110,-1.625985,-0.179033,-0.468102,-1.842796,-0.233934,-0.120778,-0.960503,-0.110941,-0.225379,-1.350475,-0.187405,-0.290340,-1.587135,-0.265857,-0.354883,-1.777636,-0.318783,0.041509,-0.894381,-0.182499,-0.024122,-1.192824,-0.258573,-0.073635,-1.381073,-0.314426,-0.127517,-1.548504,-0.354221
OPEN_PALM,-0.000000,0.000000,0.000000,-0.262446,-0.105671,-0.080424,-0.458883,-0.410195,-0.128495,-0.547999,-0.728418,-0.187145,-0.649509,-0.957991,-0.252955,-0.400554,-0.890834,-0.015833,-0.502048,-1.256269,-0.078820,-0.544195,-1.485025,-0.127684,-0.572347,-1.682818,-0.166636,-0.270159,-0.962816,-0.054643,-0.387903,-1.374034,-0.112060,-0.436868,-1.626092,-0.183326,-0.482010,-1.847633,-0.238857,-0.125953,-0.959701,-0.112039,-0.234934,-1.348662,-0.190575,-0.302834,-1.589589,-0.269688,-0.369624,-1.784124,-0.322763,0.037534,-0.894891,-0.182011,-0.030215,-1.193475,-0.260379,-0.080257,-1.382246,-0.317005,-0.133767,-1.549572,-0.356980
OPEN_PALM,-0.000000,0.000000,0.000000,-0.262795,-0.103566,-0.077318,-0.458477,-0.407275,-0.123794,-0.546919,-0.724451,-0.182101,-0.643817,-0.958158,-0.247382,-0.404822,-0.888404,-0.005344,-0.507082,-1.253624,-0.066503,-0.550001,-1.480294,-0.115281,-0.578539,-1.674564,-0.154082,-0.274745,-0.961517,-0.045613,-0.389079,-1.371787,-0.100403,-0.435775,-1.618573,-0.171620,-0.478882,-1.834073,-0.226726,-0.130189,-0.962058,-0.104961,-0.236369,-1.351287,-0.180168,-0.300608,-1.588263,-0.259193,-0.363373,-1.778069,-0.312551,0.033949,-0.901973,-0.176953,-0.033938,-1.201172,-0.251785,-0.082423,-1.390462,-0.307707,-0.133648,-1.558080,-0.347736
OPEN_PALM,-0.000000,0.000000,0.000000,-0.264137,-0.106225,-0.073663,-0.458711,-0.415547,-0.117188,-0.546574,-0.733126,-0.173684,-0.644282,-0.963355,-0.237497,-0.401340,-0.888225,0.004077,-0.505503,-1.249496,-0.055822,-0.552963,-1.472545,-0.104433,-0.586790,-1.664453,-0.143312,-0.272780,-0.962077,-0.038438,-0.386430,-1.372788,-0.091645,-0.437831,-1.618841,-0.163952,-0.486923,-1.834661,-0.220383,-0.129267,-0.963893,-0.100552,-0.234140,-1.355176,-0.174859,-0.302770,-1.595350,-0.256053,-0.370812,-1.788734,-0.311469,0.034083,-0.904970,-0.175110,-0.031030,-1.206195,-0.249567,-0.081410,-1.397199,-0.306621,-0.135985,-1.567165,-0.347990
OPEN_PALM,-0.000000,0.000000,0.000000,-0.265966,-0.102628,-0.078061,-0.461053,-0.408689,-0.125530,-0.547007,-0.726029,-0.185199,-0.646172,-0.957218,-0.252344,-0.408058,-0.887230,-0.008192,-0.513546,-1.253074,-0.072362,-0.558123,-1.479887,-0.122963,-0.587525,-1.674211,-0.162986,-0.276415,-0.961039,-0.049864,-0.391074,-1.376186,-0.108776,-0.439311,-1.624919,-0.182681,-0.484194,-1.840968,-0.239542,-0.130786,-0.962329,-0.110889,-0.236272,-1.356770,-0.190805,-0.302942,-1.596509,-0.273189,-0.368356,-1.788661,-0.328382,0.034212,-0.903422,-0.184429,-0.032373,-1.205629,-0.263482,-0.083230,-1.396486,-0.322110,-0.138028,-1.565876,-0.363924
OPEN_PALM,-0.000000,0.000000,0.000000,-0.265076,-0.104328,-0.079798,-0.462576,-0.408716,-0.127929,-0.549115,-0.726959,-0.187957,-0.646663,-0.960917,-0.255303,-0.406566,-0.886195,-0.007316,-0.512152,-1.251007,-0.071222,-0.557227,-1.477624,-0.122305,-0.587300,-1.672410,-0.162586,-0.274394,-0.961617,-0.047763,-0.388708,-1.373572,-0.105699,-0.438028,-1.621199,-0.179857,-0.484738,-1.837208,-0.237092,-0.129388,-0.963803,-0.107810,-0.233909,-1.354331,-0.185908,-0.301179,-1.593495,-0.267866,-0.367629,-1.784469,-0.323250,0.034303,-0.905479,-0.180741,-0.030953,-1.206978,-0.257991,-0.081635,-1.398286,-0.316253,-0.137232,-1.567412,-0.358096
OPEN_PALM,-0.000000,0.000000,0.000000,-0.263133,-0.105885,-0.078586,-0.460471,-0.411202,-0.125811,-0.548938,-0.726233,-0.185037,-0.647728,-0.956899,-0.251676,-0.406204,-0.887209,-0.007739,-0.513491,-1.250231,-0.071724,-0.559460,-1.475505,-0.122757,-0.589968,-1.669425,-0.162956,-0.275045,-0.961431,-0.048412,-0.391570,-1.372052,-0.106995,-0.440604,-1.619926,-0.181339,-0.486034,-1.835792,-0.238639,-0.130534,-0.963066,-0.108438,-0.236713,-1.352671,-0.187465,-0.302885,-1.591334,-0.269745,-0.367674,-1.781819,-0.325009,0.032881,-0.905063,-0.181161,-0.033439,-1.204359,-0.259104,-0.084252,-1.396116,-0.317760,-0.139205,-1.565978,-0.359720
OPEN_PALM,-0.000000,0.000000,0.000000,-0.263755,-0.106435,-0.075917,-0.460937,-0.409966,-0.121263,-0.548775,-0.725156,-0.179490,-0.646659,-0.958393,-0.245012,-0.404289,-0.887160,0.000889,-0.510821,-1.245984,-0.061137,-0.558197,-1.469079,-0.111383,-0.590846,-1.661832,-0.151174,-0.273311,-0.961926,-0.041318,-0.388110,-1.370858,-0.098186,-0.438477,-1.617129,-0.171834,-0.486168,-1.833004,-0.228637,-0.129061,-0.963914,-0.103297,-0.233069,-1.352479,-0.180929,-0.300641,-1.589363,-0.261803,-0.367697,-1.779460,-0.316196,0.034265,-0.905005,-0.178071,-0.030558,-1.205374,-0.255164,-0.081869,-1.396038,-0.312849,-0.138015,-1.564814,-0.354055
OPEN_PALM,-0.000000,0.000000,0.000000,-0.264894,-0.109079,-0.071040,-0.461707,-0.415082,-0.114209,-0.549859,-0.729131,-0.171084,-0.649055,-0.956594,-0.235731,-0.404093,-0.887344,0.001836,-0.512266,-1.247710,-0.060143,-0.559613,-1.471600,-0.109824,-0.591987,-1.665025,-0.149231,-0.272395,-0.962185,-0.042688,-0.389044,-1.372743,-0.099588,-0.438729,-1.619841,-0.172614,-0.484815,-1.836532,-0.228963,-0.127475,-0.964213,-0.106373,-0.234169,-1.355268,-0.183956,-0.302042,-1.593505,-0.264837,-0.368638,-1.784604,-0.319237,0.036416,-0.906236,-0.182372,-0.030562,-1.206617,-0.259484,-0.081706,-1.398031,-0.317292,-0.137103,-1.567436,-0.358614
OPEN_PALM,-0.000000,0.000000,0.000000,-0.263459,-0.107800,-0.073241,-0.461729,-0.413628,-0.118108,-0.549459,-0.728311,-0.176244,-0.649059,-0.953140,-0.242319,-0.404822,-0.886538,-0.004739,-0.512181,-1.248897,-0.069720,-0.561099,-1.472986,-0.120823,-0.594754,-1.666129,-0.160923,-0.272591,-0.962130,-0.048997,-0.389129,-1.375101,-0.109259,-0.440513,-1.623072,-0.183758,-0.488662,-1.841677,-0.240966,-0.127433,-0.964640,-0.112301,-0.235063,-1.356294,-0.192557,-0.303732,-1.596643,-0.274256,-0.371636,-1.789975,-0.329003,0.037369,-0.907276,-0.188019,-0.030570,-1.209849,-0.266998,-0.081465,-1.402627,-0.325585,-0.137290,-1.573027,-0.367444
OPEN_PALM,-0.000000,0.000000,0.000000,-0.263353,-0.103233,-0.084823,-0.461790,-0.404837,-0.135302,-0.549973,-0.719718,-0.196842,-0.647807,-0.949951,-0.265974,-0.406734,-0.885188,-0.015148,-0.513362,-1.246854,-0.081811,-0.560222,-1.472325,-0.134459,-0.591616,-1.666695,-0.175694,-0.274957,-0.961457,-0.054155,-0.390623,-1.373839,-0.115579,-0.440624,-1.623160,-0.191633,-0.487172,-1.841389,-0.250171,-0.129901,-0.963863,-0.113010,-0.236503,-1.355826,-0.195580,-0.305852,-1.597247,-0.280360,-0.373919,-1.790520,-0.337091,0.034037,-0.905199,-0.184960,-0.032928,-1.205832,-0.266068,-0.084696,-1.396208,-0.326690,-0.140706,-1.563569,-0.369962
OPEN_PALM,-0.000000,0.000000,0.000000,-0.263678,-0.101651,-0.081683,-0.462604,-0.404999,-0.130031,-0.551411,-0.721706,-0.189779,-0.647062,-0.953471,-0.257027,-0.407293,-0.885869,-0.009587,-0.511184,-1.249123,-0.074139,-0.556401,-1.475576,-0.126077,-0.586315,-1.670261,-0.167007,-0.275480,-0.961307,-0.049149,-0.391281,-1.371543,-0.107841,-0.442797,-1.619484,-0.182975,-0.490134,-1.836318,-0.241128,-0.129982,-0.963435,-0.108340,-0.235816,-1.354065,-0.187313,-0.305746,-1.594319,-0.270435,-0.373401,-1.786756,-0.326752,0.034576,-0.904419,-0.180579,-0.031981,-1.206436,-0.258941,-0.084353,-1.397914,-0.318168,-0.140326,-1.567166,-0.360796
OPEN_PALM,-0.000000,0.000000,0.000000,-0.263097,-0.101375,-0.083998,-0.460185,-0.401523,-0.133540,-0.549344,-0.715016,-0.193993,-0.644396,-0.946431,-0.261725,-0.404647,-0.885682,-0.012157,-0.507226,-1.244290,-0.077248,-0.552753,-1.468414,-0.129800,-0.584606,-1.662082,-0.170943,-0.270738,-0.962653,-0.050187,-0.382711,-1.369358,-0.108667,-0.434609,-1.612375,-0.182799,-0.484992,-1.825070,-0.240267,-0.124740,-0.964108,-0.108124,-0.224470,-1.351107,-0.185633,-0.292350,-1.587361,-0.266946,-0.360761,-1.777189,-0.322346,0.038530,-0.901878,-0.179456,-0.023306,-1.203381,-0.255916,-0.073650,-1.393725,-0.313974,-0.130023,-1.562321,-0.355973
OPEN_PALM,-0.000000,0.000000,0.000000,-0.263885,-0.103070,-0.073566,-0.459942,-0.408223,-0.116826,-0.550356,-0.721626,-0.173368,-0.651347,-0.947492,-0.237851,-0.401101,-0.884858,0.001857,-0.510520,-1.239577,-0.061480,-0.562913,-1.460212,-0.112316,-0.600938,-1.652253,-0.152384,-0.269623,-0.962966,-0.042065,-0.383946,-1.375884,-0.100780,-0.438394,-1.624097,-0.175193,-0.490994,-1.844089,-0.232596,-0.125693,-0.965262,-0.105857,-0.229201,-1.358386,-0.185140,-0.300888,-1.597717,-0.266596,-0.373137,-1.792676,-0.321232,0.037027,-0.905428,-0.182314,-0.027028,-1.212027,-0.261054,-0.078152,-1.403851,-0.319620,-0.136149,-1.574490,-0.361428
OPEN_PALM,-0.000000,0.000000,0.000000,-0.262763,-0.103084,-0.079939,-0.458761,-0.406126,-0.127128,-0.548824,-0.718623,-0.186513,-0.649309,-0.947165,-0.253830,-0.396574,-0.886694,-0.006203,-0.506556,-1.238660,-0.072761,-0.561409,-1.457533,-0.125867,-0.601358,-1.648945,-0.167275,-0.265007,-0.964246,-0.047846,-0.379669,-1.374854,-0.109508,-0.435344,-1.621199,-0.185987,-0.488678,-1.841934,-0.244742,-0.121262,-0.965248,-0.109752,-0.223980,-1.357325,-0.191697,-0.295530,-1.596508,-0.275139,-0.367199,-1.791936,-0.330976,0.041887,-0.903650,-0.184715,-0.020928,-1.209542,-0.265254,-0.071532,-1.401000,-0.325145,-0.128900,-1.571572,-0.367886
OPEN_PALM,-0.000000,0.000000,0.000000,-0.263809,-0.102955,-0.085964,-0.460717,-0.402163,-0.135812,-0.551330,-0.714576,-0.196943,-0.655087,-0.944869,-0.265337,-0.400752,-0.883241,-0.008607,-0.512595,-1.236419,-0.074787,-0.566998,-1.455881,-0.127596,-0.607051,-1.646947,-0.168806,-0.266994,-0.963698,-0.047254,-0.382891,-1.375414,-0.108245,-0.439385,-1.622595,-0.184283,-0.495629,-1.843842,-0.242848,-0.122308,-0.966821,-0.106807,-0.226362,-1.357958,-0.187544,-0.298404,-1.594986,-0.269297,-0.372618,-1.788388,-0.324183,0.040936,-0.906575,-0.180126,-0.023034,-1.213712,-0.259967,-0.074395,-1.406342,-0.319206,-0.134215,-1.578409,-0.361390
OPEN_PALM,-0.000000,0.000000,0.000000,-0.262651,-0.105879,-0.075802,-0.457677,-0.410095,-0.120471,-0.547590,-0.722410,-0.177884,-0.650544,-0.947428,-0.242883,-0.395820,-0.886535,-0.001099,-0.509079,-1.240863,-0.064634,-0.564398,-1.459745,-0.115242,-0.604931,-1.649409,-0.155050,-0.262006,-0.965066,-0.043479,-0.377433,-1.376028,-0.101650,-0.433869,-1.620903,-0.175456,-0.489461,-1.838254,-0.232537,-0.116717,-0.966685,-0.105734,-0.218207,-1.358199,-0.184065,-0.289175,-1.596987,-0.265222,-0.362292,-1.791536,-0.319831,0.046798,-0.904704,-0.180689,-0.015077,-1.211324,-0.258417,-0.065417,-1.405373,-0.316685,-0.123712,-1.578333,-0.358364
OPEN_PALM,-0.000000,0.000000,0.000000,-0.267078,-0.102826,-0.078533,-0.465180,-0.406333,-0.124348,-0.557178,-0.720855,-0.182684,-0.665503,-0.947284,-0.248364,-0.401652,-0.882577,-0.002560,-0.518703,-1.231891,-0.067207,-0.576183,-1.449478,-0.117999,-0.619092,-1.638418,-0.157744,-0.265157,-0.964205,-0.044608,-0.381073,-1.376986,-0.105310,-0.437999,-1.623438,-0.179817,-0.495864,-1.841500,-0.236992,-0.119393,-0.967487,-0.106990,-0.221350,-1.358696,-0.187710,-0.292136,-1.595925,-0.268150,-0.366915,-1.789305,-0.321572,0.043349,-0.906775,-0.182388,-0.019228,-1.214917,-0.261897,-0.069318,-1.410664,-0.320370,-0.129135,-1.585833,-0.361716
OPEN_PALM,-0.000000,0.000000,0.000000,-0.264356,-0.103778,-0.074674,-0.460420,-0.410146,-0.119078,-0.552519,-0.721100,-0.176837,-0.662588,-0.938769,-0.242177,-0.399774,-0.883795,0.001468,-0.517970,-1.233818,-0.061157,-0.577603,-1.451143,-0.111498,-0.622589,-1.639463,-0.151408,-0.262685,-0.964882,-0.042048,-0.375719,-1.376111,-0.098816,-0.432172,-1.620903,-0.172148,-0.489202,-1.836694,-0.229362,-0.116554,-0.967126,-0.105697,-0.213747,-1.357015,-0.182594,-0.283857,-1.595497,-0.262993,-0.357847,-1.790434,-0.317450,0.045126,-0.904832,-0.182123,-0.011641,-1.215007,-0.258806,-0.060240,-1.409572,-0.316588,-0.118937,-1.582952,-0.358192
OPEN_PALM,-0.000000,0.000000,0.000000,-0.272107,-0.101382,-0.072082,-0.475988,-0.405278,-0.116290,-0.571077,-0.716754,-0.174991,-0.673864,-0.947470,-0.241743,-0.412097,-0.877156,0.004614,-0.536663,-1.222605,-0.061074,-0.599743,-1.438791,-0.113970,-0.647601,-1.629132,-0.155179,-0.273032,-0.962005,-0.041825,-0.385021,-1.375314,-0.103538,-0.439847,-1.621939,-0.180473,-0.495660,-1.842494,-0.239415,-0.125754,-0.967805,-0.108489,-0.223235,-1.360215,-0.188955,-0.292890,-1.597291,-0.271075,-0.366140,-1.792022,-0.326003,0.037457,-0.910398,-0.187836,-0.021636,-1.223518,-0.266060,-0.071757,-1.419461,-0.325012,-0.131965,-1.596200,-0.367290
OPEN_PALM,-0.000000,0.000000,0.000000,-0.271112,-0.098290,-0.071273,-0.471804,-0.411624,-0.116479,-0.566653,-0.725770,-0.175469,-0.676668,-0.947212,-0.243486,-0.408559,-0.880093,-0.009432,-0.534575,-1.231241,-0.078588,-0.595400,-1.452154,-0.133584,-0.640711,-1.643803,-0.177055,-0.267007,-0.963695,-0.056522,-0.382397,-1.379445,-0.121629,-0.438552,-1.629773,-0.201552,-0.493909,-1.849212,-0.263597,-0.116720,-0.967370,-0.122339,-0.210317,-1.360899,-0.206227,-0.277758,-1.604095,-0.293831,-0.347975,-1.803277,-0.353099,0.046729,-0.906101,-0.199793,-0.007455,-1.219563,-0.281913,-0.057153,-1.414128,-0.344498,-0.115937,-1.587608,-0.389800
OPEN_PALM,-0.000000,0.000000,0.000000,-0.272179,-0.099899,-0.070572,-0.472701,-0.403915,-0.110418,-0.565449,-0.715255,-0.163990,-0.668290,-0.937394,-0.225575,-0.415822,-0.872658,0.006993,-0.544748,-1.209169,-0.053445,-0.609704,-1.422013,-0.102837,-0.659846,-1.608322,-0.141873,-0.276915,-0.960895,-0.036988,-0.388324,-1.367616,-0.092156,-0.442531,-1.610183,-0.164374,-0.498285,-1.821334,-0.221095,-0.129359,-0.966863,-0.100887,-0.222352,-1.355056,-0.176608,-0.290993,-1.590612,-0.257694,-0.364397,-1.782110,-0.312968,0.034663,-0.908122,-0.177285,-0.013714,-1.214260,-0.252298,-0.057684,-1.405412,-0.310986,-0.113598,-1.575603,-0.353758
OPEN_PALM,-0.000000,0.000000,0.000000,-0.269742,-0.097879,-0.082651,-0.474095,-0.401673,-0.130824,-0.570812,-0.714470,-0.189714,-0.676933,-0.936882,-0.256796,-0.417967,-0.874216,-0.019729,-0.546463,-1.225808,-0.087217,-0.608364,-1.444360,-0.139672,-0.653923,-1.632354,-0.180442,-0.276762,-0.960938,-0.058363,-0.392492,-1.376099,-0.120482,-0.447966,-1.620985,-0.195449,-0.502704,-1.834247,-0.253546,-0.126442,-0.968466,-0.116331,-0.222042,-1.364692,-0.197379,-0.291849,-1.605219,-0.281833,-0.363129,-1.799223,-0.338946,0.039822,-0.912344,-0.187040,-0.011535,-1.222909,-0.266137,-0.057954,-1.418488,-0.327470,-0.113212,-1.592792,-0.371875
OPEN_PALM,-0.000000,0.000000,0.000000,-0.273535,-0.089991,-0.077937,-0.478299,-0.389632,-0.116374,-0.576128,-0.701083,-0.166755,-0.682710,-0.921974,-0.224722,-0.418368,-0.867358,0.011509,-0.549972,-1.201154,-0.045240,-0.615537,-1.413124,-0.092583,-0.665787,-1.597973,-0.129840,-0.279421,-0.960169,-0.025736,-0.393735,-1.367319,-0.076451,-0.449780,-1.610289,-0.147104,-0.507599,-1.820015,-0.202522,-0.132722,-0.970540,-0.084027,-0.224830,-1.359754,-0.156449,-0.292943,-1.598549,-0.237525,-0.367632,-1.792609,-0.292461,0.027938,-0.914088,-0.155728,-0.019576,-1.222571,-0.227845,-0.062924,-1.414699,-0.286131,-0.119245,-1.584808,-0.328372
OPEN_PALM,-0.000000,0.000000,0.000000,-0.272920,-0.095858,-0.084719,-0.477557,-0.401524,-0.131702,-0.575281,-0.712465,-0.189141,-0.684359,-0.931015,-0.254463,-0.420346,-0.873293,-0.012697,-0.550609,-1.217399,-0.077977,-0.614751,-1.432202,-0.130013,-0.662040,-1.616693,-0.170339,-0.278308,-0.960492,-0.048943,-0.392237,-1.373004,-0.108276,-0.446908,-1.616790,-0.183098,-0.501109,-1.828634,-0.241248,-0.128003,-0.967487,-0.105483,-0.219572,-1.360898,-0.184537,-0.285636,-1.599488,-0.268927,-0.354532,-1.793664,-0.325983,0.036344,-0.910436,-0.175161,-0.012908,-1.218021,-0.252186,-0.058130,-1.410394,-0.312862,-0.113115,-1.582888,-0.356997
OPEN_PALM,-0.000000,0.000000,0.000000,-0.272734,-0.093915,-0.087021,-0.479013,-0.396550,-0.136374,-0.576971,-0.707928,-0.195937,-0.683408,-0.927900,-0.263594,-0.423022,-0.873168,-0.019100,-0.552403,-1.223113,-0.086215,-0.615443,-1.441252,-0.139237,-0.661607,-1.628766,-0.180506,-0.281125,-0.959671,-0.055693,-0.395745,-1.376791,-0.116712,-0.450595,-1.624402,-0.192927,-0.504230,-1.839897,-0.252314,-0.130036,-0.965689,-0.112325,-0.224220,-1.361490,-0.193323,-0.292847,-1.605275,-0.279882,-0.363769,-1.803024,-0.338604,0.036822,-0.907544,-0.182070,-0.014732,-1.216618,-0.260831,-0.060314,-1.410354,-0.322585,-0.115340,-1.582513,-0.367599
OPEN_PALM,-0.000000,0.000000,0.000000,-0.272435,-0.096984,-0.075613,-0.475696,-0.401721,-0.121051,-0.573095,-0.709866,-0.178394,-0.681753,-0.921399,-0.243988,-0.418006,-0.875961,-0.016591,-0.544230,-1.223909,-0.083883,-0.605843,-1.441015,-0.135666,-0.651424,-1.628571,-0.175751,-0.276856,-0.960911,-0.058293,-0.390685,-1.373563,-0.120230,-0.446629,-1.616838,-0.193484,-0.502064,-1.828283,-0.250234,-0.127327,-0.965068,-0.118625,-0.220162,-1.357843,-0.198985,-0.287953,-1.596907,-0.280341,-0.359763,-1.792467,-0.335178,0.036505,-0.904108,-0.191129,-0.014716,-1.211265,-0.268622,-0.059972,-1.405263,-0.326981,-0.116173,-1.578763,-0.369224
OPEN_PALM,-0.000000,0.000000,0.000000,-0.273586,-0.096460,-0.079789,-0.479385,-0.398090,-0.127701,-0.577636,-0.707640,-0.186402,-0.685941,-0.923494,-0.253140,-0.422431,-0.873589,-0.022912,-0.548600,-1.228274,-0.090435,-0.609953,-1.448528,-0.142132,-0.653783,-1.636746,-0.182276,-0.280672,-0.959804,-0.062382,-0.395992,-1.379589,-0.124652,-0.452457,-1.628930,-0.198718,-0.506819,-1.844466,-0.256428,-0.129876,-0.966195,-0.120323,-0.223658,-1.365240,-0.201105,-0.292086,-1.610534,-0.284216,-0.362520,-1.808138,-0.340565,0.035800,-0.908024,-0.190573,-0.015682,-1.219854,-0.268673,-0.060925,-1.415976,-0.328167,-0.115501,-1.589104,-0.371437
OPEN_PALM,-0.000000,0.000000,0.000000,-0.271893,-0.098716,-0.065167,-0.474496,-0.403639,-0.106191,-0.573926,-0.708403,-0.162139,-0.687572,-0.917801,-0.226459,-0.414620,-0.877004,0.002231,-0.538471,-1.218176,-0.062300,-0.598651,-1.432602,-0.113909,-0.643501,-1.618574,-0.154420,-0.273804,-0.961786,-0.046167,-0.386036,-1.369881,-0.106778,-0.442592,-1.611712,-0.181131,-0.500190,-1.822100,-0.238891,-0.125313,-0.965965,-0.113468,-0.215864,-1.354270,-0.192050,-0.285117,-1.592051,-0.272941,-0.360334,-1.787898,-0.327989,0.036512,-0.904358,-0.192619,-0.014223,-1.213572,-0.268702,-0.060655,-1.406091,-0.326362,-0.119628,-1.577462,-0.368518
OPEN_PALM,-0.000000,0.000000,0.000000,-0.270757,-0.099253,-0.079701,-0.477490,-0.405358,-0.126305,-0.579404,-0.711550,-0.183974,-0.692615,-0.920501,-0.250129,-0.417861,-0.875586,-0.018353,-0.548177,-1.222645,-0.084933,-0.612657,-1.440772,-0.137409,-0.660721,-1.629769,-0.178414,-0.275723,-0.961237,-0.057694,-0.389824,-1.378145,-0.118971,-0.445207,-1.627702,-0.193958,-0.499478,-1.843797,-0.252784,-0.126210,-0.966437,-0.115970,-0.218899,-1.361120,-0.196953,-0.288272,-1.606004,-0.281627,-0.360475,-1.805849,-0.339059,0.036195,-0.907340,-0.186640,-0.013759,-1.216728,-0.264987,-0.059247,-1.409340,-0.325517,-0.114514,-1.580397,-0.369815
OPEN_PALM,-0.000000,0.000000,0.000000,-0.269119,-0.100122,-0.078044,-0.475186,-0.402224,-0.125895,-0.577303,-0.708208,-0.184819,-0.687711,-0.921901,-0.251768,-0.415317,-0.877766,-0.022152,-0.543429,-1.230645,-0.090149,-0.605646,-1.448984,-0.142818,-0.651381,-1.636543,-0.183721,-0.272506,-0.962154,-0.062496,-0.385809,-1.376781,-0.125867,-0.441564,-1.621144,-0.200555,-0.496766,-1.832266,-0.258400,-0.121995,-0.966605,-0.121081,-0.213823,-1.359082,-0.202119,-0.282475,-1.600613,-0.284989,-0.354680,-1.795255,-0.341023,0.042314,-0.907559,-0.191832,-0.008406,-1.216811,-0.269797,-0.055146,-1.412051,-0.329329,-0.112929,-1.584537,-0.372645
OPEN_PALM,-0.000000,0.000000,0.000000,-0.269142,-0.098830,-0.072909,-0.472855,-0.402879,-0.116905,-0.573039,-0.709735,-0.173648,-0.687064,-0.920257,-0.238504,-0.419279,-0.874699,-0.008452,-0.548233,-1.220542,-0.072338,-0.609596,-1.437884,-0.123109,-0.653390,-1.624053,-0.163063,-0.277441,-0.960743,-0.051259,-0.392521,-1.372843,-0.110289,-0.448521,-1.618171,-0.183803,-0.503209,-1.828499,-0.241338,-0.127265,-0.966668,-0.112777,-0.218750,-1.358755,-0.191076,-0.288341,-1.601755,-0.273833,-0.361042,-1.798530,-0.330180,0.037039,-0.907531,-0.186292,-0.012662,-1.216611,-0.262481,-0.057702,-1.410678,-0.321395,-0.113347,-1.582422,-0.364515
OPEN_PALM,-0.000000,0.000000,0.000000,-0.269939,-0.097111,-0.077197,-0.476973,-0.395708,-0.123568,-0.578171,-0.701013,-0.181690,-0.685284,-0.916081,-0.247913,-0.418422,-0.874927,-0.014443,-0.544251,-1.226045,-0.080774,-0.606587,-1.444619,-0.133382,-0.652803,-1.633234,-0.174285,-0.278567,-0.960417,-0.055026,-0.390414,-1.373900,-0.115778,-0.447236,-1.618233,-0.189745,-0.503860,-1.828834,-0.247322,-0.129915,-0.965941,-0.114426,-0.218769,-1.358408,-0.193158,-0.286972,-1.600047,-0.275080,-0.359598,-1.795150,-0.330881,0.033004,-0.906727,-0.186379,-0.014075,-1.215384,-0.262449,-0.059201,-1.410060,-0.320919,-0.115887,-1.581533,-0.363638
OPEN_PALM,-0.000000,0.000000,0.000000,-0.271853,-0.096634,-0.077061,-0.477066,-0.396019,-0.121950,-0.578423,-0.700285,-0.179355,-0.691901,-0.909963,-0.244580,-0.416451,-0.874801,-0.005262,-0.540710,-1.215726,-0.069765,-0.599923,-1.430790,-0.122014,-0.643296,-1.617302,-0.162726,-0.274990,-0.961447,-0.046273,-0.387443,-1.366488,-0.105297,-0.443314,-1.607545,-0.180156,-0.498405,-1.816013,-0.238332,-0.126044,-0.966882,-0.107048,-0.214032,-1.354044,-0.185216,-0.280532,-1.590501,-0.268036,-0.351610,-1.782839,-0.324121,0.036295,-0.906904,-0.180467,-0.011020,-1.212691,-0.256374,-0.057066,-1.404573,-0.315274,-0.115122,-1.574359,-0.358064
OPEN_PALM,-0.000000,0.000000,0.000000,-0.276627,-0.084958,-0.096458,-0.485103,-0.376359,-0.147852,-0.585556,-0.684551,-0.207341,-0.696871,-0.902157,-0.274124,-0.431400,-0.864861,-0.023754,-0.563943,-1.206612,-0.089273,-0.626596,-1.423159,-0.141569,-0.672691,-1.610666,-0.181943,-0.287972,-0.957639,-0.053448,-0.403315,-1.369621,-0.112242,-0.458222,-1.614473,-0.186793,-0.512069,-1.825785,-0.244902,-0.137383,-0.966385,-0.103933,-0.228859,-1.358015,-0.182594,-0.294911,-1.595246,-0.267377,-0.364177,-1.786677,-0.324624,0.026991,-0.909801,-0.168477,-0.020278,-1.216057,-0.245004,-0.063991,-1.408067,-0.306329,-0.118745,-1.578666,-0.350694
OPEN_PALM,-0.000000,0.000000,0.000000,-0.274146,-0.086751,-0.105648,-0.480037,-0.378294,-0.164006,-0.578446,-0.684447,-0.229177,-0.693915,-0.896635,-0.301815,-0.426942,-0.867942,-0.038457,-0.555448,-1.209669,-0.111578,-0.615933,-1.425586,-0.168779,-0.660057,-1.612507,-0.211850,-0.284162,-0.958776,-0.066280,-0.398741,-1.368207,-0.133189,-0.454607,-1.609187,-0.212002,-0.510649,-1.819726,-0.272106,-0.133818,-0.968583,-0.115485,-0.226148,-1.361121,-0.200547,-0.293853,-1.597225,-0.287740,-0.364948,-1.789330,-0.346152,0.031790,-0.913995,-0.179393,-0.014805,-1.224215,-0.260557,-0.059639,-1.416541,-0.323680,-0.115931,-1.588268,-0.369291
OPEN_PALM,-0.000000,0.000000,0.000000,-0.280597,-0.080698,-0.114023,-0.490302,-0.372997,-0.174426,-0.589282,-0.683896,-0.240493,-0.708225,-0.904202,-0.313751,-0.436070,-0.862527,-0.038391,-0.570986,-1.201251,-0.110665,-0.634409,-1.415959,-0.167928,-0.682750,-1.602778,-0.211066,-0.289475,-0.957186,-0.061547,-0.403134,-1.366322,-0.126428,-0.457485,-1.606533,-0.205499,-0.513680,-1.815737,-0.266059,-0.137157,-0.968645,-0.107203,-0.227585,-1.360578,-0.190742,-0.293012,-1.592591,-0.278351,-0.363164,-1.780075,-0.337099,0.027979,-0.915032,-0.168441,-0.020418,-1.223577,-0.248366,-0.066542,-1.414294,-0.311849,-0.124564,-1.584071,-0.357650
OPEN_PALM,-0.000000,0.000000,0.000000,-0.279001,-0.089233,-0.101255,-0.485365,-0.386033,-0.158314,-0.585592,-0.693446,-0.223214,-0.709285,-0.902708,-0.295861,-0.427472,-0.869369,-0.035365,-0.560263,-1.210537,-0.107510,-0.623925,-1.426903,-0.164493,-0.672737,-1.614685,-0.207894,-0.283832,-0.958874,-0.065482,-0.397543,-1.368890,-0.130963,-0.453627,-1.611040,-0.209693,-0.510387,-1.821615,-0.270303,-0.132285,-0.967682,-0.116476,-0.224286,-1.360052,-0.200300,-0.291818,-1.596109,-0.287251,-0.363195,-1.788046,-0.346002,0.034038,-0.912434,-0.181681,-0.014121,-1.221212,-0.261959,-0.060188,-1.413518,-0.324352,-0.117581,-1.584956,-0.369825
OPEN_PALM,-0.000000,0.000000,0.000000,-0.282414,-0.087667,-0.105147,-0.490719,-0.379525,-0.164214,-0.589818,-0.686184,-0.230772,-0.710554,-0.900982,-0.305170,-0.429856,-0.865656,-0.039002,-0.566185,-1.201923,-0.112803,-0.631545,-1.417680,-0.170956,-0.682361,-1.607545,-0.215005,-0.285303,-0.958437,-0.068078,-0.397920,-1.368378,-0.134657,-0.451126,-1.611078,-0.213872,-0.505042,-1.825039,-0.274892,-0.134395,-0.968386,-0.118448,-0.224901,-1.360407,-0.202908,-0.289484,-1.593985,-0.289869,-0.358343,-1.785845,-0.348602,0.030865,-0.914182,-0.183517,-0.016041,-1.222460,-0.264160,-0.060595,-1.415594,-0.327184,-0.117069,-1.589658,-0.373037
OPEN_PALM,-0.000000,0.000000,0.000000,-0.283536,-0.085290,-0.102706,-0.498272,-0.379562,-0.158456,-0.605348,-0.687701,-0.221323,-0.729244,-0.898454,-0.291836,-0.435168,-0.859814,-0.038513,-0.576347,-1.200680,-0.108954,-0.641707,-1.418862,-0.163705,-0.691486,-1.607778,-0.205384,-0.291177,-0.956669,-0.066215,-0.406495,-1.371813,-0.128361,-0.459662,-1.617573,-0.204270,-0.512945,-1.830554,-0.263475,-0.139737,-0.971295,-0.114398,-0.233052,-1.368512,-0.194616,-0.298084,-1.601497,-0.279411,-0.367062,-1.789745,-0.337100,0.026159,-0.923433,-0.177016,-0.021719,-1.231871,-0.254229,-0.065636,-1.424848,-0.315733,-0.120764,-1.597215,-0.360646
OPEN_PALM,-0.000000,0.000000,0.000000,-0.282701,-0.086635,-0.103229,-0.496523,-0.380114,-0.159850,-0.605232,-0.684770,-0.223530,-0.729864,-0.897240,-0.294752,-0.434482,-0.863635,-0.037323,-0.574254,-1.198100,-0.108109,-0.640612,-1.412871,-0.164008,-0.691536,-1.599865,-0.206371,-0.290486,-0.956879,-0.064593,-0.403568,-1.365495,-0.127433,-0.458232,-1.607583,-0.203949,-0.512680,-1.816525,-0.263429,-0.139175,-0.968200,-0.112564,-0.229365,-1.361134,-0.193085,-0.294388,-1.592874,-0.277872,-0.363347,-1.781615,-0.335676,0.025860,-0.916391,-0.175024,-0.019011,-1.220921,-0.251757,-0.063244,-1.411219,-0.312644,-0.119233,-1.582246,-0.357350
OPEN_PALM,-0.000000,0.000000,0.000000,-0.282328,-0.081881,-0.107658,-0.496263,-0.374740,-0.165789,-0.605091,-0.681908,-0.229517,-0.731189,-0.894654,-0.300863,-0.430468,-0.862693,-0.045263,-0.574718,-1.199441,-0.117168,-0.643724,-1.414725,-0.172516,-0.696588,-1.602619,-0.214116,-0.285427,-0.958400,-0.069434,-0.401721,-1.371071,-0.133321,-0.456148,-1.615031,-0.208833,-0.510459,-1.825951,-0.267326,-0.134138,-0.970469,-0.114269,-0.226828,-1.365169,-0.196503,-0.291237,-1.603880,-0.281812,-0.359792,-1.797451,-0.339217,0.028876,-0.918083,-0.173676,-0.020016,-1.225581,-0.251578,-0.064817,-1.419419,-0.313016,-0.120786,-1.592122,-0.357692
OPEN_PALM,-0.000000,0.000000,0.000000,-0.282672,-0.081903,-0.106109,-0.497435,-0.371301,-0.166035,-0.606735,-0.675108,-0.231715,-0.733602,-0.888973,-0.305081,-0.436361,-0.862666,-0.052223,-0.578078,-1.202485,-0.126494,-0.644099,-1.418964,-0.182491,-0.693754,-1.606595,-0.224087,-0.290704,-0.956813,-0.077421,-0.405761,-1.372364,-0.144682,-0.458754,-1.615748,-0.220176,-0.510961,-1.825703,-0.277897,-0.138407,-0.969091,-0.122380,-0.231428,-1.366173,-0.206316,-0.294520,-1.602127,-0.289709,-0.360234,-1.792999,-0.345418,0.026994,-0.918408,-0.181642,-0.023033,-1.225731,-0.260148,-0.067334,-1.420279,-0.320428,-0.121220,-1.594816,-0.363982
OPEN_PALM,-0.000000,0.000000,0.000000,-0.280979,-0.085966,-0.103182,-0.495608,-0.376226,-0.161921,-0.606351,-0.677518,-0.227173,-0.732962,-0.885790,-0.300403,-0.428736,-0.864325,-0.048986,-0.570114,-1.195623,-0.123938,-0.638849,-1.409083,-0.181055,-0.692854,-1.596878,-0.223786,-0.285436,-0.958398,-0.076694,-0.401405,-1.368817,-0.144370,-0.457439,-1.612920,-0.221098,-0.513667,-1.827407,-0.280398,-0.134291,-0.968792,-0.124264,-0.226984,-1.362782,-0.208722,-0.291989,-1.600116,-0.293132,-0.360837,-1.795437,-0.350027,0.030770,-0.914448,-0.185956,-0.016936,-1.221463,-0.265087,-0.061280,-1.414279,-0.325795,-0.116342,-1.588769,-0.370007
OPEN_PALM,-0.000000,0.000000,0.000000,-0.287355,-0.080928,-0.114544,-0.504787,-0.370943,-0.177750,-0.616158,-0.674298,-0.245283,-0.745132,-0.883862,-0.320390,-0.443218,-0.858601,-0.060673,-0.585531,-1.192567,-0.137334,-0.651621,-1.407771,-0.195114,-0.702517,-1.596547,-0.237838,-0.296492,-0.955035,-0.082138,-0.411445,-1.366505,-0.150909,-0.465040,-1.608146,-0.227372,-0.518897,-1.819031,-0.286150,-0.143576,-0.968010,-0.124138,-0.235076,-1.362031,-0.209703,-0.297052,-1.596982,-0.294575,-0.363034,-1.790210,-0.351460,0.022083,-0.916785,-0.181090,-0.025308,-1.220801,-0.260251,-0.067834,-1.412706,-0.321416,-0.120615,-1.587229,-0.365857
OPEN_PALM,-0.000000,0.000000,0.000000,-0.279116,-0.084199,-0.094587,-0.489358,-0.379015,-0.146443,-0.599954,-0.682073,-0.206659,-0.731083,-0.884476,-0.274608,-0.420508,-0.866676,-0.028445,-0.558767,-1.196894,-0.095960,-0.630643,-1.407336,-0.149544,-0.688200,-1.591191,-0.190451,-0.279783,-0.960063,-0.058175,-0.394871,-1.366912,-0.117449,-0.456210,-1.607226,-0.192037,-0.517859,-1.816307,-0.250328,-0.131881,-0.970874,-0.107924,-0.220554,-1.361986,-0.184731,-0.284457,-1.595899,-0.267729,-0.352462,-1.788325,-0.324269,0.027591,-0.916045,-0.171459,-0.015515,-1.222570,-0.244841,-0.057331,-1.412943,-0.303611,-0.109786,-1.583277,-0.346686
OPEN_PALM,-0.000000,0.000000,0.000000,-0.280831,-0.080837,-0.110628,-0.491567,-0.366716,-0.168820,-0.599844,-0.667571,-0.232953,-0.728235,-0.873749,-0.303920,-0.435095,-0.858159,-0.037447,-0.575277,-1.186370,-0.106950,-0.639485,-1.396367,-0.161827,-0.688041,-1.579000,-0.202852,-0.292085,-0.956392,-0.059854,-0.405980,-1.359042,-0.120136,-0.458994,-1.594433,-0.195320,-0.512486,-1.799306,-0.253463,-0.141900,-0.970842,-0.104033,-0.230054,-1.359130,-0.181819,-0.289270,-1.585041,-0.265362,-0.353608,-1.769609,-0.322012,0.022851,-0.921405,-0.163525,-0.022153,-1.222836,-0.237776,-0.062466,-1.412535,-0.298016,-0.114695,-1.584666,-0.341914
OPEN_PALM,-0.000000,0.000000,0.000000,-0.283657,-0.084473,-0.104920,-0.502853,-0.372608,-0.158416,-0.615982,-0.673417,-0.217840,-0.739631,-0.876189,-0.284066,-0.446750,-0.854221,-0.034229,-0.584771,-1.180823,-0.100842,-0.648851,-1.391479,-0.153261,-0.697220,-1.573042,-0.192183,-0.303969,-0.952682,-0.056578,-0.416474,-1.353479,-0.113553,-0.469788,-1.588369,-0.185165,-0.523480,-1.789646,-0.240921,-0.154349,-0.969248,-0.099787,-0.242206,-1.357282,-0.174480,-0.300958,-1.584834,-0.255255,-0.364287,-1.768463,-0.310305,0.009151,-0.923291,-0.157950,-0.033139,-1.223424,-0.228556,-0.072379,-1.412597,-0.286242,-0.123151,-1.582317,-0.328624
OPEN_PALM,-0.000000,0.000000,0.000000,-0.281608,-0.086199,-0.090306,-0.487487,-0.378548,-0.140126,-0.594551,-0.676850,-0.199274,-0.726544,-0.872891,-0.265990,-0.423509,-0.865035,-0.022890,-0.564630,-1.186626,-0.089345,-0.636597,-1.393558,-0.142004,-0.694172,-1.574149,-0.181925,-0.283716,-0.958908,-0.054391,-0.399334,-1.360908,-0.113190,-0.459258,-1.599070,-0.185989,-0.519849,-1.806146,-0.242606,-0.136402,-0.969928,-0.105933,-0.226596,-1.360142,-0.182152,-0.289074,-1.591995,-0.262838,-0.356088,-1.783111,-0.317648,0.023595,-0.914861,-0.171131,-0.019937,-1.219671,-0.243671,-0.061567,-1.410789,-0.300895,-0.113964,-1.583110,-0.342759
OPEN_PALM,-0.000000,0.000000,0.000000,-0.286480,-0.081150,-0.103659,-0.502582,-0.366257,-0.160198,-0.613033,-0.665779,-0.222746,-0.739209,-0.871890,-0.292360,-0.442579,-0.856968,-0.046608,-0.585542,-1.186510,-0.118199,-0.654299,-1.396561,-0.172103,-0.706999,-1.579651,-0.211686,-0.298878,-0.954291,-0.070847,-0.411530,-1.359640,-0.133861,-0.466903,-1.594531,-0.205310,-0.522179,-1.797984,-0.260237,-0.148633,-0.968087,-0.114923,-0.236121,-1.360683,-0.193848,-0.296183,-1.588037,-0.272910,-0.360151,-1.772920,-0.326028,0.014782,-0.918241,-0.173484,-0.028348,-1.219283,-0.246893,-0.068654,-1.410509,-0.304023,-0.119809,-1.583470,-0.345431
OPEN_PALM,-0.000000,0.000000,0.000000,-0.284137,-0.084055,-0.097626,-0.500826,-0.373968,-0.150174,-0.614816,-0.673678,-0.209747,-0.744099,-0.872174,-0.276668,-0.433701,-0.857367,-0.037759,-0.577738,-1.183046,-0.106727,-0.650201,-1.392120,-0.159753,-0.706889,-1.574119,-0.199404,-0.289309,-0.957236,-0.064755,-0.404417,-1.365564,-0.125792,-0.464217,-1.606669,-0.198454,-0.525604,-1.814089,-0.255134,-0.139320,-0.972474,-0.111367,-0.225613,-1.365010,-0.188544,-0.287833,-1.599872,-0.269308,-0.356248,-1.790986,-0.324225,0.021396,-0.921347,-0.172020,-0.017491,-1.226078,-0.244128,-0.056592,-1.417798,-0.301612,-0.108542,-1.588034,-0.343830
OPEN_PALM,-0.000000,0.000000,0.000000,-0.284379,-0.077293,-0.103109,-0.500759,-0.359722,-0.159014,-0.613999,-0.657845,-0.221353,-0.741635,-0.864570,-0.291075,-0.439158,-0.853738,-0.043089,-0.584341,-1.180310,-0.115260,-0.654394,-1.388998,-0.170665,-0.707930,-1.570391,-0.211412,-0.295091,-0.955469,-0.068349,-0.407076,-1.362503,-0.132789,-0.464417,-1.599259,-0.207304,-0.523030,-1.802789,-0.264383,-0.145133,-0.972107,-0.113762,-0.227386,-1.365672,-0.193388,-0.288980,-1.595380,-0.275498,-0.356061,-1.780111,-0.330729,0.016384,-0.922505,-0.173685,-0.021342,-1.228738,-0.247973,-0.061206,-1.421314,-0.307186,-0.114019,-1.591957,-0.350139
OPEN_PALM,-0.000000,0.000000,0.000000,-0.287013,-0.077550,-0.103874,-0.508053,-0.360021,-0.153735,-0.624430,-0.662035,-0.210011,-0.750669,-0.872148,-0.272899,-0.440151,-0.851450,-0.018688,-0.587480,-1.173456,-0.081092,-0.661016,-1.380771,-0.132004,-0.717688,-1.562773,-0.170322,-0.297484,-0.954727,-0.040626,-0.413982,-1.354729,-0.093683,-0.473078,-1.592051,-0.165348,-0.533500,-1.798206,-0.221286,-0.149651,-0.972808,-0.084560,-0.232932,-1.359810,-0.156359,-0.293952,-1.595229,-0.238319,-0.362334,-1.786211,-0.294012,0.009399,-0.924560,-0.143690,-0.024629,-1.230659,-0.212230,-0.059783,-1.424312,-0.270330,-0.110313,-1.595027,-0.312742
OPEN_PALM,-0.000000,0.000000,0.000000,-0.286158,-0.076169,-0.111499,-0.507584,-0.352837,-0.169767,-0.625234,-0.652357,-0.232691,-0.751389,-0.864245,-0.302556,-0.439208,-0.850548,-0.046352,-0.585074,-1.176919,-0.117512,-0.659688,-1.385656,-0.172420,-0.719130,-1.568526,-0.213021,-0.296070,-0.955166,-0.067009,-0.411187,-1.362407,-0.128499,-0.473407,-1.603467,-0.202259,-0.538015,-1.813836,-0.259863,-0.147057,-0.973318,-0.108742,-0.230049,-1.367792,-0.185895,-0.292355,-1.604701,-0.268118,-0.361865,-1.795625,-0.324302,0.014302,-0.923760,-0.165873,-0.018177,-1.234786,-0.238047,-0.052868,-1.431298,-0.296871,-0.102904,-1.603659,-0.339975
OPEN_PALM,-0.000000,0.000000,0.000000,-0.285272,-0.076187,-0.105593,-0.503035,-0.358596,-0.159424,-0.616179,-0.660261,-0.219388,-0.741347,-0.869237,-0.286378,-0.437810,-0.852321,-0.032605,-0.584094,-1.173924,-0.099587,-0.657093,-1.381957,-0.153044,-0.714623,-1.564298,-0.192980,-0.293606,-0.955926,-0.054755,-0.407807,-1.358003,-0.111840,-0.467086,-1.596259,-0.184758,-0.528360,-1.803424,-0.241987,-0.143463,-0.973800,-0.098042,-0.225601,-1.362503,-0.172155,-0.286155,-1.598890,-0.254537,-0.353592,-1.790311,-0.311035,0.018801,-0.924471,-0.156348,-0.014162,-1.230819,-0.225967,-0.049130,-1.424237,-0.283963,-0.098494,-1.595382,-0.326722
OPEN_PALM,-0.000000,0.000000,0.000000,-0.290501,-0.070722,-0.108920,-0.510489,-0.352421,-0.165317,-0.623304,-0.656711,-0.227624,-0.753130,-0.868871,-0.297001,-0.449157,-0.847920,-0.037969,-0.597333,-1.174988,-0.107320,-0.667991,-1.385929,-0.161992,-0.721947,-1.569207,-0.202807,-0.302386,-0.953186,-0.060172,-0.419585,-1.358091,-0.121217,-0.476562,-1.597176,-0.196691,-0.534557,-1.802812,-0.254949,-0.149809,-0.973675,-0.103551,-0.237716,-1.361828,-0.181579,-0.298533,-1.591369,-0.265118,-0.364569,-1.774224,-0.321492,0.015108,-0.928938,-0.162097,-0.026768,-1.234520,-0.235907,-0.066660,-1.424766,-0.295811,-0.119031,-1.591714,-0.339150
OPEN_PALM,-0.000000,0.000000,0.000000,-0.285588,-0.075490,-0.106802,-0.506180,-0.361495,-0.159748,-0.622700,-0.664602,-0.218957,-0.749118,-0.870473,-0.285084,-0.440831,-0.850864,-0.027893,-0.590250,-1.175209,-0.094492,-0.666133,-1.382632,-0.147751,-0.725709,-1.564782,-0.187716,-0.295801,-0.955250,-0.050226,-0.414966,-1.360166,-0.107308,-0.475984,-1.599847,-0.181511,-0.539314,-1.807687,-0.239425,-0.145629,-0.974123,-0.094430,-0.231979,-1.363249,-0.169528,-0.293753,-1.598398,-0.253119,-0.363330,-1.789261,-0.309754,0.015697,-0.927394,-0.153925,-0.022707,-1.236060,-0.225130,-0.061403,-1.428759,-0.284355,-0.114703,-1.599361,-0.327512
OPEN_PALM,-0.000000,0.000000,0.000000,-0.286190,-0.076575,-0.105866,-0.504028,-0.359303,-0.161182,-0.618796,-0.660369,-0.223418,-0.748203,-0.867309,-0.292873,-0.438731,-0.852921,-0.031652,-0.586048,-1.179431,-0.101279,-0.659879,-1.389345,-0.157081,-0.718081,-1.574478,-0.198921,-0.294446,-0.955668,-0.056362,-0.411255,-1.361737,-0.117427,-0.471929,-1.603436,-0.194018,-0.535149,-1.814754,-0.253413,-0.144487,-0.973714,-0.102602,-0.228580,-1.364872,-0.180110,-0.291880,-1.602145,-0.264682,-0.362550,-1.794711,-0.322124,0.017525,-0.925532,-0.163987,-0.018484,-1.238133,-0.236658,-0.056400,-1.432328,-0.296200,-0.109098,-1.603302,-0.339774
OPEN_PALM,-0.000000,0.000000,0.000000,-0.289191,-0.076490,-0.107996,-0.508203,-0.356079,-0.166812,-0.622621,-0.655822,-0.232112,-0.750244,-0.866653,-0.304872,-0.445623,-0.850243,-0.040992,-0.593771,-1.177321,-0.113732,-0.667625,-1.387920,-0.171371,-0.726334,-1.573818,-0.214467,-0.300778,-0.953694,-0.065987,-0.414848,-1.363147,-0.129507,-0.473864,-1.604836,-0.206739,-0.535370,-1.816749,-0.266879,-0.149518,-0.972136,-0.112253,-0.231733,-1.367399,-0.191471,-0.293921,-1.603089,-0.276568,-0.362700,-1.795407,-0.334919,0.014444,-0.923679,-0.173605,-0.019673,-1.237163,-0.247975,-0.057336,-1.431150,-0.308379,-0.109221,-1.603776,-0.352949
OPEN_PALM,-0.000000,0.000000,0.000000,-0.286827,-0.076704,-0.109072,-0.507217,-0.357220,-0.167242,-0.622997,-0.658743,-0.231374,-0.751805,-0.868841,-0.302614,-0.439139,-0.852090,-0.041048,-0.589922,-1.177018,-0.111834,-0.665793,-1.385553,-0.167383,-0.726213,-1.568904,-0.209177,-0.295283,-0.955410,-0.064514,-0.413458,-1.361984,-0.125808,-0.475568,-1.603865,-0.201513,-0.539384,-1.815707,-0.260907,-0.144754,-0.973234,-0.109212,-0.231385,-1.366905,-0.186998,-0.295298,-1.603884,-0.271716,-0.365375,-1.796924,-0.329949,0.018997,-0.923928,-0.169001,-0.013916,-1.235510,-0.242355,-0.049378,-1.431456,-0.302619,-0.099487,-1.605950,-0.347073
OPEN_PALM,-0.000000,0.000000,0.000000,-0.286845,-0.077042,-0.107920,-0.507708,-0.358151,-0.164435,-0.625479,-0.657929,-0.227332,-0.757463,-0.865575,-0.297480,-0.442042,-0.851901,-0.034365,-0.591438,-1.175903,-0.103001,-0.665929,-1.384672,-0.158178,-0.725650,-1.568828,-0.199828,-0.297943,-0.954584,-0.057735,-0.412865,-1.359873,-0.116330,-0.472246,-1.600240,-0.191321,-0.533651,-1.810841,-0.250365,-0.146877,-0.971924,-0.102721,-0.230583,-1.364281,-0.178552,-0.291551,-1.598697,-0.262712,-0.359059,-1.790734,-0.320688,0.017352,-0.922803,-0.162910,-0.016365,-1.232720,-0.235048,-0.052170,-1.426066,-0.294798,-0.102128,-1.599239,-0.338927
OPEN_PALM,-0.000000,0.000000,0.000000,-0.288431,-0.076402,-0.108147,-0.510138,-0.359597,-0.166298,-0.627662,-0.661164,-0.230309,-0.760859,-0.864919,-0.301460,-0.443697,-0.851089,-0.045071,-0.593442,-1.180549,-0.116297,-0.667947,-1.390740,-0.171217,-0.726551,-1.574436,-0.212352,-0.298287,-0.954476,-0.068317,-0.415647,-1.365479,-0.129857,-0.477263,-1.609000,-0.204486,-0.540395,-1.820755,-0.263158,-0.146112,-0.972419,-0.112260,-0.232187,-1.369038,-0.189959,-0.295328,-1.607525,-0.273662,-0.364620,-1.801233,-0.331141,0.019271,-0.923986,-0.171071,-0.012747,-1.235782,-0.243931,-0.048220,-1.431536,-0.303288,-0.098218,-1.606268,-0.347093
OPEN_PALM,-0.000000,0.000000,0.000000,-0.288941,-0.075672,-0.110696,-0.510961,-0.357569,-0.169177,-0.629050,-0.659609,-0.233273,-0.762164,-0.865629,-0.304357,-0.444189,-0.849834,-0.041782,-0.593339,-1.176805,-0.112052,-0.667745,-1.386264,-0.167524,-0.726322,-1.569497,-0.209284,-0.299462,-0.954108,-0.063891,-0.415422,-1.363625,-0.124428,-0.476808,-1.607466,-0.200815,-0.539924,-1.819365,-0.260931,-0.147752,-0.972795,-0.107260,-0.231849,-1.368617,-0.184312,-0.294602,-1.606943,-0.270132,-0.364129,-1.799851,-0.329298,0.017396,-0.924900,-0.165731,-0.012289,-1.237351,-0.238390,-0.046878,-1.432822,-0.298943,-0.096963,-1.606574,-0.343767
OPEN_PALM,-0.000000,0.000000,0.000000,-0.287153,-0.076420,-0.107125,-0.509820,-0.359619,-0.163660,-0.629959,-0.659141,-0.226698,-0.763969,-0.862023,-0.296708,-0.442788,-0.850460,-0.035595,-0.590728,-1.174489,-0.105027,-0.663938,-1.383943,-0.160386,-0.721878,-1.568020,-0.202112,-0.298995,-0.954255,-0.059574,-0.414531,-1.361859,-0.119525,-0.475069,-1.607256,-0.195675,-0.537616,-1.820775,-0.255637,-0.147675,-0.972040,-0.104919,-0.231986,-1.365575,-0.181156,-0.294292,-1.603430,-0.265552,-0.363880,-1.796485,-0.323763,0.017329,-0.923626,-0.165374,-0.012656,-1.235498,-0.237276,-0.047454,-1.430900,-0.296780,-0.098141,-1.604994,-0.340836
OPEN_PALM,-0.000000,0.000000,0.000000,-0.291060,-0.074587,-0.107988,-0.515857,-0.351842,-0.166345,-0.636497,-0.649312,-0.230868,-0.767368,-0.853938,-0.302359,-0.449429,-0.846879,-0.041890,-0.597930,-1.173515,-0.113202,-0.671758,-1.383039,-0.169115,-0.730043,-1.566696,-0.210851,-0.305630,-0.952150,-0.065835,-0.419286,-1.363340,-0.127065,-0.478754,-1.607839,-0.202700,-0.539566,-1.820663,-0.262191,-0.153832,-0.971547,-0.110873,-0.237771,-1.368071,-0.187762,-0.298695,-1.606550,-0.271860,-0.366513,-1.800262,-0.329986,0.012277,-0.924624,-0.170973,-0.017688,-1.236032,-0.243033,-0.051916,-1.433230,-0.302470,-0.101973,-1.610005,-0.346628
OPEN_PALM,-0.000000,0.000000,0.000000,-0.290906,-0.071474,-0.113037,-0.519639,-0.347801,-0.171346,-0.644494,-0.646787,-0.234461,-0.774834,-0.855976,-0.304394,-0.450343,-0.843960,-0.042651,-0.602368,-1.167865,-0.112575,-0.678994,-1.376703,-0.167438,-0.739651,-1.561366,-0.208419,-0.305703,-0.952127,-0.062819,-0.421492,-1.362372,-0.123154,-0.480733,-1.606930,-0.198137,-0.540604,-1.818818,-0.256889,-0.153900,-0.972430,-0.104546,-0.237974,-1.367510,-0.182126,-0.298138,-1.606061,-0.266788,-0.365268,-1.798476,-0.324459,0.011893,-0.926217,-0.161697,-0.018193,-1.235640,-0.234660,-0.051890,-1.432207,-0.294975,-0.101984,-1.606220,-0.339090
OPEN_PALM,-0.000000,0.000000,0.000000,-0.289155,-0.075992,-0.103746,-0.516705,-0.355428,-0.157855,-0.640752,-0.651962,-0.218923,-0.772224,-0.855687,-0.287171,-0.444315,-0.847866,-0.030365,-0.594294,-1.169930,-0.098401,-0.669945,-1.377216,-0.152872,-0.728864,-1.559563,-0.193578,-0.298577,-0.954385,-0.055080,-0.411093,-1.361801,-0.114271,-0.469834,-1.604887,-0.189614,-0.529086,-1.815347,-0.248497,-0.147199,-0.974311,-0.101065,-0.227212,-1.365276,-0.177402,-0.286839,-1.604635,-0.261831,-0.353153,-1.797819,-0.319265,0.015925,-0.928073,-0.161957,-0.013137,-1.238553,-0.233626,-0.047414,-1.433737,-0.293016,-0.097580,-1.605329,-0.336533
OPEN_PALM,-0.000000,0.000000,0.000000,-0.286656,-0.073886,-0.106033,-0.513952,-0.346653,-0.162183,-0.642545,-0.635370,-0.225093,-0.780914,-0.833085,-0.294789,-0.450400,-0.845199,-0.031433,-0.599487,-1.161220,-0.098905,-0.674135,-1.366179,-0.153431,-0.732906,-1.546700,-0.194223,-0.306627,-0.951830,-0.055436,-0.419078,-1.354098,-0.112283,-0.478297,-1.593746,-0.186246,-0.538707,-1.802221,-0.244766,-0.156099,-0.971804,-0.101202,-0.235899,-1.359598,-0.174630,-0.293856,-1.593325,-0.257100,-0.359550,-1.784075,-0.314089,0.006195,-0.925546,-0.162247,-0.022580,-1.233506,-0.231632,-0.055041,-1.428417,-0.289796,-0.104146,-1.603100,-0.332956
OPEN_PALM,-0.000000,0.000000,0.000000,-0.285376,-0.075746,-0.106634,-0.513255,-0.347506,-0.161914,-0.643403,-0.634383,-0.224148,-0.783110,-0.826723,-0.293519,-0.447538,-0.846677,-0.026656,-0.596938,-1.162585,-0.092737,-0.674183,-1.366956,-0.148032,-0.735827,-1.547095,-0.189610,-0.301731,-0.953393,-0.050251,-0.409760,-1.354601,-0.105337,-0.469041,-1.589669,-0.180031,-0.530486,-1.790900,-0.239068,-0.150711,-0.973667,-0.095987,-0.221683,-1.361607,-0.168427,-0.278220,-1.595164,-0.253103,-0.344401,-1.783728,-0.311556,0.010316,-0.926565,-0.157154,-0.010526,-1.238709,-0.226492,-0.041159,-1.432092,-0.285890,-0.089890,-1.601747,-0.329858
OPEN_PALM,-0.000000,0.000000,0.000000,-0.285212,-0.076577,-0.106299,-0.512777,-0.345910,-0.160943,-0.643419,-0.630391,-0.222420,-0.781706,-0.822559,-0.290616,-0.447916,-0.846545,-0.024244,-0.595818,-1.162794,-0.086534,-0.670868,-1.367299,-0.138949,-0.730233,-1.546158,-0.178731,-0.303402,-0.952863,-0.046641,-0.409047,-1.355110,-0.096594,-0.465688,-1.592790,-0.168308,-0.523615,-1.794500,-0.225886,-0.152724,-0.972659,-0.091190,-0.220568,-1.359191,-0.159639,-0.271925,-1.595523,-0.243574,-0.332597,-1.785617,-0.301974,0.007947,-0.924935,-0.151086,-0.008627,-1.233254,-0.217152,-0.034246,-1.424936,-0.275441,-0.077330,-1.592618,-0.318816
OPEN_PALM,-0.000000,0.000000,0.000000,-0.282595,-0.080547,-0.102875,-0.509571,-0.346954,-0.156576,-0.640907,-0.628402,-0.217541,-0.776634,-0.820480,-0.285087,-0.443471,-0.848562,-0.021646,-0.594885,-1.161438,-0.083957,-0.671686,-1.364531,-0.136262,-0.732555,-1.543937,-0.175685,-0.299285,-0.954164,-0.045078,-0.407481,-1.350837,-0.095402,-0.462942,-1.586812,-0.165422,-0.518251,-1.789690,-0.221382,-0.149821,-0.972784,-0.090312,-0.220977,-1.354789,-0.158362,-0.272664,-1.590418,-0.238445,-0.332471,-1.782754,-0.293991,0.010469,-0.925002,-0.150986,-0.007419,-1.232700,-0.216054,-0.032910,-1.425567,-0.271751,-0.075266,-1.597039,-0.313064
OPEN_PALM,-0.000000,0.000000,0.000000,-0.281101,-0.082820,-0.092757,-0.506890,-0.354134,-0.140766,-0.638285,-0.633537,-0.198394,-0.772934,-0.822249,-0.262890,-0.434998,-0.851796,-0.006186,-0.584811,-1.164793,-0.064803,-0.662957,-1.365776,-0.115047,-0.725199,-1.542340,-0.153409,-0.292467,-0.956276,-0.034579,-0.398898,-1.354726,-0.080256,-0.457096,-1.591787,-0.149691,-0.516030,-1.796227,-0.205862,-0.143784,-0.974765,-0.084813,-0.212601,-1.357219,-0.148454,-0.264534,-1.594971,-0.229209,-0.325343,-1.788186,-0.285887,0.014385,-0.926708,-0.149789,-0.005862,-1.234212,-0.211984,-0.033508,-1.429146,-0.267792,-0.078046,-1.600997,-0.309616
OPEN_PALM,-0.000000,0.000000,0.000000,-0.278778,-0.079073,-0.097140,-0.503448,-0.345555,-0.147119,-0.634085,-0.623259,-0.205594,-0.772167,-0.806560,-0.270939,-0.437150,-0.850547,-0.014567,-0.586075,-1.163678,-0.075629,-0.662301,-1.366390,-0.127077,-0.722755,-1.545514,-0.165752,-0.292786,-0.956178,-0.040514,-0.399835,-1.354874,-0.090455,-0.457557,-1.590331,-0.160321,-0.516273,-1.792218,-0.215685,-0.143541,-0.974171,-0.088141,-0.211212,-1.357076,-0.155966,-0.261757,-1.590870,-0.235806,-0.322124,-1.780824,-0.290388,0.015047,-0.925960,-0.150776,-0.003377,-1.233041,-0.215495,-0.029148,-1.425896,-0.271034,-0.072552,-1.595793,-0.311743
OPEN_PALM,-0.000000,0.000000,0.000000,-0.280982,-0.080112,-0.094370,-0.505795,-0.350945,-0.144306,-0.636781,-0.629942,-0.203423,-0.778015,-0.811314,-0.269880,-0.439314,-0.848937,-0.015484,-0.587126,-1.161462,-0.077851,-0.663723,-1.366333,-0.130417,-0.725980,-1.547396,-0.170287,-0.295863,-0.955230,-0.044290,-0.401681,-1.356933,-0.095062,-0.459590,-1.598313,-0.166191,-0.519808,-1.804828,-0.223584,-0.145466,-0.974256,-0.094516,-0.214028,-1.358932,-0.163345,-0.265836,-1.599500,-0.244976,-0.328517,-1.794559,-0.301826,0.015408,-0.926635,-0.159400,-0.003886,-1.235055,-0.225405,-0.030579,-1.430082,-0.282006,-0.075425,-1.601442,-0.324383
OPEN_PALM,-0.000000,0.000000,0.000000,-0.281978,-0.082308,-0.093245,-0.508176,-0.350474,-0.141226,-0.641980,-0.623534,-0.198582,-0.781712,-0.801035,-0.262962,-0.441240,-0.849364,-0.008557,-0.590534,-1.159051,-0.066632,-0.668602,-1.358210,-0.116898,-0.732064,-1.534031,-0.155015,-0.298587,-0.954382,-0.035810,-0.399498,-1.348872,-0.080283,-0.456335,-1.580225,-0.147753,-0.515233,-1.776141,-0.202553,-0.149999,-0.973351,-0.084777,-0.212987,-1.354124,-0.147654,-0.263378,-1.586547,-0.227274,-0.323889,-1.774333,-0.283180,0.008162,-0.925512,-0.148489,-0.004390,-1.229022,-0.209248,-0.027517,-1.418853,-0.263977,-0.068416,-1.584860,-0.305179
OPEN_PALM,-0.000000,0.000000,0.000000,-0.281673,-0.081465,-0.099487,-0.509007,-0.347804,-0.153064,-0.645024,-0.619665,-0.215043,-0.787189,-0.796273,-0.283928,-0.439383,-0.851022,-0.020194,-0.590948,-1.167295,-0.082653,-0.669736,-1.368328,-0.135439,-0.733660,-1.544877,-0.175340,-0.294985,-0.955502,-0.046232,-0.397431,-1.354235,-0.094454,-0.454559,-1.588055,-0.163905,-0.513239,-1.786903,-0.220261,-0.145063,-0.972480,-0.094099,-0.210742,-1.355443,-0.159595,-0.263009,-1.589298,-0.240079,-0.324790,-1.778413,-0.296821,0.014098,-0.922396,-0.157102,0.001352,-1.229597,-0.220007,-0.023624,-1.421014,-0.275512,-0.066429,-1.589514,-0.317424
OPEN_PALM,-0.000000,0.000000,0.000000,-0.281474,-0.079703,-0.097505,-0.506018,-0.343703,-0.149551,-0.638613,-0.614253,-0.211047,-0.779058,-0.787736,-0.279679,-0.438699,-0.850213,-0.011182,-0.589483,-1.161343,-0.071144,-0.671074,-1.359633,-0.123078,-0.738995,-1.535333,-0.162455,-0.294832,-0.955549,-0.038276,-0.395882,-1.353821,-0.082153,-0.452790,-1.589744,-0.150296,-0.512059,-1.792455,-0.206493,-0.144330,-0.972977,-0.087919,-0.207098,-1.355036,-0.150391,-0.254852,-1.597042,-0.230683,-0.312846,-1.793602,-0.287848,0.016858,-0.923023,-0.152926,0.006731,-1.230873,-0.213468,-0.013120,-1.423700,-0.267713,-0.050598,-1.593229,-0.309099
OPEN_PALM,-0.000000,0.000000,0.000000,-0.284814,-0.086928,-0.095058,-0.516835,-0.355048,-0.145638,-0.657991,-0.625605,-0.206359,-0.805843,-0.797917,-0.274402,-0.435571,-0.850992,-0.006676,-0.590959,-1.158529,-0.067031,-0.680243,-1.352391,-0.119534,-0.757468,-1.526445,-0.159505,-0.290792,-0.956786,-0.035938,-0.394294,-1.356772,-0.080033,-0.456301,-1.592740,-0.149213,-0.521859,-1.797868,-0.206664,-0.139549,-0.975250,-0.087931,-0.200353,-1.362858,-0.150332,-0.248803,-1.604497,-0.230628,-0.309710,-1.803186,-0.288388,0.022028,-0.926014,-0.155238,0.015182,-1.238776,-0.216377,-0.005570,-1.433635,-0.270924,-0.045793,-1.607118,-0.312908
OPEN_PALM,-0.000000,0.000000,0.000000,-0.283262,-0.079565,-0.097515,-0.518518,-0.345557,-0.147936,-0.663203,-0.614901,-0.206944,-0.809883,-0.776563,-0.272897,-0.438108,-0.847243,-0.016010,-0.598224,-1.154120,-0.074083,-0.692253,-1.346132,-0.122903,-0.774418,-1.516541,-0.160283,-0.294441,-0.955670,-0.041908,-0.401016,-1.353460,-0.079742,-0.466025,-1.586971,-0.142179,-0.532347,-1.789546,-0.196305,-0.142520,-0.972995,-0.090156,-0.208980,-1.357550,-0.146903,-0.261191,-1.603105,-0.223812,-0.322639,-1.806002,-0.280764,0.021903,-0.920018,-0.153755,0.019708,-1.227714,-0.210403,0.007119,-1.427506,-0.262914,-0.023717,-1.608979,-0.304313
OPEN_PALM,-0.000000,0.000000,0.000000,-0.284969,-0.080444,-0.103067,-0.525014,-0.348101,-0.157883,-0.673509,-0.616510,-0.220964,-0.823048,-0.775835,-0.291615,-0.441618,-0.846462,-0.025517,-0.602687,-1.154448,-0.088702,-0.697270,-1.348020,-0.142344,-0.778926,-1.520294,-0.183189,-0.297199,-0.954816,-0.051116,-0.401391,-1.359680,-0.095601,-0.462201,-1.598374,-0.165189,-0.522845,-1.803975,-0.224401,-0.144380,-0.972656,-0.098979,-0.212047,-1.360576,-0.161569,-0.264246,-1.609561,-0.245291,-0.324414,-1.813277,-0.306821,0.021865,-0.920986,-0.162371,0.021054,-1.233054,-0.223556,0.008834,-1.435225,-0.280552,-0.021228,-1.617800,-0.325472
OPEN_PALM,-0.000000,0.000000,0.000000,-0.283694,-0.079583,-0.101711,-0.521644,-0.346510,-0.155545,-0.667690,-0.615221,-0.217824,-0.816707,-0.777946,-0.287785,-0.438847,-0.847962,-0.021381,-0.601142,-1.153234,-0.082653,-0.696305,-1.343722,-0.134712,-0.778181,-1.513766,-0.174538,-0.293609,-0.955926,-0.046959,-0.394178,-1.360819,-0.089856,-0.452197,-1.601268,-0.157495,-0.510178,-1.810144,-0.215237,-0.141733,-0.971480,-0.094949,-0.205765,-1.357876,-0.157162,-0.255978,-1.609472,-0.239106,-0.313798,-1.816244,-0.299005,0.021572,-0.916457,-0.158484,0.022769,-1.227002,-0.219399,0.012129,-1.426571,-0.274772,-0.016033,-1.605628,-0.318062
OPEN_PALM,-0.000000,0.000000,0.000000,-0.284896,-0.081683,-0.095638,-0.519574,-0.351054,-0.146969,-0.662385,-0.620380,-0.208333,-0.809974,-0.781275,-0.277515,-0.438774,-0.849278,-0.011594,-0.598817,-1.154583,-0.070529,-0.694382,-1.343841,-0.121178,-0.777016,-1.513500,-0.160068,-0.293978,-0.955812,-0.040524,-0.391214,-1.360742,-0.079826,-0.449073,-1.598842,-0.145261,-0.507140,-1.805174,-0.201825,-0.141838,-0.970163,-0.092116,-0.204137,-1.357594,-0.151382,-0.254490,-1.610748,-0.232238,-0.312999,-1.819730,-0.291964,0.022044,-0.914568,-0.158981,0.024837,-1.225369,-0.217598,0.014397,-1.425849,-0.271822,-0.013905,-1.606926,-0.314794
OPEN_PALM,-0.000000,0.000000,0.000000,-0.284155,-0.082381,-0.097267,-0.520707,-0.352431,-0.148811,-0.665508,-0.619771,-0.209939,-0.814198,-0.778143,-0.278679,-0.439767,-0.848222,-0.014559,-0.602677,-1.150728,-0.074732,-0.698794,-1.339563,-0.126837,-0.781557,-1.508989,-0.166421,-0.295417,-0.955368,-0.042049,-0.395503,-1.358556,-0.083417,-0.453750,-1.594669,-0.151235,-0.512088,-1.797716,-0.208947,-0.143144,-0.972972,-0.091928,-0.207797,-1.360098,-0.151778,-0.257935,-1.608878,-0.233936,-0.316075,-1.811999,-0.294339,0.021382,-0.922390,-0.157084,0.021501,-1.232581,-0.215417,0.008854,-1.434364,-0.270591,-0.021127,-1.616214,-0.314381
OPEN_PALM,-0.000000,0.000000,0.000000,-0.285256,-0.086916,-0.094676,-0.523129,-0.357311,-0.145315,-0.669108,-0.622269,-0.206401,-0.817927,-0.778698,-0.275413,-0.439151,-0.848591,-0.009727,-0.603385,-1.151202,-0.069078,-0.700184,-1.339802,-0.121059,-0.783584,-1.509502,-0.160780,-0.294759,-0.955572,-0.039071,-0.395150,-1.359490,-0.079115,-0.453902,-1.595986,-0.146720,-0.512619,-1.799305,-0.204711,-0.142296,-0.973030,-0.090966,-0.205646,-1.361189,-0.150079,-0.256944,-1.613126,-0.232814,-0.316408,-1.819307,-0.294052,0.022831,-0.922170,-0.158026,0.024132,-1.233699,-0.216046,0.010732,-1.435260,-0.271287,-0.020189,-1.616454,-0.315417
OPEN_PALM,-0.000000,0.000000,0.000000,-0.285737,-0.082454,-0.095513,-0.523959,-0.352805,-0.146854,-0.670112,-0.619810,-0.208185,-0.818773,-0.777791,-0.277588,-0.441190,-0.847331,-0.014739,-0.605264,-1.150946,-0.075724,-0.702049,-1.340880,-0.128274,-0.785663,-1.511604,-0.168365,-0.297894,-0.954599,-0.044003,-0.398915,-1.361666,-0.086207,-0.457882,-1.601086,-0.154731,-0.516889,-1.806977,-0.213204,-0.145402,-0.971852,-0.095529,-0.209548,-1.363033,-0.156625,-0.260445,-1.616419,-0.240301,-0.319662,-1.823610,-0.301849,0.019950,-0.920438,-0.162020,0.018978,-1.233133,-0.221736,0.005487,-1.435794,-0.277832,-0.025403,-1.618193,-0.322367
OPEN_PALM,-0.000000,0.000000,0.000000,-0.282191,-0.087808,-0.098046,-0.517801,-0.357046,-0.150073,-0.662430,-0.621926,-0.211910,-0.811306,-0.780247,-0.281439,-0.434898,-0.851005,-0.010064,-0.598506,-1.151595,-0.069143,-0.694843,-1.337909,-0.120446,-0.777367,-1.505603,-0.159587,-0.290660,-0.956826,-0.037566,-0.391949,-1.358232,-0.076930,-0.450507,-1.594073,-0.143164,-0.509376,-1.798953,-0.200121,-0.139154,-0.973282,-0.088204,-0.204065,-1.359537,-0.147375,-0.255124,-1.610558,-0.228225,-0.314572,-1.817893,-0.287965,0.024769,-0.922190,-0.154497,0.024041,-1.232985,-0.212588,0.010351,-1.432043,-0.266478,-0.020985,-1.612269,-0.309359
OPEN_PALM,-0.000000,0.000000,0.000000,-0.285529,-0.086434,-0.096735,-0.520698,-0.356393,-0.150018,-0.663343,-0.623987,-0.213188,-0.811657,-0.786521,-0.284272,-0.439519,-0.848282,-0.017132,-0.600712,-1.144680,-0.079448,-0.696082,-1.333483,-0.132600,-0.779197,-1.503528,-0.172860,-0.295506,-0.955341,-0.046621,-0.396504,-1.359486,-0.090985,-0.456524,-1.597948,-0.159541,-0.518116,-1.802662,-0.217574,-0.141868,-0.973083,-0.098466,-0.206308,-1.364320,-0.160054,-0.257282,-1.613588,-0.241215,-0.317851,-1.817639,-0.301002,0.024352,-0.921911,-0.165571,0.022117,-1.235785,-0.225246,0.007598,-1.437794,-0.279878,-0.024747,-1.619571,-0.323206
OPEN_PALM,-0.000000,0.000000,0.000000,-0.284354,-0.085482,-0.101216,-0.521172,-0.352422,-0.155498,-0.666128,-0.619470,-0.218980,-0.813967,-0.781718,-0.290089,-0.441144,-0.847885,-0.016521,-0.603887,-1.146855,-0.077303,-0.700246,-1.335355,-0.130024,-0.783654,-1.504928,-0.170137,-0.297258,-0.954797,-0.042963,-0.397966,-1.358206,-0.084470,-0.457009,-1.595903,-0.152480,-0.516192,-1.800828,-0.210524,-0.144528,-0.972487,-0.092312,-0.209081,-1.361843,-0.152291,-0.259483,-1.610311,-0.234242,-0.317998,-1.814106,-0.294842,0.021532,-0.921400,-0.157370,0.023437,-1.233029,-0.215910,0.011886,-1.433019,-0.270741,-0.017087,-1.614510,-0.314339
OPEN_PALM,-0.000000,0.000000,0.000000,-0.284482,-0.082791,-0.098503,-0.523707,-0.351433,-0.149785,-0.669761,-0.619198,-0.210467,-0.815516,-0.778945,-0.278762,-0.441872,-0.847586,-0.011777,-0.605779,-1.150361,-0.070296,-0.703124,-1.338132,-0.120773,-0.786821,-1.507116,-0.159361,-0.297791,-0.954631,-0.038685,-0.398692,-1.360348,-0.077325,-0.457267,-1.599135,-0.143804,-0.515284,-1.804626,-0.201034,-0.144972,-0.970556,-0.088510,-0.208010,-1.360078,-0.147788,-0.258092,-1.612602,-0.230659,-0.316298,-1.819153,-0.291464,0.020963,-0.917912,-0.153666,0.023225,-1.229897,-0.211963,0.011447,-1.429702,-0.267246,-0.018046,-1.609046,-0.310919
OPEN_PALM,-0.000000,0.000000,0.000000,-0.283714,-0.083782,-0.102930,-0.521063,-0.351799,-0.157741,-0.667773,-0.617126,-0.221274,-0.817282,-0.773343,-0.292587,-0.439954,-0.848713,-0.022069,-0.602467,-1.150322,-0.084669,-0.700155,-1.337860,-0.137661,-0.784284,-1.507078,-0.177826,-0.296040,-0.955175,-0.048030,-0.396674,-1.359859,-0.091146,-0.456290,-1.596960,-0.159026,-0.515747,-1.801916,-0.217073,-0.143745,-0.970703,-0.096881,-0.207627,-1.358726,-0.159371,-0.258401,-1.608046,-0.241849,-0.317842,-1.813941,-0.302377,0.022287,-0.917435,-0.161435,0.025560,-1.226837,-0.221959,0.014547,-1.425385,-0.277305,-0.014663,-1.605558,-0.321037
OPEN_PALM,-0.000000,0.000000,0.000000,-0.286160,-0.083326,-0.101848,-0.526939,-0.352285,-0.156309,-0.675852,-0.616858,-0.219684,-0.825737,-0.772352,-0.290908,-0.446283,-0.844388,-0.021236,-0.610947,-1.144421,-0.083738,-0.708875,-1.334332,-0.137084,-0.792858,-1.505949,-0.177480,-0.301717,-0.953397,-0.047730,-0.403988,-1.358864,-0.090757,-0.462681,-1.598897,-0.159279,-0.520548,-1.805136,-0.217798,-0.147331,-0.972893,-0.096992,-0.213249,-1.364430,-0.158837,-0.263558,-1.614616,-0.241946,-0.321670,-1.819176,-0.303106,0.020842,-0.924526,-0.161858,0.021550,-1.237828,-0.221859,0.008845,-1.438557,-0.277523,-0.021317,-1.620318,-0.321728
OPEN_PALM,-0.000000,0.000000,0.000000,-0.286033,-0.082666,-0.101271,-0.524924,-0.347073,-0.154991,-0.671279,-0.609564,-0.217879,-0.817601,-0.763349,-0.288394,-0.443493,-0.845561,-0.017160,-0.609876,-1.153476,-0.077610,-0.707668,-1.344108,-0.129305,-0.790735,-1.515105,-0.168827,-0.297938,-0.954585,-0.043522,-0.400428,-1.365769,-0.084225,-0.457417,-1.608954,-0.151533,-0.513324,-1.819191,-0.209442,-0.144497,-0.973533,-0.092909,-0.211435,-1.364448,-0.153710,-0.261908,-1.618310,-0.237226,-0.319695,-1.826861,-0.298565,0.022152,-0.923997,-0.157963,0.022297,-1.236843,-0.217238,0.011275,-1.435618,-0.272901,-0.016766,-1.614790,-0.316978
OPEN_PALM,-0.000000,0.000000,0.000000,-0.288428,-0.074248,-0.110109,-0.538442,-0.332210,-0.167951,-0.696927,-0.589649,-0.233522,-0.844459,-0.743018,-0.306577,-0.454388,-0.837457,-0.023287,-0.621068,-1.143381,-0.084931,-0.720796,-1.334717,-0.138481,-0.807026,-1.507492,-0.179285,-0.309085,-0.951034,-0.045556,-0.411651,-1.362410,-0.085305,-0.469435,-1.607866,-0.153781,-0.525802,-1.818581,-0.213438,-0.154335,-0.973192,-0.091582,-0.222012,-1.363953,-0.151228,-0.271818,-1.619449,-0.235500,-0.328947,-1.828603,-0.298263,0.014779,-0.927065,-0.154331,0.018151,-1.241089,-0.212971,0.010344,-1.440096,-0.269169,-0.015002,-1.619340,-0.314051
OPEN_PALM,-0.000000,0.000000,0.000000,-0.292428,-0.072717,-0.101691,-0.548236,-0.328845,-0.153376,-0.710204,-0.581911,-0.214479,-0.860645,-0.725898,-0.282975,-0.456160,-0.836097,-0.007164,-0.627721,-1.145228,-0.063812,-0.728638,-1.336187,-0.115119,-0.815489,-1.508665,-0.154946,-0.309910,-0.950766,-0.032109,-0.415558,-1.359165,-0.067263,-0.474211,-1.605648,-0.134501,-0.529780,-1.816908,-0.193480,-0.156010,-0.972680,-0.080624,-0.226332,-1.356589,-0.136891,-0.277278,-1.611672,-0.220237,-0.334057,-1.820796,-0.282244,0.011477,-0.927338,-0.145569,0.017344,-1.238569,-0.202743,0.007839,-1.438687,-0.258604,-0.019474,-1.619699,-0.302829
OPEN_PALM,-0.000000,0.000000,0.000000,-0.289995,-0.065396,-0.094088,-0.545798,-0.315486,-0.143049,-0.709552,-0.560785,-0.203395,-0.857875,-0.700523,-0.271520,-0.455371,-0.835772,0.002251,-0.629011,-1.146518,-0.054038,-0.731790,-1.333010,-0.105680,-0.819913,-1.498927,-0.145607,-0.310838,-0.950463,-0.027320,-0.412876,-1.358170,-0.061167,-0.473178,-1.598279,-0.128575,-0.530998,-1.803509,-0.187686,-0.157808,-0.974118,-0.080656,-0.225898,-1.357376,-0.135413,-0.281374,-1.613508,-0.220642,-0.341913,-1.823061,-0.284610,0.009086,-0.930786,-0.149964,0.017112,-1.245664,-0.205337,0.008731,-1.446764,-0.261794,-0.016660,-1.625937,-0.307240
OPEN_PALM,-0.000000,0.000000,0.000000,-0.288926,-0.064599,-0.092023,-0.546269,-0.301344,-0.143437,-0.714400,-0.530997,-0.206726,-0.864295,-0.661986,-0.278169,-0.455288,-0.834261,-0.001323,-0.628698,-1.136478,-0.061311,-0.731738,-1.320608,-0.116376,-0.819946,-1.486520,-0.158183,-0.309615,-0.950862,-0.033400,-0.414029,-1.355795,-0.071724,-0.472641,-1.596388,-0.141271,-0.527616,-1.802438,-0.201612,-0.155824,-0.973729,-0.088862,-0.223748,-1.354757,-0.146108,-0.275265,-1.610837,-0.230333,-0.332301,-1.821373,-0.293249,0.011607,-0.929311,-0.160335,0.016068,-1.243450,-0.217629,0.005466,-1.446706,-0.273803,-0.022034,-1.628579,-0.318828
OPEN_PALM,-0.000000,0.000000,0.000000,-0.288746,-0.059558,-0.096863,-0.548601,-0.288413,-0.153785,-0.726192,-0.505565,-0.222283,-0.885417,-0.618708,-0.299037,-0.463030,-0.830188,-0.013087,-0.639837,-1.137972,-0.074750,-0.743441,-1.327635,-0.131847,-0.831948,-1.496973,-0.176118,-0.318774,-0.947831,-0.044862,-0.426271,-1.358874,-0.083326,-0.486770,-1.605524,-0.154623,-0.542243,-1.813905,-0.217582,-0.163056,-0.973026,-0.099555,-0.233922,-1.356876,-0.155410,-0.289032,-1.613737,-0.242180,-0.347542,-1.825323,-0.308502,0.007168,-0.929697,-0.170473,0.013786,-1.243957,-0.227540,0.004805,-1.446754,-0.284956,-0.020091,-1.631392,-0.331880
OPEN_PALM,-0.000000,0.000000,0.000000,-0.290172,-0.055195,-0.101568,-0.551349,-0.283871,-0.161089,-0.731584,-0.499071,-0.231332,-0.895079,-0.607301,-0.310221,-0.467424,-0.824857,-0.024798,-0.645523,-1.131119,-0.088875,-0.747035,-1.322258,-0.146163,-0.833817,-1.495502,-0.190899,-0.320823,-0.947139,-0.055535,-0.431098,-1.356219,-0.097411,-0.491778,-1.603227,-0.167859,-0.547386,-1.814795,-0.230526,-0.163058,-0.975671,-0.109077,-0.237349,-1.358589,-0.168547,-0.295298,-1.610673,-0.254235,-0.357037,-1.821506,-0.319631,0.008706,-0.934110,-0.179064,0.017784,-1.250013,-0.239317,0.011630,-1.451220,-0.296854,-0.012107,-1.637343,-0.343497
OPEN_PALM,-0.000000,0.000000,0.000000,-0.292967,-0.055814,-0.093431,-0.553216,-0.278407,-0.148515,-0.732619,-0.490695,-0.215646,-0.892045,-0.603994,-0.290823,-0.470675,-0.823403,-0.011752,-0.647392,-1.131907,-0.071204,-0.746795,-1.324840,-0.125863,-0.832280,-1.499531,-0.169218,-0.323381,-0.946269,-0.045068,-0.432928,-1.358153,-0.082947,-0.495356,-1.609073,-0.150959,-0.552503,-1.822323,-0.212097,-0.164820,-0.974227,-0.100854,-0.234046,-1.359081,-0.156511,-0.290710,-1.613042,-0.239421,-0.351557,-1.824353,-0.302984,0.007186,-0.930363,-0.172610,0.020694,-1.244597,-0.229614,0.014254,-1.446967,-0.284874,-0.010635,-1.633446,-0.329687
OPEN_PALM,-0.000000,0.000000,0.000000,-0.295520,-0.056932,-0.095693,-0.557315,-0.279837,-0.153296,-0.737566,-0.491566,-0.222768,-0.898377,-0.604127,-0.300556,-0.472330,-0.822923,-0.017462,-0.649179,-1.132923,-0.079086,-0.749084,-1.327956,-0.135261,-0.834924,-1.503891,-0.179610,-0.324099,-0.946023,-0.050786,-0.433175,-1.358974,-0.090252,-0.494675,-1.611130,-0.158899,-0.549957,-1.824520,-0.220557,-0.164621,-0.974158,-0.106625,-0.235495,-1.358807,-0.163113,-0.291248,-1.612181,-0.246036,-0.350437,-1.822416,-0.309817,0.008484,-0.930848,-0.178727,0.020558,-1.247837,-0.236633,0.015132,-1.451980,-0.292090,-0.008297,-1.639287,-0.337143
OPEN_PALM,-0.000000,0.000000,0.000000,-0.294640,-0.052655,-0.101198,-0.556430,-0.273671,-0.159816,-0.736440,-0.488310,-0.229444,-0.894630,-0.602814,-0.306839,-0.472606,-0.820442,-0.014797,-0.647287,-1.128810,-0.074140,-0.745423,-1.325467,-0.129002,-0.829065,-1.501979,-0.172438,-0.326305,-0.945265,-0.044688,-0.435697,-1.359131,-0.081286,-0.497469,-1.613461,-0.149182,-0.553364,-1.826817,-0.210273,-0.166772,-0.975578,-0.097806,-0.237951,-1.363043,-0.152291,-0.294734,-1.619192,-0.234790,-0.355639,-1.829518,-0.298285,0.008039,-0.934546,-0.167821,0.021274,-1.253173,-0.224067,0.015585,-1.455606,-0.278688,-0.008545,-1.639981,-0.322969
OPEN_PALM,-0.000000,0.000000,0.000000,-0.294916,-0.055544,-0.103173,-0.557575,-0.273538,-0.164657,-0.738530,-0.486484,-0.236233,-0.898716,-0.600639,-0.316053,-0.469855,-0.821651,-0.028995,-0.648573,-1.135048,-0.091969,-0.749366,-1.333398,-0.148020,-0.836203,-1.513314,-0.192446,-0.322230,-0.946661,-0.058909,-0.432434,-1.365265,-0.099092,-0.494955,-1.620518,-0.166789,-0.551399,-1.837733,-0.228325,-0.163098,-0.976296,-0.111290,-0.235666,-1.365405,-0.169466,-0.295794,-1.623000,-0.252483,-0.358853,-1.837475,-0.316637,0.011505,-0.934920,-0.180303,0.025645,-1.254043,-0.239529,0.020052,-1.456789,-0.295237,-0.003432,-1.643627,-0.340653
OPEN_PALM,-0.000000,0.000000,0.000000,-0.292997,-0.054885,-0.099170,-0.553462,-0.275190,-0.158235,-0.733069,-0.489444,-0.227917,-0.893289,-0.602472,-0.305798,-0.466644,-0.824530,-0.022867,-0.643705,-1.134697,-0.084211,-0.743043,-1.331612,-0.139491,-0.827714,-1.508443,-0.183261,-0.318670,-0.947866,-0.054002,-0.428328,-1.364933,-0.093697,-0.489645,-1.620698,-0.162083,-0.544873,-1.836149,-0.223537,-0.158096,-0.975316,-0.107337,-0.229210,-1.365346,-0.165109,-0.287322,-1.626101,-0.248960,-0.348684,-1.839874,-0.313156,0.017696,-0.931164,-0.176849,0.028910,-1.250913,-0.235885,0.021110,-1.454793,-0.291782,-0.004254,-1.639637,-0.337026
OPEN_PALM,-0.000000,0.000000,0.000000,-0.292672,-0.058606,-0.101442,-0.554152,-0.280092,-0.161198,-0.735746,-0.492348,-0.230937,-0.893786,-0.604645,-0.309168,-0.465212,-0.825319,-0.026279,-0.642350,-1.131349,-0.087901,-0.741951,-1.325737,-0.142702,-0.826536,-1.502082,-0.185933,-0.317906,-0.948122,-0.056388,-0.429161,-1.362934,-0.095321,-0.489362,-1.616642,-0.162460,-0.543668,-1.832901,-0.223399,-0.157559,-0.976182,-0.108883,-0.230016,-1.367023,-0.166595,-0.287863,-1.628337,-0.250336,-0.350006,-1.844625,-0.314732,0.018211,-0.933381,-0.177635,0.028237,-1.252421,-0.236787,0.021301,-1.454647,-0.292539,-0.003843,-1.639616,-0.337849
OPEN_PALM,-0.000000,0.000000,0.000000,-0.291466,-0.056922,-0.098733,-0.552835,-0.275250,-0.158387,-0.735744,-0.482452,-0.228631,-0.894853,-0.587639,-0.307521,-0.464920,-0.824802,-0.026220,-0.640121,-1.128857,-0.087838,-0.740667,-1.323272,-0.143304,-0.826583,-1.499417,-0.187091,-0.318920,-0.947782,-0.057691,-0.428312,-1.364145,-0.096349,-0.488016,-1.618382,-0.163755,-0.541790,-1.834088,-0.225114,-0.159587,-0.976525,-0.111086,-0.232733,-1.367650,-0.167605,-0.290452,-1.628340,-0.250992,-0.351631,-1.844322,-0.315576,0.015587,-0.933984,-0.180590,0.026328,-1.253525,-0.238558,0.021145,-1.456249,-0.293788,-0.001411,-1.642449,-0.339114
OPEN_PALM,-0.000000,0.000000,0.000000,-0.291980,-0.054185,-0.101367,-0.554250,-0.273872,-0.159946,-0.737496,-0.482064,-0.229093,-0.895794,-0.588266,-0.306445,-0.467457,-0.821701,-0.019253,-0.643647,-1.127093,-0.078055,-0.742653,-1.323538,-0.132235,-0.827515,-1.502735,-0.175421,-0.321257,-0.946992,-0.048357,-0.431408,-1.359426,-0.083326,-0.491107,-1.612337,-0.148880,-0.545553,-1.826633,-0.209205,-0.162565,-0.977861,-0.100369,-0.235652,-1.363448,-0.154164,-0.292697,-1.620466,-0.235581,-0.353758,-1.834502,-0.299013,0.011666,-0.938818,-0.169222,0.024675,-1.253651,-0.224780,0.021274,-1.451536,-0.278630,-0.000346,-1.633498,-0.322909
OPEN_PALM,-0.000000,0.000000,0.000000,-0.290774,-0.055125,-0.100572,-0.551835,-0.271610,-0.161454,-0.733455,-0.479709,-0.232384,-0.890235,-0.588554,-0.311734,-0.466947,-0.823254,-0.030929,-0.646251,-1.131842,-0.093949,-0.746170,-1.326995,-0.149287,-0.831322,-1.504155,-0.192761,-0.318477,-0.947931,-0.061259,-0.430107,-1.362215,-0.101341,-0.489404,-1.613603,-0.167301,-0.543335,-1.827658,-0.227307,-0.158021,-0.977062,-0.113577,-0.230767,-1.365686,-0.171259,-0.288375,-1.625012,-0.252850,-0.349944,-1.840092,-0.315919,0.017566,-0.935855,-0.182196,0.028757,-1.253333,-0.240449,0.023035,-1.454528,-0.294981,-0.000957,-1.638890,-0.339588
OPEN_PALM,-0.000000,0.000000,0.000000,-0.293530,-0.053459,-0.101075,-0.555383,-0.268177,-0.161416,-0.738590,-0.475402,-0.231522,-0.896476,-0.585711,-0.310068,-0.468506,-0.821385,-0.031439,-0.647143,-1.129047,-0.094810,-0.748472,-1.323831,-0.150791,-0.835316,-1.501197,-0.194818,-0.321338,-0.946964,-0.061466,-0.433642,-1.364538,-0.102682,-0.494599,-1.618980,-0.170638,-0.549947,-1.835271,-0.232136,-0.161226,-0.976427,-0.113352,-0.235213,-1.366047,-0.172696,-0.294085,-1.627386,-0.256741,-0.356959,-1.842630,-0.321129,0.015148,-0.933551,-0.181311,0.025475,-1.249936,-0.241459,0.018988,-1.451843,-0.297559,-0.005924,-1.635487,-0.342990
OPEN_PALM,-0.000000,0.000000,0.000000,-0.293699,-0.054290,-0.095768,-0.554083,-0.272597,-0.151819,-0.737070,-0.478411,-0.219494,-0.896446,-0.585419,-0.295487,-0.465561,-0.822856,-0.013603,-0.641297,-1.123911,-0.072214,-0.740579,-1.316463,-0.126524,-0.827786,-1.493040,-0.169705,-0.319883,-0.947457,-0.045594,-0.430566,-1.359002,-0.081566,-0.492208,-1.610631,-0.147538,-0.548746,-1.822980,-0.207888,-0.161655,-0.975895,-0.100273,-0.235768,-1.360704,-0.154790,-0.295063,-1.615833,-0.235798,-0.358292,-1.826883,-0.298525,0.012515,-0.932915,-0.171369,0.024154,-1.246736,-0.227759,0.017202,-1.446649,-0.281683,-0.008021,-1.629568,-0.325711
OPEN_PALM,-0.000000,0.000000,0.000000,-0.292191,-0.056036,-0.101592,-0.554100,-0.271004,-0.163243,-0.738044,-0.477525,-0.235068,-0.896278,-0.590337,-0.315117,-0.471388,-0.820766,-0.029477,-0.647385,-1.124648,-0.092662,-0.745391,-1.319285,-0.148821,-0.829722,-1.497003,-0.193037,-0.325187,-0.945650,-0.060195,-0.435967,-1.358476,-0.101215,-0.495944,-1.611044,-0.168935,-0.550743,-1.824739,-0.230372,-0.165695,-0.975557,-0.113120,-0.241253,-1.361732,-0.172050,-0.302517,-1.618135,-0.254879,-0.367284,-1.830713,-0.318780,0.010985,-0.934406,-0.182407,0.021371,-1.249144,-0.241631,0.014174,-1.447382,-0.296797,-0.011217,-1.629371,-0.341864
OPEN_PALM,-0.000000,0.000000,0.000000,-0.293654,-0.054589,-0.096935,-0.555171,-0.270502,-0.154537,-0.737570,-0.478147,-0.223573,-0.893798,-0.591519,-0.300598,-0.470266,-0.821688,-0.014245,-0.645646,-1.125216,-0.072782,-0.745326,-1.317716,-0.126647,-0.830904,-1.491003,-0.169271,-0.324341,-0.945940,-0.046003,-0.433069,-1.356920,-0.081006,-0.494822,-1.607753,-0.146340,-0.550188,-1.817818,-0.206036,-0.165194,-0.973887,-0.100626,-0.235598,-1.359077,-0.153605,-0.292689,-1.614251,-0.234191,-0.353315,-1.824600,-0.296812,0.009538,-0.930091,-0.171767,0.023288,-1.245754,-0.226698,0.017755,-1.447892,-0.280172,-0.006328,-1.631630,-0.324008
OPEN_PALM,-0.000000,0.000000,0.000000,-0.290440,-0.053073,-0.103593,-0.554502,-0.271264,-0.164084,-0.741113,-0.477100,-0.234178,-0.900939,-0.582291,-0.312365,-0.469334,-0.822047,-0.028126,-0.647025,-1.129586,-0.089350,-0.747000,-1.323937,-0.144420,-0.832758,-1.499245,-0.187997,-0.322449,-0.946587,-0.056393,-0.432688,-1.360589,-0.093983,-0.494095,-1.613625,-0.160779,-0.549479,-1.826918,-0.221957,-0.163229,-0.974405,-0.107196,-0.234847,-1.361117,-0.162864,-0.292797,-1.617744,-0.245978,-0.354241,-1.830103,-0.310373,0.010446,-0.930533,-0.174678,0.024625,-1.245287,-0.231782,0.019415,-1.445665,-0.287322,-0.004320,-1.629962,-0.332775
OPEN_PALM,-0.000000,0.000000,0.000000,-0.290737,-0.053427,-0.105602,-0.555909,-0.269757,-0.167522,-0.745300,-0.473078,-0.239286,-0.907876,-0.580353,-0.319126,-0.470932,-0.820402,-0.025965,-0.647260,-1.122674,-0.087008,-0.745694,-1.316646,-0.142820,-0.829403,-1.492795,-0.187134,-0.325445,-0.945561,-0.054492,-0.436851,-1.357337,-0.091938,-0.498649,-1.610795,-0.159750,-0.554018,-1.823726,-0.221880,-0.166385,-0.974815,-0.106082,-0.237749,-1.361640,-0.161495,-0.296885,-1.617555,-0.244885,-0.359671,-1.828434,-0.309851,0.008464,-0.932289,-0.174701,0.022219,-1.247384,-0.231986,0.016797,-1.448493,-0.287598,-0.007546,-1.632504,-0.333264
OPEN_PALM,-0.000000,0.000000,0.000000,-0.292651,-0.055766,-0.099262,-0.555559,-0.268993,-0.161184,-0.740762,-0.468836,-0.233625,-0.897271,-0.572017,-0.314589,-0.470345,-0.822481,-0.035077,-0.648918,-1.131843,-0.101293,-0.749060,-1.327851,-0.159146,-0.834367,-1.505249,-0.204404,-0.322233,-0.946660,-0.068026,-0.434224,-1.364030,-0.111239,-0.495244,-1.620175,-0.179683,-0.549364,-1.837294,-0.241904,-0.161905,-0.973922,-0.122664,-0.234664,-1.363407,-0.181828,-0.292636,-1.623474,-0.264466,-0.353732,-1.838930,-0.328689,0.013479,-0.929452,-0.193639,0.027116,-1.248938,-0.253421,0.022668,-1.455015,-0.308944,-0.000530,-1.644786,-0.354529
OPEN_PALM,-0.000000,0.000000,0.000000,-0.287899,-0.050669,-0.098661,-0.549485,-0.262533,-0.159546,-0.737026,-0.458932,-0.231442,-0.896931,-0.555414,-0.312320,-0.466719,-0.819793,-0.032933,-0.646405,-1.123629,-0.098674,-0.748575,-1.318577,-0.157278,-0.835933,-1.495994,-0.203604,-0.321560,-0.946889,-0.066648,-0.434058,-1.362526,-0.109163,-0.496744,-1.618133,-0.178443,-0.552865,-1.834755,-0.242135,-0.162543,-0.976436,-0.122162,-0.234805,-1.366933,-0.181485,-0.293840,-1.627973,-0.265453,-0.355983,-1.843579,-0.331295,0.014225,-0.932973,-0.194034,0.031825,-1.252340,-0.254770,0.032048,-1.457638,-0.311139,0.013862,-1.644974,-0.357757
OPEN_PALM,-0.000000,0.000000,0.000000,-0.287693,-0.051500,-0.101236,-0.553850,-0.264622,-0.162334,-0.745739,-0.458494,-0.233466,-0.908290,-0.549683,-0.313449,-0.467412,-0.820564,-0.035588,-0.646811,-1.128223,-0.099989,-0.749089,-1.323061,-0.157114,-0.836365,-1.499473,-0.202334,-0.321522,-0.946902,-0.066610,-0.433445,-1.365732,-0.107211,-0.495710,-1.622348,-0.175481,-0.551726,-1.839478,-0.238654,-0.162800,-0.975842,-0.119428,-0.232927,-1.367646,-0.177461,-0.290162,-1.631725,-0.262414,-0.351324,-1.849983,-0.328933,0.011570,-0.932173,-0.188630,0.030049,-1.250077,-0.248214,0.030624,-1.456341,-0.305299,0.012309,-1.645417,-0.352583
OPEN_PALM,-0.000000,0.000000,0.000000,-0.289740,-0.051990,-0.096724,-0.555312,-0.264941,-0.155025,-0.745461,-0.455086,-0.224742,-0.903245,-0.545611,-0.303633,-0.471650,-0.820704,-0.024043,-0.650188,-1.128816,-0.086400,-0.750764,-1.325560,-0.143495,-0.836721,-1.503658,-0.188847,-0.325421,-0.945569,-0.057408,-0.434973,-1.363481,-0.095230,-0.495466,-1.619192,-0.163071,-0.550108,-1.834632,-0.225971,-0.165716,-0.973632,-0.113114,-0.233827,-1.363279,-0.168809,-0.289283,-1.627803,-0.253680,-0.349788,-1.848212,-0.320458,0.009228,-0.930007,-0.185259,0.027163,-1.247769,-0.243220,0.027259,-1.452913,-0.299800,0.007977,-1.641317,-0.346849
OPEN_PALM,-0.000000,0.000000,0.000000,-0.290714,-0.052323,-0.098590,-0.557482,-0.263908,-0.160363,-0.747538,-0.456832,-0.233376,-0.906067,-0.552084,-0.315632,-0.469774,-0.820425,-0.032600,-0.649497,-1.130604,-0.099277,-0.752139,-1.327527,-0.158640,-0.840237,-1.506523,-0.205627,-0.323068,-0.946376,-0.067033,-0.432400,-1.368377,-0.110033,-0.494939,-1.625952,-0.180147,-0.551177,-1.844334,-0.244629,-0.163571,-0.973812,-0.123638,-0.233224,-1.365525,-0.183924,-0.290817,-1.628735,-0.270154,-0.351675,-1.848715,-0.337500,0.011816,-0.929136,-0.196552,0.029118,-1.248947,-0.257908,0.028216,-1.454985,-0.315803,0.008788,-1.645085,-0.363691
OPEN_PALM,-0.000000,0.000000,0.000000,-0.292342,-0.051959,-0.102399,-0.561468,-0.268268,-0.166404,-0.752664,-0.468693,-0.241044,-0.916242,-0.567185,-0.325016,-0.471473,-0.820504,-0.037838,-0.651577,-1.130595,-0.106041,-0.754210,-1.328028,-0.165869,-0.841786,-1.507482,-0.213110,-0.323808,-0.946123,-0.071544,-0.434687,-1.366586,-0.116292,-0.496218,-1.623711,-0.186965,-0.551425,-1.842435,-0.251575,-0.163233,-0.973784,-0.127502,-0.234641,-1.364136,-0.189231,-0.293144,-1.627740,-0.274988,-0.354737,-1.847579,-0.341936,0.013113,-0.929864,-0.200103,0.028576,-1.250144,-0.262931,0.027066,-1.455926,-0.320691,0.007053,-1.645230,-0.368285
OPEN_PALM,-0.000000,0.000000,0.000000,-0.292455,-0.052259,-0.102844,-0.557739,-0.269942,-0.167438,-0.744879,-0.470855,-0.242815,-0.908036,-0.568705,-0.327642,-0.467845,-0.824125,-0.037817,-0.645328,-1.134722,-0.106542,-0.747893,-1.332062,-0.167261,-0.836498,-1.511014,-0.215310,-0.319882,-0.947458,-0.071986,-0.427187,-1.368632,-0.116912,-0.488443,-1.625690,-0.188376,-0.543478,-1.843810,-0.253824,-0.159084,-0.971882,-0.128692,-0.229737,-1.361326,-0.191140,-0.288871,-1.624449,-0.278059,-0.350174,-1.844462,-0.345886,0.017808,-0.924610,-0.202060,0.033711,-1.244343,-0.265900,0.031393,-1.448884,-0.324511,0.011444,-1.637108,-0.372816
OPEN_PALM,-0.000000,0.000000,0.000000,-0.292478,-0.055090,-0.100035,-0.557820,-0.273273,-0.163122,-0.745336,-0.475737,-0.236649,-0.908963,-0.573642,-0.319428,-0.469238,-0.822647,-0.042677,-0.647531,-1.133533,-0.111958,-0.748568,-1.331141,-0.171332,-0.834774,-1.510491,-0.217735,-0.320620,-0.947208,-0.076395,-0.431703,-1.367547,-0.123498,-0.492686,-1.623556,-0.193487,-0.547555,-1.841785,-0.256809,-0.159508,-0.974817,-0.131446,-0.230360,-1.369225,-0.194349,-0.287766,-1.630906,-0.278889,-0.348887,-1.848341,-0.344281,0.016832,-0.930468,-0.202599,0.033004,-1.252215,-0.265511,0.031682,-1.460731,-0.322835,0.011475,-1.653427,-0.369798
OPEN_PALM,-0.000000,0.000000,0.000000,-0.291518,-0.048656,-0.113698,-0.556437,-0.264182,-0.182751,-0.743913,-0.467620,-0.259794,-0.908635,-0.568468,-0.345980,-0.470961,-0.819698,-0.053112,-0.653642,-1.128466,-0.124583,-0.757839,-1.324003,-0.185765,-0.847025,-1.502148,-0.233065,-0.321358,-0.946958,-0.079777,-0.432662,-1.369355,-0.128174,-0.493431,-1.626815,-0.200386,-0.547023,-1.845727,-0.264979,-0.160737,-0.976455,-0.128878,-0.234851,-1.369606,-0.193477,-0.291617,-1.630778,-0.281268,-0.351007,-1.849797,-0.348444,0.013814,-0.933333,-0.195037,0.027081,-1.253749,-0.259270,0.025644,-1.459314,-0.318704,0.006961,-1.651205,-0.366964
OPEN_PALM,-0.000000,0.000000,0.000000,-0.292822,-0.050727,-0.111348,-0.558394,-0.263243,-0.181106,-0.747454,-0.464866,-0.258936,-0.915865,-0.566278,-0.346133,-0.469370,-0.822903,-0.060265,-0.654315,-1.134792,-0.135127,-0.763652,-1.327496,-0.197281,-0.859291,-1.503592,-0.245309,-0.321297,-0.946978,-0.089787,-0.438532,-1.373181,-0.141494,-0.505038,-1.630485,-0.214165,-0.565521,-1.854094,-0.279541,-0.161618,-0.971727,-0.141039,-0.237501,-1.367618,-0.208176,-0.298015,-1.631963,-0.295567,-0.362588,-1.854478,-0.362694,0.012901,-0.922155,-0.208898,0.024779,-1.244433,-0.275463,0.021395,-1.453172,-0.335049,0.000043,-1.647001,-0.383478
OPEN_PALM,-0.000000,0.000000,0.000000,-0.293050,-0.052809,-0.104848,-0.557300,-0.274734,-0.171542,-0.746546,-0.476460,-0.249212,-0.916157,-0.579614,-0.336857,-0.464963,-0.824853,-0.041740,-0.647752,-1.131137,-0.113183,-0.753747,-1.324718,-0.175671,-0.846926,-1.503055,-0.224934,-0.319108,-0.947718,-0.076272,-0.431124,-1.366350,-0.124299,-0.496583,-1.622675,-0.197417,-0.556402,-1.842943,-0.264052,-0.161346,-0.971401,-0.133495,-0.234009,-1.360494,-0.197830,-0.296497,-1.622579,-0.285225,-0.361303,-1.843041,-0.353509,0.011606,-0.921260,-0.207495,0.027524,-1.239535,-0.272587,0.026482,-1.446680,-0.331659,0.007825,-1.637112,-0.380313
OPEN_PALM,-0.000000,0.000000,0.000000,-0.291197,-0.060409,-0.091160,-0.553097,-0.286718,-0.151415,-0.741392,-0.484039,-0.224974,-0.911283,-0.582873,-0.309021,-0.455564,-0.831141,-0.028691,-0.637453,-1.137794,-0.097100,-0.742453,-1.330528,-0.158245,-0.834702,-1.509167,-0.206917,-0.309892,-0.950772,-0.068635,-0.419456,-1.365870,-0.114330,-0.483946,-1.620154,-0.186510,-0.542490,-1.839010,-0.252761,-0.153386,-0.972403,-0.130244,-0.225808,-1.360398,-0.192644,-0.289269,-1.620978,-0.279569,-0.353887,-1.841886,-0.347823,0.017778,-0.921220,-0.207403,0.034370,-1.239467,-0.270806,0.034059,-1.446327,-0.329181,0.017181,-1.637520,-0.377782
OPEN_PALM,-0.000000,0.000000,0.000000,-0.294167,-0.064974,-0.098259,-0.555258,-0.289998,-0.162361,-0.743973,-0.483539,-0.238241,-0.912402,-0.580809,-0.324314,-0.456297,-0.830409,-0.039873,-0.636469,-1.137529,-0.111904,-0.740400,-1.332001,-0.175220,-0.832819,-1.514244,-0.225081,-0.310329,-0.950629,-0.076843,-0.419453,-1.370955,-0.126839,-0.483692,-1.629792,-0.200824,-0.543141,-1.853898,-0.268116,-0.153538,-0.971940,-0.135605,-0.223881,-1.364823,-0.200769,-0.285871,-1.627075,-0.288246,-0.350830,-1.850379,-0.356498,0.017023,-0.919288,-0.210415,0.034211,-1.238333,-0.275182,0.033548,-1.446565,-0.333912,0.015177,-1.640358,-0.382633
OPEN_PALM,-0.000000,0.000000,0.000000,-0.289915,-0.062000,-0.102968,-0.551840,-0.288878,-0.169599,-0.740379,-0.486036,-0.246368,-0.909315,-0.583399,-0.333074,-0.452849,-0.832078,-0.049836,-0.631990,-1.142761,-0.123642,-0.737966,-1.337453,-0.186958,-0.831503,-1.517027,-0.236355,-0.305233,-0.952278,-0.083362,-0.411787,-1.375484,-0.134505,-0.475293,-1.634205,-0.207930,-0.534119,-1.856681,-0.274579,-0.147794,-0.972633,-0.138520,-0.216321,-1.365537,-0.205072,-0.275338,-1.629949,-0.293009,-0.336895,-1.853127,-0.360969,0.022739,-0.919322,-0.209684,0.039987,-1.237018,-0.274713,0.040298,-1.444008,-0.333682,0.023616,-1.634428,-0.382448
OPEN_PALM,-0.000000,0.000000,0.000000,-0.290166,-0.060928,-0.100008,-0.549635,-0.288511,-0.163342,-0.735603,-0.490560,-0.237310,-0.904146,-0.591643,-0.320946,-0.454746,-0.832573,-0.042859,-0.633723,-1.145474,-0.114089,-0.737921,-1.340759,-0.175881,-0.830084,-1.519774,-0.224181,-0.306009,-0.952029,-0.076885,-0.412647,-1.374784,-0.126482,-0.474703,-1.633716,-0.199613,-0.532153,-1.855437,-0.265515,-0.147364,-0.972350,-0.132389,-0.214429,-1.363406,-0.197275,-0.270329,-1.627498,-0.284387,-0.330041,-1.848628,-0.351509,0.023610,-0.918272,-0.203892,0.042541,-1.234629,-0.268292,0.042758,-1.442522,-0.327055,0.024820,-1.633257,-0.375180
OPEN_PALM,-0.000000,0.000000,0.000000,-0.289627,-0.058960,-0.103417,-0.553670,-0.287838,-0.166872,-0.741891,-0.495160,-0.240498,-0.914126,-0.596501,-0.323301,-0.452228,-0.831837,-0.039563,-0.633244,-1.145063,-0.108793,-0.739585,-1.339220,-0.168719,-0.833382,-1.517741,-0.215849,-0.304823,-0.952409,-0.071642,-0.413549,-1.373768,-0.117640,-0.476224,-1.632112,-0.189117,-0.534679,-1.855979,-0.254232,-0.147062,-0.973850,-0.125928,-0.214485,-1.363461,-0.188422,-0.270473,-1.628079,-0.274739,-0.330929,-1.850401,-0.341524,0.023730,-0.921494,-0.196593,0.044167,-1.238513,-0.259672,0.045352,-1.447947,-0.317998,0.027660,-1.640843,-0.365751
OPEN_PALM,-0.000000,0.000000,0.000000,-0.288507,-0.059085,-0.106932,-0.551061,-0.283778,-0.172597,-0.737973,-0.489668,-0.247533,-0.905420,-0.593781,-0.331652,-0.456732,-0.829647,-0.047022,-0.636614,-1.142841,-0.118594,-0.739414,-1.339332,-0.180106,-0.829310,-1.519726,-0.227797,-0.307557,-0.951530,-0.076984,-0.414855,-1.373247,-0.126394,-0.474364,-1.631824,-0.199177,-0.528934,-1.854064,-0.264271,-0.148801,-0.974145,-0.128978,-0.214595,-1.364284,-0.194426,-0.267486,-1.627787,-0.281399,-0.324937,-1.848315,-0.347617,0.022297,-0.922928,-0.197498,0.041720,-1.239784,-0.261863,0.042303,-1.446231,-0.320423,0.024332,-1.635515,-0.367825
ONE_FINGER,-0.000000,0.000000,0.000000,-0.250320,-0.098846,-0.053911,-0.457321,-0.583914,-0.091279,-0.446019,-1.052320,-0.153685,-0.304465,-1.302149,-0.206933,-0.314171,-0.985357,0.156668,-0.352677,-1.323463,0.066035,-0.398303,-1.559151,0.024175,-0.406144,-1.771138,0.000129,-0.125617,-0.992079,0.085327,-0.233077,-1.307144,-0.072602,-0.258291,-0.879461,-0.075134,-0.204759,-0.675898,0.000981,0.054490,-0.955171,-0.025197,-0.061285,-1.217612,-0.220972,-0.099644,-0.787011,-0.197445,-0.035853,-0.607531,-0.102602,0.250633,-0.884046,-0.150769,0.125326,-1.110763,-0.257122,0.075665,-0.807894,-0.230647,0.133527,-0.651299,-0.165960
ONE_FINGER,-0.000000,0.000000,0.000000,-0.246367,-0.116747,-0.054617,-0.446712,-0.589370,-0.093229,-0.433119,-1.048026,-0.157197,-0.289274,-1.291709,-0.212244,-0.303508,-0.986629,0.159329,-0.339708,-1.321422,0.075406,-0.384609,-1.556168,0.032889,-0.393001,-1.769150,0.006144,-0.118471,-0.992957,0.089330,-0.220268,-1.298404,-0.061225,-0.247174,-0.885774,-0.069386,-0.197335,-0.685615,-0.001068,0.057203,-0.955352,-0.018806,-0.052800,-1.211360,-0.208112,-0.093541,-0.797061,-0.193365,-0.031856,-0.621603,-0.107648,0.248443,-0.876590,-0.141562,0.128266,-1.105474,-0.244392,0.073110,-0.814753,-0.222620,0.124879,-0.655682,-0.163830
ONE_FINGER,-0.000000,0.000000,0.000000,-0.244317,-0.098613,-0.053580,-0.451272,-0.568784,-0.091064,-0.437687,-1.038970,-0.154082,-0.286691,-1.274395,-0.207020,-0.309891,-0.981563,0.157597,-0.351664,-1.326715,0.073330,-0.400885,-1.564417,0.030864,-0.413593,-1.777746,0.003066,-0.122273,-0.992497,0.086062,-0.230843,-1.269691,-0.066282,-0.246511,-0.844456,-0.074062,-0.187802,-0.655954,-0.004831,0.054068,-0.955965,-0.023313,-0.062209,-1.186606,-0.213949,-0.097077,-0.760680,-0.199200,-0.032538,-0.592928,-0.112715,0.244198,-0.876897,-0.147210,0.122682,-1.097264,-0.248643,0.070269,-0.804157,-0.226946,0.122775,-0.653139,-0.167935
ONE_FINGER,-0.000000,0.000000,0.000000,-0.247125,-0.124418,-0.048715,-0.448535,-0.579277,-0.087051,-0.446622,-1.030692,-0.152360,-0.308595,-1.279488,-0.209196,-0.310100,-0.982651,0.154011,-0.349684,-1.334425,0.069559,-0.394598,-1.575588,0.022553,-0.404379,-1.791768,-0.009110,-0.127107,-0.991889,0.080212,-0.236091,-1.284100,-0.072574,-0.254446,-0.877353,-0.086284,-0.198148,-0.686374,-0.023957,0.048172,-0.958013,-0.029609,-0.068059,-1.196520,-0.215289,-0.100954,-0.787327,-0.202784,-0.035531,-0.619285,-0.121956,0.238676,-0.881113,-0.153538,0.117093,-1.108326,-0.252386,0.064205,-0.828892,-0.231728,0.117219,-0.675178,-0.175884
ONE_FINGER,-0.000000,0.000000,0.000000,-0.252871,-0.127364,-0.039733,-0.456749,-0.591203,-0.076642,-0.439676,-1.047881,-0.141648,-0.288369,-1.284033,-0.197043,-0.313316,-0.983738,0.159260,-0.356153,-1.334018,0.075407,-0.398303,-1.573951,0.032686,-0.404486,-1.790482,0.005179,-0.126800,-0.991928,0.081760,-0.233847,-1.278183,-0.072176,-0.249509,-0.860409,-0.079168,-0.190909,-0.663230,-0.009156,0.048890,-0.956533,-0.030879,-0.068403,-1.203456,-0.218288,-0.101669,-0.784746,-0.197569,-0.035720,-0.610051,-0.108372,0.238982,-0.879722,-0.156965,0.114266,-1.117581,-0.253842,0.063228,-0.828668,-0.225574,0.118169,-0.669673,-0.162803
ONE_FINGER,-0.000000,0.000000,0.000000,-0.252773,-0.116742,-0.043688,-0.458511,-0.593919,-0.078963,-0.437266,-1.057765,-0.140888,-0.281460,-1.285845,-0.192706,-0.312293,-0.983981,0.163078,-0.354033,-1.318400,0.078940,-0.395300,-1.556461,0.038245,-0.399556,-1.771671,0.013369,-0.125312,-0.992117,0.088366,-0.225515,-1.274323,-0.064291,-0.247768,-0.852518,-0.069439,-0.193852,-0.651701,0.003276,0.051046,-0.955981,-0.022796,-0.061621,-1.192058,-0.211953,-0.099374,-0.767759,-0.190638,-0.038515,-0.593157,-0.099221,0.241687,-0.882888,-0.147960,0.114814,-1.109003,-0.245811,0.065173,-0.808900,-0.217007,0.119964,-0.649406,-0.152548
ONE_FINGER,-0.000000,0.000000,0.000000,-0.257638,-0.107261,-0.039428,-0.466611,-0.590459,-0.072225,-0.437570,-1.063993,-0.132347,-0.273955,-1.284874,-0.181512,-0.305911,-0.984307,0.169504,-0.347590,-1.331513,0.086449,-0.390270,-1.571749,0.049124,-0.395081,-1.785300,0.027076,-0.116064,-0.993242,0.092812,-0.222346,-1.281682,-0.060229,-0.247529,-0.855419,-0.060822,-0.190928,-0.648979,0.016963,0.062911,-0.955296,-0.020381,-0.054632,-1.210034,-0.212838,-0.095788,-0.778076,-0.187348,-0.031315,-0.589147,-0.090164,0.257113,-0.880843,-0.147210,0.127643,-1.115675,-0.246718,0.074347,-0.813392,-0.215110,0.131227,-0.647574,-0.146980
ONE_FINGER,-0.000000,0.000000,0.000000,-0.245603,-0.131488,-0.045929,-0.443343,-0.584835,-0.083080,-0.432264,-1.035544,-0.146471,-0.282765,-1.273190,-0.199274,-0.289679,-0.992395,0.157843,-0.328331,-1.353835,0.073549,-0.372411,-1.603403,0.030082,-0.376604,-1.825893,0.000967,-0.105926,-0.994374,0.082497,-0.217952,-1.285944,-0.072525,-0.245442,-0.869837,-0.079925,-0.186146,-0.684159,-0.010341,0.069358,-0.955823,-0.029369,-0.050085,-1.207446,-0.220779,-0.093518,-0.792714,-0.204577,-0.024267,-0.628476,-0.117791,0.262789,-0.874803,-0.154511,0.137730,-1.112513,-0.257859,0.074039,-0.832583,-0.235638,0.128326,-0.680650,-0.176350
ONE_FINGER,-0.000000,0.000000,0.000000,-0.253997,-0.079285,-0.056120,-0.461500,-0.550425,-0.098901,-0.425994,-1.028441,-0.165186,-0.260219,-1.239546,-0.219030,-0.290148,-0.981409,0.132906,-0.329363,-1.332471,0.038935,-0.368335,-1.581307,-0.001441,-0.368635,-1.807114,-0.025532,-0.096820,-0.995302,0.062131,-0.216492,-1.228445,-0.096792,-0.234635,-0.784693,-0.090887,-0.166820,-0.616568,-0.008661,0.078828,-0.953610,-0.046172,-0.045916,-1.170596,-0.244162,-0.088160,-0.734395,-0.214602,-0.018666,-0.574308,-0.114359,0.268594,-0.874767,-0.168973,0.140946,-1.079302,-0.269237,0.083899,-0.782766,-0.237471,0.141148,-0.643519,-0.169117
ONE_FINGER,-0.000000,0.000000,0.000000,-0.263498,-0.109963,-0.048525,-0.470428,-0.568633,-0.101509,-0.451804,-1.020955,-0.179380,-0.300864,-1.245818,-0.247769,-0.263013,-0.984891,0.099552,-0.309228,-1.353095,-0.008484,-0.350615,-1.616920,-0.061777,-0.351625,-1.853996,-0.094680,-0.081275,-0.996692,0.023294,-0.202297,-1.247876,-0.157502,-0.226981,-0.806489,-0.157851,-0.155924,-0.611819,-0.079295,0.092758,-0.959789,-0.085049,-0.045709,-1.202107,-0.292896,-0.081936,-0.771781,-0.258549,-0.000783,-0.600049,-0.158220,0.285985,-0.885241,-0.207210,0.141739,-1.095726,-0.312664,0.086470,-0.802655,-0.275901,0.154445,-0.659939,-0.206164
ONE_FINGER,-0.000000,0.000000,0.000000,-0.260499,-0.123056,-0.037744,-0.471849,-0.569083,-0.086696,-0.449621,-1.004173,-0.162376,-0.282114,-1.174731,-0.228674,-0.258665,-0.984724,0.095677,-0.298704,-1.352730,-0.009660,-0.341852,-1.620080,-0.060952,-0.349601,-1.856481,-0.091509,-0.076494,-0.997070,0.016514,-0.191571,-1.239054,-0.156200,-0.218786,-0.799503,-0.148713,-0.154554,-0.598976,-0.066506,0.095889,-0.958770,-0.092664,-0.034725,-1.203819,-0.289604,-0.075890,-0.788986,-0.244736,-0.007771,-0.605725,-0.139664,0.284080,-0.878170,-0.215882,0.159476,-1.103439,-0.309216,0.100016,-0.827263,-0.263531,0.154864,-0.678004,-0.189263
ONE_FINGER,-0.000000,0.000000,0.000000,-0.279610,-0.125967,-0.041842,-0.498238,-0.549127,-0.083813,-0.478834,-0.969266,-0.152287,-0.306955,-1.137024,-0.212949,-0.284625,-0.989967,0.112838,-0.335661,-1.406131,0.013221,-0.377027,-1.678553,-0.044251,-0.386974,-1.912525,-0.081313,-0.101185,-0.994868,0.039154,-0.183273,-1.277733,-0.139657,-0.221948,-0.858239,-0.153440,-0.182060,-0.641119,-0.085424,0.079905,-0.958710,-0.063312,-0.023615,-1.226496,-0.267069,-0.069513,-0.824872,-0.245655,-0.021369,-0.628235,-0.154948,0.277911,-0.882699,-0.179894,0.166750,-1.124523,-0.283474,0.101426,-0.859201,-0.254837,0.139156,-0.697045,-0.191675
ONE_FINGER,-0.000000,0.000000,0.000000,-0.284148,-0.164746,-0.030602,-0.481399,-0.558257,-0.074186,-0.445639,-0.947500,-0.150594,-0.285100,-1.120686,-0.220116,-0.268655,-0.990399,0.137826,-0.313272,-1.399412,0.045540,-0.352141,-1.663061,-0.016921,-0.364763,-1.893396,-0.060322,-0.090937,-0.995857,0.057051,-0.175831,-1.275800,-0.115184,-0.209391,-0.877854,-0.144132,-0.165834,-0.664327,-0.091052,0.082181,-0.961018,-0.051426,-0.021050,-1.231101,-0.243947,-0.064563,-0.844819,-0.234765,-0.010763,-0.653607,-0.157951,0.272778,-0.879898,-0.172983,0.164126,-1.139678,-0.269482,0.100339,-0.891011,-0.246094,0.140513,-0.727026,-0.191234
ONE_FINGER,-0.000000,0.000000,0.000000,-0.294249,-0.188028,-0.017094,-0.472144,-0.555462,-0.053358,-0.442510,-0.903860,-0.127789,-0.307035,-1.058421,-0.198341,-0.271806,-0.991762,0.166924,-0.318648,-1.412269,0.083737,-0.362903,-1.681888,0.011806,-0.382334,-1.915877,-0.041706,-0.099450,-0.995043,0.082386,-0.163846,-1.280415,-0.083954,-0.199763,-0.925333,-0.134905,-0.168255,-0.705733,-0.103757,0.075873,-0.957835,-0.028139,-0.014631,-1.228002,-0.214088,-0.060610,-0.872387,-0.228896,-0.018608,-0.678857,-0.174881,0.271169,-0.873731,-0.150612,0.168050,-1.131326,-0.249061,0.104087,-0.898017,-0.241807,0.137415,-0.728184,-0.203322
ONE_FINGER,-0.000000,0.000000,0.000000,-0.288404,-0.182339,-0.010735,-0.465363,-0.539116,-0.058253,-0.453532,-0.852354,-0.142166,-0.344881,-0.997439,-0.224231,-0.286779,-0.987977,0.102852,-0.359737,-1.415782,0.012708,-0.407062,-1.685479,-0.062176,-0.431067,-1.928653,-0.116704,-0.114818,-0.993387,0.020779,-0.183331,-1.244397,-0.138664,-0.209367,-0.894383,-0.177979,-0.175532,-0.710146,-0.145725,0.057042,-0.956308,-0.079886,-0.032562,-1.187747,-0.234522,-0.070562,-0.864688,-0.228939,-0.028033,-0.715931,-0.174320,0.242179,-0.882911,-0.192899,0.144827,-1.106767,-0.260215,0.089844,-0.903229,-0.238779,0.123318,-0.782576,-0.198343
ONE_FINGER,-0.000000,0.000000,0.000000,-0.274906,-0.163839,-0.018237,-0.455588,-0.541655,-0.067482,-0.441652,-0.893552,-0.153466,-0.320473,-1.040120,-0.236699,-0.260830,-0.994642,0.119559,-0.321203,-1.424034,0.023633,-0.369005,-1.694213,-0.057035,-0.397224,-1.937707,-0.116194,-0.078257,-0.996933,0.032748,-0.163812,-1.250960,-0.137074,-0.190768,-0.886212,-0.184575,-0.153990,-0.681544,-0.154535,0.101788,-0.951630,-0.076158,-0.008726,-1.193884,-0.250095,-0.052027,-0.851259,-0.256252,-0.005978,-0.675027,-0.202892,0.288455,-0.865688,-0.197358,0.172985,-1.078733,-0.275842,0.107987,-0.856431,-0.259412,0.144417,-0.714343,-0.220583
ONE_FINGER,-0.000000,0.000000,0.000000,-0.268879,-0.185853,-0.025125,-0.447141,-0.549046,-0.070878,-0.454820,-0.898298,-0.150465,-0.332900,-1.061013,-0.224490,-0.267790,-0.988796,0.129980,-0.330616,-1.413451,0.043565,-0.376083,-1.685252,-0.030108,-0.392654,-1.922097,-0.085081,-0.100289,-0.994958,0.051085,-0.175670,-1.269832,-0.112513,-0.197993,-0.928884,-0.160829,-0.159143,-0.732359,-0.132743,0.068672,-0.959517,-0.051054,-0.033543,-1.206177,-0.223104,-0.061601,-0.871964,-0.230939,-0.004132,-0.698556,-0.177992,0.252188,-0.880172,-0.166123,0.148027,-1.103268,-0.246936,0.094633,-0.892005,-0.234417,0.136804,-0.748053,-0.196761
ONE_FINGER,-0.000000,0.000000,0.000000,-0.272476,-0.178706,-0.021275,-0.442704,-0.551663,-0.069328,-0.435477,-0.890094,-0.155334,-0.339913,-1.060768,-0.237478,-0.280200,-0.985977,0.137467,-0.343220,-1.401205,0.048699,-0.384907,-1.666340,-0.028030,-0.401212,-1.901519,-0.085134,-0.111770,-0.993734,0.053973,-0.188509,-1.255269,-0.108374,-0.206843,-0.913057,-0.158469,-0.167011,-0.727825,-0.131891,0.056848,-0.961273,-0.053887,-0.041460,-1.191791,-0.219046,-0.071885,-0.860036,-0.224976,-0.019876,-0.703309,-0.173697,0.238607,-0.888680,-0.175284,0.135905,-1.098340,-0.251838,0.085942,-0.883919,-0.237504,0.127166,-0.754475,-0.199765
ONE_FINGER,-0.000000,0.000000,0.000000,-0.267871,-0.173970,-0.024335,-0.444466,-0.552289,-0.075234,-0.427661,-0.889680,-0.162027,-0.306586,-1.039518,-0.242796,-0.271005,-0.993412,0.124889,-0.335332,-1.401709,0.030378,-0.381538,-1.655862,-0.039875,-0.398809,-1.884194,-0.090319,-0.097478,-0.995238,0.041249,-0.185586,-1.253575,-0.122495,-0.197847,-0.889436,-0.157615,-0.144727,-0.718012,-0.117856,0.071881,-0.959643,-0.068576,-0.033506,-1.189835,-0.239002,-0.064073,-0.839305,-0.234031,-0.004609,-0.700101,-0.171930,0.251298,-0.885406,-0.191984,0.142529,-1.093130,-0.270418,0.092082,-0.859538,-0.249283,0.141036,-0.736835,-0.204276
ONE_FINGER,-0.000000,0.000000,0.000000,-0.264604,-0.180551,-0.028140,-0.437456,-0.565528,-0.072604,-0.412354,-0.915451,-0.152809,-0.284851,-1.049665,-0.227561,-0.266071,-0.987032,0.134736,-0.328398,-1.396153,0.047081,-0.371108,-1.655353,-0.022247,-0.387312,-1.888279,-0.073197,-0.091054,-0.995846,0.054382,-0.169972,-1.254335,-0.106222,-0.182240,-0.896528,-0.147846,-0.138416,-0.713772,-0.113061,0.081284,-0.964881,-0.051985,-0.021506,-1.199644,-0.221531,-0.052565,-0.851478,-0.224222,-0.002077,-0.687164,-0.166278,0.262203,-0.887898,-0.172426,0.160317,-1.106319,-0.250386,0.102609,-0.885612,-0.234410,0.137035,-0.750935,-0.192931
ONE_FINGER,-0.000000,0.000000,0.000000,-0.269573,-0.194536,-0.010425,-0.431315,-0.557413,-0.047872,-0.421721,-0.894595,-0.124490,-0.310541,-1.047354,-0.195741,-0.262141,-0.990493,0.163420,-0.328609,-1.412390,0.082178,-0.380110,-1.674814,0.010179,-0.405959,-1.912017,-0.044465,-0.090278,-0.995917,0.077155,-0.168295,-1.252744,-0.080789,-0.179735,-0.897976,-0.129060,-0.136588,-0.714845,-0.099997,0.083244,-0.963631,-0.033904,-0.022774,-1.200728,-0.202138,-0.049616,-0.857832,-0.212416,0.003932,-0.700654,-0.160629,0.265617,-0.889674,-0.156711,0.161270,-1.111005,-0.235335,0.107091,-0.892926,-0.223745,0.146652,-0.758434,-0.186461
ONE_FINGER,-0.000000,0.000000,0.000000,-0.272333,-0.191088,-0.013369,-0.446654,-0.571539,-0.046900,-0.430300,-0.919436,-0.118188,-0.299601,-1.038924,-0.184562,-0.266433,-0.986861,0.159326,-0.339109,-1.402215,0.079983,-0.392613,-1.662756,0.010450,-0.419618,-1.895859,-0.042051,-0.094383,-0.995536,0.076154,-0.167940,-1.251951,-0.079021,-0.179730,-0.900758,-0.126190,-0.140234,-0.712109,-0.096678,0.080712,-0.963005,-0.030994,-0.022782,-1.202077,-0.195390,-0.045743,-0.863398,-0.204632,0.005097,-0.695960,-0.152532,0.264814,-0.887773,-0.150903,0.160616,-1.099529,-0.224181,0.108660,-0.880803,-0.211345,0.144607,-0.744653,-0.173884
ONE_FINGER,-0.000000,0.000000,0.000000,-0.266146,-0.191388,-0.012877,-0.450945,-0.567079,-0.051282,-0.439163,-0.911534,-0.124627,-0.290489,-1.030555,-0.192212,-0.267251,-0.989931,0.126196,-0.347836,-1.404866,0.035295,-0.405657,-1.661406,-0.035001,-0.432297,-1.890271,-0.085594,-0.096229,-0.995359,0.042698,-0.173118,-1.239138,-0.121345,-0.184422,-0.875489,-0.159191,-0.138554,-0.696569,-0.122039,0.078450,-0.960220,-0.063259,-0.023994,-1.183017,-0.233625,-0.048294,-0.841145,-0.230074,0.004725,-0.686105,-0.169133,0.263564,-0.886187,-0.181760,0.161225,-1.091389,-0.257159,0.109729,-0.864216,-0.236091,0.148789,-0.732134,-0.191849
ONE_FINGER,-0.000000,0.000000,0.000000,-0.265574,-0.186477,-0.030455,-0.463380,-0.548460,-0.074175,-0.456863,-0.893555,-0.150138,-0.303100,-0.998744,-0.219844,-0.277226,-0.981458,0.117757,-0.361515,-1.401149,0.026885,-0.414819,-1.665858,-0.047504,-0.440299,-1.900285,-0.101599,-0.104745,-0.994499,0.043146,-0.185197,-1.241389,-0.125129,-0.185931,-0.883169,-0.172228,-0.136675,-0.689089,-0.140881,0.070935,-0.962407,-0.054668,-0.029714,-1.173073,-0.227622,-0.042241,-0.834211,-0.236438,0.012981,-0.671136,-0.182363,0.261434,-0.887290,-0.166599,0.158545,-1.080596,-0.242043,0.114112,-0.860483,-0.230268,0.151135,-0.729756,-0.192868
ONE_FINGER,-0.000000,0.000000,0.000000,-0.274421,-0.183737,-0.032115,-0.475801,-0.520166,-0.084464,-0.477602,-0.861798,-0.167717,-0.340109,-0.999057,-0.243904,-0.299335,-0.975250,0.093814,-0.385782,-1.411170,-0.001533,-0.441259,-1.676894,-0.074525,-0.469526,-1.913646,-0.127110,-0.123049,-0.992401,0.018880,-0.199117,-1.228992,-0.152325,-0.198507,-0.865009,-0.190078,-0.151998,-0.680041,-0.152049,0.056145,-0.960381,-0.078092,-0.030105,-1.164302,-0.252203,-0.046034,-0.828267,-0.249459,-0.002441,-0.671914,-0.187961,0.247524,-0.883267,-0.188932,0.160796,-1.071005,-0.264145,0.114405,-0.850931,-0.244856,0.139819,-0.723321,-0.201239
ONE_FINGER,-0.000000,0.000000,0.000000,-0.270115,-0.205829,-0.041613,-0.457382,-0.527772,-0.105142,-0.436990,-0.857752,-0.198410,-0.277243,-0.990379,-0.281864,-0.286370,-0.993141,0.082166,-0.383738,-1.417298,-0.033999,-0.442019,-1.671589,-0.112996,-0.472552,-1.907722,-0.167121,-0.104068,-0.994570,0.003960,-0.170212,-1.229435,-0.191660,-0.162507,-0.826088,-0.229414,-0.115741,-0.675832,-0.183975,0.082168,-0.960070,-0.100033,0.001932,-1.158394,-0.302922,-0.016618,-0.789428,-0.300198,0.024633,-0.660386,-0.230469,0.278597,-0.887704,-0.217839,0.189828,-1.076738,-0.312075,0.139694,-0.831469,-0.293210,0.166761,-0.710650,-0.244932
ONE_FINGER,-0.000000,0.000000,0.000000,-0.275340,-0.208220,-0.033129,-0.465909,-0.516695,-0.088312,-0.453982,-0.849848,-0.173579,-0.293507,-0.983369,-0.248669,-0.296773,-0.986765,0.096550,-0.392491,-1.416160,-0.009847,-0.443812,-1.673983,-0.085352,-0.469371,-1.909192,-0.138259,-0.115257,-0.993336,0.018543,-0.184805,-1.230562,-0.173126,-0.172884,-0.834655,-0.212993,-0.125611,-0.665014,-0.169696,0.070300,-0.959051,-0.083531,-0.011329,-1.156437,-0.284108,-0.027200,-0.789347,-0.284073,0.012335,-0.645820,-0.215621,0.265800,-0.878884,-0.198234,0.181138,-1.082312,-0.291776,0.131714,-0.842293,-0.275420,0.156564,-0.709795,-0.228651
ONE_FINGER,-0.000000,0.000000,0.000000,-0.281369,-0.201482,-0.032148,-0.472911,-0.528608,-0.085041,-0.451100,-0.866970,-0.170266,-0.297734,-1.026710,-0.245733,-0.297273,-0.989287,0.115844,-0.371013,-1.402164,0.013684,-0.411022,-1.653275,-0.062333,-0.432831,-1.886410,-0.116384,-0.110993,-0.993821,0.036376,-0.183172,-1.210946,-0.144708,-0.166413,-0.813626,-0.187433,-0.117604,-0.668576,-0.148273,0.074033,-0.961221,-0.069146,-0.013915,-1.145081,-0.255781,-0.028446,-0.774904,-0.255261,0.016452,-0.644907,-0.190593,0.269844,-0.887914,-0.188023,0.181338,-1.079783,-0.271063,0.137050,-0.845547,-0.252895,0.168974,-0.729202,-0.207375
ONE_FINGER,-0.000000,0.000000,0.000000,-0.278710,-0.204046,-0.027030,-0.468274,-0.549360,-0.064468,-0.445828,-0.890750,-0.134145,-0.280042,-1.017817,-0.193678,-0.283714,-0.993944,0.148405,-0.356246,-1.390827,0.063614,-0.404350,-1.638928,-0.003666,-0.433104,-1.870352,-0.052732,-0.103443,-0.994635,0.073133,-0.186229,-1.218850,-0.084689,-0.179872,-0.839492,-0.124721,-0.132317,-0.688573,-0.087462,0.076498,-0.958809,-0.028987,-0.022340,-1.157543,-0.200472,-0.043134,-0.799722,-0.204678,0.004157,-0.666142,-0.144692,0.265903,-0.884776,-0.144346,0.173147,-1.091012,-0.221019,0.122656,-0.867358,-0.205581,0.154578,-0.748645,-0.162901
ONE_FINGER,-0.000000,0.000000,0.000000,-0.263812,-0.173158,-0.035452,-0.460920,-0.518360,-0.088253,-0.438311,-0.873729,-0.172242,-0.276721,-1.027827,-0.245686,-0.279273,-0.987993,0.113733,-0.345951,-1.385762,0.012477,-0.399331,-1.631285,-0.053316,-0.430753,-1.856995,-0.098530,-0.096170,-0.995365,0.035174,-0.200936,-1.224847,-0.136906,-0.191623,-0.816642,-0.162307,-0.126444,-0.670155,-0.110250,0.080269,-0.964379,-0.072051,-0.036870,-1.164402,-0.258633,-0.054243,-0.773621,-0.248842,0.011522,-0.644797,-0.175067,0.269711,-0.885456,-0.192480,0.157535,-1.098718,-0.278465,0.108964,-0.848135,-0.255838,0.157598,-0.723550,-0.204683
ONE_FINGER,-0.000000,0.000000,0.000000,-0.269931,-0.184967,-0.031260,-0.461830,-0.527323,-0.084964,-0.437865,-0.868002,-0.172257,-0.297474,-1.039048,-0.251388,-0.282525,-0.986548,0.120652,-0.354673,-1.389803,0.019700,-0.404719,-1.637638,-0.055280,-0.435829,-1.864756,-0.107887,-0.103398,-0.994640,0.041635,-0.188487,-1.228434,-0.136505,-0.184221,-0.835135,-0.177212,-0.134133,-0.666665,-0.136598,0.073619,-0.964858,-0.063880,-0.030449,-1.165694,-0.249096,-0.044473,-0.792601,-0.246992,0.011634,-0.650262,-0.181344,0.266079,-0.889735,-0.182747,0.162208,-1.095329,-0.267108,0.117168,-0.854622,-0.247952,0.157220,-0.727575,-0.201456
ONE_FINGER,-0.000000,0.000000,0.000000,-0.271458,-0.180055,-0.023258,-0.454189,-0.537799,-0.054787,-0.428864,-0.889045,-0.121248,-0.289009,-1.046773,-0.180910,-0.277313,-0.983907,0.172203,-0.343984,-1.370525,0.087065,-0.395976,-1.620837,0.016190,-0.428908,-1.853170,-0.035270,-0.103285,-0.994652,0.095292,-0.190177,-1.220355,-0.070706,-0.189022,-0.825559,-0.118278,-0.136943,-0.650686,-0.081562,0.072634,-0.970510,-0.010058,-0.032355,-1.167690,-0.193997,-0.048414,-0.786461,-0.207138,0.008736,-0.641846,-0.149095,0.265278,-0.906087,-0.127551,0.156510,-1.120347,-0.216805,0.110544,-0.872167,-0.208611,0.154008,-0.739727,-0.168508
ONE_FINGER,-0.000000,0.000000,0.000000,-0.271213,-0.172548,-0.013493,-0.463313,-0.536395,-0.043413,-0.447886,-0.888990,-0.108951,-0.297519,-1.022679,-0.167548,-0.275588,-0.982550,0.164055,-0.347628,-1.376903,0.076666,-0.404794,-1.626213,0.007774,-0.439574,-1.856036,-0.041574,-0.100974,-0.994889,0.082238,-0.190494,-1.215529,-0.084673,-0.185288,-0.810891,-0.124359,-0.131190,-0.636896,-0.082026,0.074911,-0.971861,-0.026124,-0.038836,-1.179105,-0.208547,-0.052308,-0.797929,-0.211893,0.006261,-0.649543,-0.147747,0.262191,-0.909104,-0.146296,0.150633,-1.119546,-0.229497,0.105973,-0.869429,-0.212969,0.150642,-0.736299,-0.167708
ONE_FINGER,-0.000000,0.000000,0.000000,-0.287720,-0.215049,-0.002727,-0.473978,-0.555687,-0.023335,-0.470195,-0.891456,-0.084934,-0.323761,-1.035450,-0.141356,-0.273205,-0.982452,0.212851,-0.344714,-1.403460,0.143250,-0.403806,-1.663364,0.067676,-0.446221,-1.901977,0.009581,-0.105877,-0.994379,0.130351,-0.185430,-1.253100,-0.029206,-0.191635,-0.887325,-0.097896,-0.153140,-0.672955,-0.079549,0.070729,-0.972539,0.023459,-0.042935,-1.205810,-0.152476,-0.060104,-0.850801,-0.185758,-0.007534,-0.669207,-0.144327,0.261486,-0.910466,-0.094032,0.149229,-1.157992,-0.178289,0.097779,-0.940047,-0.180791,0.133777,-0.785575,-0.152251
ONE_FINGER,-0.000000,0.000000,0.000000,-0.282699,-0.182420,-0.006231,-0.461344,-0.528413,-0.033435,-0.448218,-0.864956,-0.100076,-0.318118,-1.023033,-0.160982,-0.281656,-0.984065,0.194152,-0.350309,-1.390122,0.113061,-0.404123,-1.646134,0.036726,-0.438118,-1.884666,-0.020828,-0.110762,-0.993847,0.109849,-0.195445,-1.217413,-0.056107,-0.197358,-0.829550,-0.114295,-0.147258,-0.652724,-0.086624,0.064365,-0.971596,-0.000801,-0.047805,-1.178153,-0.183401,-0.063791,-0.809539,-0.206752,-0.002801,-0.669058,-0.158100,0.253910,-0.915187,-0.121756,0.138313,-1.133291,-0.209452,0.094285,-0.889353,-0.205949,0.143869,-0.755293,-0.171995
ONE_FINGER,-0.000000,0.000000,0.000000,-0.286966,-0.207845,-0.004439,-0.465297,-0.547692,-0.023721,-0.445663,-0.893270,-0.083752,-0.298101,-1.035870,-0.136253,-0.281134,-0.984072,0.223955,-0.353381,-1.405098,0.156598,-0.400744,-1.666776,0.086835,-0.429241,-1.903626,0.032237,-0.107627,-0.994191,0.139998,-0.193051,-1.248362,-0.020452,-0.186092,-0.878250,-0.084709,-0.137920,-0.683610,-0.060205,0.071209,-0.971373,0.029799,-0.037979,-1.191452,-0.149617,-0.048323,-0.823172,-0.180626,0.005380,-0.658393,-0.133950,0.263586,-0.906604,-0.090982,0.155867,-1.144151,-0.177662,0.111184,-0.915171,-0.179130,0.149286,-0.768792,-0.147088
ONE_FINGER,-0.000000,0.000000,0.000000,-0.279731,-0.182761,-0.015974,-0.468293,-0.537514,-0.040579,-0.448042,-0.898611,-0.101773,-0.298442,-1.035363,-0.154270,-0.283615,-0.980957,0.195340,-0.355053,-1.388225,0.120802,-0.400639,-1.645581,0.057314,-0.425457,-1.877252,0.009909,-0.110534,-0.993872,0.115535,-0.201507,-1.238492,-0.047160,-0.189827,-0.848620,-0.094370,-0.134513,-0.664336,-0.055179,0.065991,-0.973662,0.008108,-0.046647,-1.196630,-0.174749,-0.054801,-0.814347,-0.189700,0.003422,-0.652215,-0.129232,0.254284,-0.910208,-0.110990,0.148125,-1.145700,-0.196939,0.104380,-0.907813,-0.188616,0.145539,-0.766680,-0.147000
ONE_FINGER,-0.000000,0.000000,0.000000,-0.287056,-0.189067,-0.011120,-0.473516,-0.533839,-0.034341,-0.462366,-0.889500,-0.095606,-0.319692,-1.035397,-0.148692,-0.289268,-0.979983,0.204578,-0.362419,-1.394116,0.130045,-0.411476,-1.651872,0.061769,-0.441361,-1.887116,0.009970,-0.117178,-0.993111,0.123141,-0.210786,-1.236652,-0.041880,-0.198845,-0.852556,-0.097338,-0.144062,-0.672037,-0.064899,0.058752,-0.974089,0.014496,-0.059666,-1.194653,-0.170209,-0.066282,-0.818124,-0.193291,-0.005172,-0.663999,-0.139241,0.247403,-0.914961,-0.104891,0.132993,-1.146594,-0.192080,0.091727,-0.909020,-0.188704,0.138045,-0.769616,-0.152015
ONE_FINGER,-0.000000,0.000000,0.000000,-0.290130,-0.193581,-0.014937,-0.468698,-0.530831,-0.041177,-0.454782,-0.878579,-0.106276,-0.322301,-1.041716,-0.164632,-0.289570,-0.979501,0.207404,-0.362203,-1.396326,0.133153,-0.410312,-1.657914,0.058682,-0.440282,-1.897813,0.001342,-0.118083,-0.993004,0.127540,-0.203251,-1.237389,-0.038920,-0.191591,-0.863251,-0.105007,-0.139021,-0.671373,-0.081576,0.057301,-0.973677,0.020595,-0.055669,-1.192145,-0.165523,-0.061397,-0.825273,-0.199169,-0.000620,-0.667826,-0.154093,0.246477,-0.914447,-0.097200,0.133954,-1.145781,-0.189241,0.091710,-0.913436,-0.193329,0.136368,-0.770807,-0.163089
ONE_FINGER,-0.000000,0.000000,0.000000,-0.287803,-0.191801,-0.008727,-0.467603,-0.532777,-0.028778,-0.452792,-0.887400,-0.087506,-0.314532,-1.047342,-0.137965,-0.293140,-0.980886,0.220536,-0.363012,-1.389559,0.150615,-0.409411,-1.644507,0.085030,-0.436129,-1.878719,0.034618,-0.120761,-0.992682,0.138495,-0.210644,-1.231835,-0.022075,-0.198711,-0.844246,-0.077320,-0.143847,-0.668097,-0.044247,0.053267,-0.973652,0.028172,-0.059496,-1.188810,-0.154627,-0.067292,-0.807294,-0.180053,-0.006609,-0.660918,-0.127306,0.239435,-0.915941,-0.092404,0.127617,-1.144216,-0.180015,0.088889,-0.898010,-0.178531,0.137969,-0.759790,-0.142679
ONE_FINGER,-0.000000,0.000000,0.000000,-0.292757,-0.213563,-0.000313,-0.465665,-0.545910,-0.016478,-0.457339,-0.888427,-0.077024,-0.334726,-1.041966,-0.132341,-0.289835,-0.977100,0.246907,-0.362438,-1.393212,0.184817,-0.408611,-1.655542,0.108962,-0.440806,-1.893240,0.048124,-0.121769,-0.992558,0.160869,-0.208938,-1.247224,0.000638,-0.203632,-0.895617,-0.081072,-0.158733,-0.687922,-0.071002,0.051690,-0.974536,0.048662,-0.065271,-1.198401,-0.131785,-0.074682,-0.840069,-0.180743,-0.015508,-0.661793,-0.147632,0.240516,-0.915917,-0.073317,0.123136,-1.157439,-0.163141,0.077338,-0.935361,-0.176593,0.120972,-0.782210,-0.155236
ONE_FINGER,-0.000000,0.000000,0.000000,-0.281043,-0.199457,0.000464,-0.457602,-0.550309,-0.017785,-0.449460,-0.898831,-0.078935,-0.325260,-1.043377,-0.135381,-0.290598,-0.976083,0.222978,-0.361000,-1.385237,0.156802,-0.406758,-1.645184,0.085893,-0.433860,-1.878048,0.030302,-0.120124,-0.992759,0.135565,-0.200513,-1.246962,-0.022825,-0.196971,-0.886562,-0.090151,-0.150947,-0.677365,-0.070001,0.053689,-0.974527,0.022733,-0.053711,-1.197047,-0.153262,-0.065167,-0.833632,-0.187490,-0.008574,-0.655052,-0.145681,0.241270,-0.913362,-0.100385,0.128807,-1.142187,-0.185200,0.083384,-0.911601,-0.189225,0.125483,-0.760983,-0.161023
ONE_FINGER,-0.000000,0.000000,0.000000,-0.287386,-0.215038,0.013187,-0.455020,-0.552542,0.002496,-0.455954,-0.895505,-0.054293,-0.343825,-1.055086,-0.106457,-0.291034,-0.976658,0.253707,-0.364024,-1.390307,0.193972,-0.411293,-1.650656,0.121345,-0.441722,-1.886746,0.063168,-0.123185,-0.992384,0.162363,-0.205198,-1.254592,0.004466,-0.203056,-0.898715,-0.072507,-0.160140,-0.687278,-0.058874,0.049746,-0.976211,0.046053,-0.060604,-1.200558,-0.130373,-0.071076,-0.839340,-0.174128,-0.014559,-0.663580,-0.138462,0.236837,-0.921279,-0.078992,0.120932,-1.156674,-0.165243,0.078649,-0.927960,-0.175340,0.123718,-0.776221,-0.152049
ONE_FINGER,-0.000000,0.000000,0.000000,-0.293764,-0.216510,0.020190,-0.456965,-0.553617,0.013694,-0.452740,-0.897196,-0.039140,-0.329761,-1.067724,-0.087304,-0.295810,-0.978906,0.265296,-0.368186,-1.397439,0.207372,-0.420243,-1.660711,0.136778,-0.453003,-1.901766,0.079897,-0.124354,-0.992238,0.172206,-0.208600,-1.262284,0.014471,-0.209398,-0.891821,-0.059204,-0.162864,-0.674743,-0.041233,0.053621,-0.975195,0.054084,-0.060861,-1.211643,-0.127091,-0.074398,-0.843583,-0.170703,-0.013768,-0.672589,-0.132745,0.245044,-0.921109,-0.071281,0.123845,-1.166610,-0.164164,0.079488,-0.929945,-0.174874,0.130483,-0.775783,-0.150120
ONE_FINGER,-0.000000,0.000000,0.000000,-0.287911,-0.215003,0.017938,-0.458451,-0.560042,0.009107,-0.456457,-0.917972,-0.045722,-0.329192,-1.096173,-0.095037,-0.297594,-0.975383,0.258075,-0.368548,-1.396114,0.198088,-0.419378,-1.661970,0.129919,-0.453229,-1.905983,0.074965,-0.125713,-0.992067,0.163831,-0.219358,-1.268988,0.003984,-0.213032,-0.891553,-0.064470,-0.160386,-0.678695,-0.041910,0.051926,-0.977370,0.044158,-0.065746,-1.221640,-0.139374,-0.077097,-0.843410,-0.177541,-0.013028,-0.666479,-0.134236,0.244440,-0.919358,-0.083043,0.123192,-1.171255,-0.175975,0.078930,-0.934842,-0.183517,0.131949,-0.778975,-0.155477
ONE_FINGER,-0.000000,0.000000,0.000000,-0.285380,-0.217078,0.015281,-0.452133,-0.562197,0.001153,-0.456516,-0.908638,-0.056992,-0.339560,-1.089465,-0.110260,-0.299548,-0.980630,0.234003,-0.369727,-1.394004,0.169797,-0.421648,-1.654104,0.099961,-0.454610,-1.890622,0.044710,-0.126197,-0.992005,0.140855,-0.206324,-1.272372,-0.016444,-0.204743,-0.907370,-0.080811,-0.160693,-0.692829,-0.058826,0.055439,-0.971224,0.023436,-0.050645,-1.219901,-0.153265,-0.064343,-0.861497,-0.183505,-0.008547,-0.688226,-0.139388,0.250213,-0.907649,-0.102076,0.139732,-1.160664,-0.191699,0.091226,-0.934026,-0.194036,0.133798,-0.781666,-0.164039
ONE_FINGER,-0.000000,0.000000,0.000000,-0.266417,-0.207428,0.002522,-0.454726,-0.572940,-0.020257,-0.453926,-0.947229,-0.082548,-0.310426,-1.147432,-0.136674,-0.326175,-0.974740,0.202285,-0.403367,-1.363013,0.129677,-0.455113,-1.603712,0.068384,-0.485741,-1.824185,0.022529,-0.146244,-0.989249,0.110171,-0.231501,-1.274248,-0.046868,-0.219491,-0.895241,-0.089817,-0.177032,-0.689737,-0.051511,0.039084,-0.968935,-0.008138,-0.062866,-1.228059,-0.182604,-0.073877,-0.853384,-0.186108,-0.025251,-0.669035,-0.122104,0.234899,-0.894919,-0.136910,0.134302,-1.153449,-0.220550,0.084506,-0.918529,-0.204138,0.116917,-0.758954,-0.157968
ONE_FINGER,-0.000000,0.000000,0.000000,-0.273912,-0.190910,0.012233,-0.468393,-0.580620,-0.012366,-0.457701,-0.979142,-0.077169,-0.314283,-1.206296,-0.131646,-0.362495,-0.966955,0.196803,-0.453908,-1.338319,0.122072,-0.519851,-1.550379,0.075727,-0.559023,-1.751411,0.043424,-0.176285,-0.984339,0.097476,-0.270662,-1.272617,-0.052710,-0.254208,-0.881526,-0.072619,-0.203292,-0.709824,-0.016595,0.008555,-0.970138,-0.029322,-0.099296,-1.215968,-0.196811,-0.108162,-0.819203,-0.179172,-0.048598,-0.661065,-0.099688,0.202141,-0.907357,-0.165737,0.091381,-1.152501,-0.241278,0.051904,-0.890420,-0.210070,0.100475,-0.743742,-0.151768
ONE_FINGER,-0.000000,0.000000,0.000000,-0.283483,-0.163341,-0.009663,-0.488215,-0.588201,-0.041504,-0.462716,-1.017032,-0.109089,-0.310983,-1.255635,-0.167234,-0.384236,-0.962997,0.171559,-0.486463,-1.334031,0.090783,-0.555829,-1.546790,0.042345,-0.592248,-1.748741,0.009268,-0.191744,-0.981445,0.082278,-0.294468,-1.240844,-0.069675,-0.282544,-0.843105,-0.090870,-0.226172,-0.669577,-0.035207,-0.009120,-0.960477,-0.035897,-0.117577,-1.169994,-0.205545,-0.134965,-0.766711,-0.190444,-0.078751,-0.609615,-0.112526,0.175313,-0.901720,-0.165834,0.062907,-1.105181,-0.241938,0.025865,-0.824231,-0.211019,0.074425,-0.680761,-0.152335
ONE_FINGER,-0.000000,0.000000,0.000000,-0.278945,-0.119789,-0.038571,-0.490844,-0.575577,-0.080604,-0.446081,-1.026911,-0.152882,-0.286781,-1.260710,-0.216227,-0.369144,-0.957723,0.147992,-0.461664,-1.302756,0.062214,-0.532622,-1.515428,0.019422,-0.565187,-1.716169,-0.006629,-0.174416,-0.984672,0.071838,-0.279367,-1.233682,-0.077383,-0.280796,-0.817589,-0.085021,-0.219176,-0.634209,-0.017079,0.004979,-0.961200,-0.037348,-0.098949,-1.157575,-0.213188,-0.127061,-0.735963,-0.190177,-0.064686,-0.573194,-0.102507,0.191968,-0.902685,-0.161013,0.075848,-1.093472,-0.244707,0.037821,-0.792258,-0.210895,0.094701,-0.648261,-0.146205
ONE_FINGER,-0.000000,0.000000,0.000000,-0.278612,-0.086333,-0.034302,-0.497704,-0.574991,-0.074854,-0.435989,-1.046921,-0.147435,-0.268255,-1.260574,-0.211521,-0.374377,-0.950667,0.152184,-0.470478,-1.299507,0.066426,-0.549829,-1.519205,0.027694,-0.587425,-1.714558,0.006285,-0.173762,-0.984788,0.074533,-0.279061,-1.246515,-0.073348,-0.286009,-0.822792,-0.074562,-0.219631,-0.616187,0.001047,0.008694,-0.960364,-0.036648,-0.100600,-1.160768,-0.211800,-0.135893,-0.726007,-0.183059,-0.068046,-0.545740,-0.088287,0.199134,-0.900921,-0.162391,0.071428,-1.102103,-0.243752,0.031288,-0.795246,-0.206190,0.096120,-0.648037,-0.137144
ONE_FINGER,-0.000000,0.000000,0.000000,-0.264650,-0.055948,-0.036433,-0.488038,-0.545791,-0.082523,-0.411872,-1.028463,-0.159264,-0.235944,-1.229837,-0.226940,-0.375669,-0.941292,0.130377,-0.467981,-1.278909,0.039683,-0.545130,-1.503960,0.003006,-0.579791,-1.704245,-0.015870,-0.167932,-0.985799,0.053551,-0.281263,-1.212126,-0.092732,-0.276554,-0.769391,-0.080784,-0.194147,-0.576482,0.004141,0.014912,-0.957970,-0.056874,-0.092248,-1.128705,-0.231427,-0.124970,-0.686020,-0.191543,-0.049529,-0.516929,-0.089325,0.211356,-0.893384,-0.181923,0.080474,-1.082149,-0.261911,0.042689,-0.769806,-0.219094,0.112364,-0.633749,-0.146080
ONE_FINGER,-0.000000,0.000000,0.000000,-0.261498,-0.063216,-0.035337,-0.482184,-0.556612,-0.080219,-0.400135,-1.036652,-0.155730,-0.218050,-1.229001,-0.222577,-0.362618,-0.945751,0.125552,-0.459038,-1.291415,0.035134,-0.537114,-1.515912,-0.001688,-0.571146,-1.718789,-0.021594,-0.153456,-0.988155,0.049004,-0.272837,-1.209404,-0.097945,-0.266261,-0.765040,-0.086503,-0.177059,-0.578451,-0.002552,0.028708,-0.958493,-0.060344,-0.080667,-1.133735,-0.235490,-0.116199,-0.690752,-0.198444,-0.036815,-0.524491,-0.098426,0.227084,-0.891774,-0.183685,0.099083,-1.085019,-0.264142,0.057536,-0.776374,-0.223807,0.126820,-0.644564,-0.153140
ONE_FINGER,-0.000000,0.000000,0.000000,-0.257867,-0.065275,-0.031073,-0.475050,-0.562033,-0.078879,-0.388673,-1.039762,-0.158661,-0.205843,-1.243637,-0.230569,-0.356354,-0.946191,0.122762,-0.459783,-1.302452,0.029526,-0.544468,-1.534584,-0.011547,-0.585627,-1.740634,-0.034959,-0.146106,-0.989269,0.043513,-0.264085,-1.213074,-0.106569,-0.266521,-0.774369,-0.099368,-0.183382,-0.582637,-0.019125,0.037128,-0.960717,-0.067384,-0.073293,-1.139581,-0.244633,-0.116058,-0.692314,-0.209143,-0.038345,-0.515995,-0.110849,0.236833,-0.894399,-0.191562,0.101341,-1.096429,-0.274465,0.054247,-0.785257,-0.234514,0.124750,-0.643502,-0.164487
ONE_FINGER,-0.000000,0.000000,0.000000,-0.262035,-0.042214,-0.028783,-0.492276,-0.534853,-0.071488,-0.403285,-1.027819,-0.145947,-0.206075,-1.213627,-0.211671,-0.371916,-0.935939,0.128956,-0.479173,-1.292519,0.042164,-0.563521,-1.526718,0.005161,-0.604199,-1.732565,-0.015783,-0.158145,-0.987416,0.050962,-0.280968,-1.189220,-0.091680,-0.276753,-0.748974,-0.082738,-0.191098,-0.556926,-0.002030,0.025705,-0.961837,-0.057709,-0.084925,-1.127692,-0.232469,-0.126345,-0.679563,-0.197913,-0.054346,-0.489681,-0.099465,0.225251,-0.897527,-0.179523,0.089903,-1.096256,-0.258765,0.043726,-0.784853,-0.217940,0.108343,-0.631215,-0.147214
ONE_FINGER,-0.000000,0.000000,0.000000,-0.272514,-0.092774,-0.030148,-0.482618,-0.576981,-0.076706,-0.388665,-1.042607,-0.156442,-0.205866,-1.251590,-0.229226,-0.367837,-0.949310,0.131260,-0.476863,-1.334038,0.045049,-0.565514,-1.574451,-0.000776,-0.608401,-1.782735,-0.030853,-0.156134,-0.987736,0.051802,-0.262185,-1.240293,-0.096152,-0.275249,-0.819207,-0.104511,-0.202349,-0.614356,-0.038215,0.029994,-0.961055,-0.057234,-0.073832,-1.157531,-0.232231,-0.123326,-0.722781,-0.212871,-0.051252,-0.534543,-0.128500,0.233377,-0.891845,-0.178921,0.102548,-1.116954,-0.264710,0.047345,-0.821206,-0.234285,0.111472,-0.665374,-0.173103
ONE_FINGER,-0.000000,0.000000,0.000000,-0.257350,-0.071090,-0.023814,-0.468949,-0.547577,-0.068195,-0.375392,-1.014966,-0.145816,-0.192304,-1.221624,-0.215648,-0.358857,-0.945682,0.129588,-0.470178,-1.323756,0.040741,-0.557282,-1.558425,0.000536,-0.601368,-1.757804,-0.023361,-0.149160,-0.988813,0.047293,-0.265962,-1.227242,-0.102651,-0.264181,-0.789713,-0.099395,-0.183212,-0.593743,-0.021678,0.032487,-0.961886,-0.064768,-0.072867,-1.144659,-0.239864,-0.114352,-0.693957,-0.207241,-0.042782,-0.511155,-0.111436,0.227586,-0.889685,-0.189437,0.098382,-1.102726,-0.270840,0.051414,-0.794716,-0.232014,0.117210,-0.646089,-0.163100
ONE_FINGER,-0.000000,0.000000,0.000000,-0.262475,-0.066321,-0.027054,-0.461663,-0.565582,-0.074849,-0.351940,-1.044400,-0.157273,-0.183090,-1.259649,-0.232598,-0.355324,-0.948308,0.134505,-0.460273,-1.344646,0.045575,-0.547137,-1.583213,0.002299,-0.594395,-1.785490,-0.024856,-0.144518,-0.989502,0.053287,-0.253237,-1.224650,-0.098733,-0.255767,-0.784663,-0.101394,-0.179026,-0.585859,-0.027329,0.037454,-0.962059,-0.058215,-0.061617,-1.148493,-0.235128,-0.107439,-0.696967,-0.207951,-0.040053,-0.508713,-0.115832,0.229097,-0.892002,-0.182657,0.104995,-1.096164,-0.263735,0.057963,-0.780779,-0.226916,0.121630,-0.629857,-0.160255
ONE_FINGER,-0.000000,0.000000,0.000000,-0.259984,-0.075248,-0.028135,-0.452570,-0.575206,-0.078488,-0.342975,-1.045045,-0.163467,-0.178415,-1.265135,-0.241590,-0.342170,-0.953710,0.131418,-0.447499,-1.349394,0.039950,-0.530771,-1.583757,-0.004020,-0.573725,-1.784327,-0.031213,-0.133364,-0.991067,0.049954,-0.240042,-1.230355,-0.103511,-0.250291,-0.794596,-0.107452,-0.177620,-0.603929,-0.034496,0.044925,-0.963823,-0.061589,-0.058404,-1.142540,-0.238183,-0.106525,-0.688454,-0.210994,-0.036815,-0.511663,-0.119600,0.230560,-0.895829,-0.186135,0.100817,-1.094326,-0.268172,0.055618,-0.775884,-0.231326,0.126119,-0.630593,-0.164542
ONE_FINGER,-0.000000,0.000000,0.000000,-0.252957,-0.072217,-0.024212,-0.445961,-0.571484,-0.068658,-0.330309,-1.041557,-0.148686,-0.153712,-1.235298,-0.221467,-0.329570,-0.950838,0.139432,-0.428522,-1.317361,0.054137,-0.507955,-1.541470,0.013250,-0.548697,-1.734358,-0.011597,-0.119455,-0.992840,0.058238,-0.235283,-1.194565,-0.084785,-0.237322,-0.760514,-0.085749,-0.157540,-0.574533,-0.013323,0.057050,-0.962894,-0.053266,-0.042818,-1.121530,-0.220260,-0.091913,-0.681934,-0.191649,-0.028307,-0.501291,-0.101544,0.240178,-0.891055,-0.178091,0.119512,-1.078133,-0.250714,0.071237,-0.773604,-0.212309,0.130949,-0.628735,-0.146351
ONE_FINGER,-0.000000,0.000000,0.000000,-0.258325,-0.051422,-0.029023,-0.470652,-0.548803,-0.072434,-0.370346,-1.031636,-0.148676,-0.187181,-1.225180,-0.216544,-0.349924,-0.943823,0.135353,-0.453102,-1.310717,0.047796,-0.532748,-1.542211,0.008070,-0.574313,-1.741824,-0.014948,-0.141064,-0.990000,0.057997,-0.258425,-1.189678,-0.087453,-0.258260,-0.757894,-0.085461,-0.178745,-0.577043,-0.009403,0.036907,-0.964549,-0.050073,-0.070085,-1.123924,-0.224691,-0.112644,-0.683419,-0.195277,-0.045596,-0.505134,-0.100907,0.223080,-0.900309,-0.171235,0.094211,-1.087027,-0.248907,0.050074,-0.778318,-0.210330,0.114233,-0.632161,-0.141862
ONE_FINGER,-0.000000,0.000000,0.000000,-0.265599,-0.051989,-0.034457,-0.472337,-0.551754,-0.081799,-0.363277,-1.036565,-0.161364,-0.183509,-1.240416,-0.232999,-0.359367,-0.943874,0.125691,-0.464976,-1.326790,0.035485,-0.545713,-1.567786,-0.005804,-0.587336,-1.772618,-0.029868,-0.148577,-0.988901,0.049979,-0.254591,-1.210175,-0.099794,-0.251716,-0.777970,-0.097527,-0.172220,-0.583275,-0.019676,0.033842,-0.959984,-0.056803,-0.065963,-1.128008,-0.233207,-0.109872,-0.683992,-0.203092,-0.045581,-0.501994,-0.107786,0.223973,-0.890730,-0.177295,0.096341,-1.079293,-0.256427,0.049685,-0.769878,-0.218130,0.110781,-0.626874,-0.149498
ONE_FINGER,-0.000000,0.000000,0.000000,-0.251131,-0.065281,-0.032380,-0.453186,-0.569362,-0.074147,-0.337555,-1.045002,-0.147938,-0.146067,-1.217684,-0.214163,-0.323542,-0.951277,0.130891,-0.424236,-1.320907,0.042743,-0.503092,-1.556548,0.005925,-0.543774,-1.754758,-0.014242,-0.113465,-0.993542,0.055258,-0.223562,-1.222322,-0.094200,-0.228922,-0.783891,-0.089070,-0.155900,-0.583944,-0.007910,0.063924,-0.962369,-0.051455,-0.032400,-1.144241,-0.229064,-0.082368,-0.687495,-0.195645,-0.022907,-0.491295,-0.095951,0.252638,-0.888174,-0.172062,0.131591,-1.097716,-0.252180,0.083123,-0.784905,-0.212352,0.140357,-0.631107,-0.141294
ONE_FINGER,-0.000000,0.000000,0.000000,-0.251377,-0.070259,-0.024982,-0.452898,-0.562376,-0.068875,-0.340044,-1.029739,-0.145173,-0.148263,-1.212067,-0.212798,-0.324759,-0.956674,0.119755,-0.434616,-1.319574,0.028485,-0.514685,-1.549501,-0.009120,-0.554570,-1.744133,-0.029955,-0.113208,-0.993571,0.039531,-0.233715,-1.211846,-0.110901,-0.231434,-0.776777,-0.102723,-0.147646,-0.598703,-0.021773,0.067529,-0.958799,-0.070507,-0.038532,-1.126949,-0.245117,-0.086674,-0.682098,-0.208289,-0.021208,-0.510876,-0.109523,0.260177,-0.879189,-0.193136,0.133280,-1.084914,-0.271698,0.079836,-0.782795,-0.230615,0.138142,-0.644487,-0.160158
ONE_FINGER,-0.000000,0.000000,0.000000,-0.255307,-0.041217,-0.029867,-0.469380,-0.539898,-0.072458,-0.357010,-1.029004,-0.145663,-0.162818,-1.199641,-0.209077,-0.342479,-0.945447,0.121056,-0.452850,-1.305528,0.029772,-0.529817,-1.540996,-0.004322,-0.567217,-1.742151,-0.021315,-0.128351,-0.991729,0.045207,-0.249433,-1.183583,-0.102853,-0.243863,-0.740563,-0.088327,-0.157759,-0.565977,-0.000753,0.053022,-0.959783,-0.061654,-0.048577,-1.117397,-0.242342,-0.096334,-0.667091,-0.202339,-0.034370,-0.488694,-0.096908,0.245690,-0.887870,-0.181454,0.122083,-1.082504,-0.262335,0.072704,-0.768880,-0.218516,0.130792,-0.624273,-0.143406
ONE_FINGER,-0.000000,0.000000,0.000000,-0.253866,-0.054566,-0.033482,-0.465626,-0.551703,-0.083059,-0.353743,-1.025306,-0.163143,-0.164816,-1.202352,-0.235067,-0.333153,-0.952514,0.099030,-0.441546,-1.323339,-0.000869,-0.523599,-1.560131,-0.037154,-0.567454,-1.760472,-0.054521,-0.117863,-0.993030,0.022402,-0.234576,-1.222753,-0.134531,-0.235825,-0.779484,-0.115872,-0.155179,-0.593394,-0.024306,0.063532,-0.956665,-0.085300,-0.041308,-1.131399,-0.269526,-0.091848,-0.676912,-0.223279,-0.027434,-0.500684,-0.113870,0.257515,-0.876859,-0.206543,0.127907,-1.074893,-0.291920,0.078464,-0.762834,-0.246763,0.140954,-0.624959,-0.170282
ONE_FINGER,-0.000000,0.000000,0.000000,-0.255857,-0.066078,-0.025935,-0.457854,-0.559582,-0.068328,-0.346136,-1.025808,-0.142522,-0.162871,-1.205971,-0.208034,-0.332214,-0.953979,0.122181,-0.441339,-1.322140,0.032273,-0.518768,-1.553419,-0.003353,-0.557919,-1.748403,-0.022246,-0.120927,-0.992661,0.044325,-0.238484,-1.211177,-0.102905,-0.238230,-0.776978,-0.092569,-0.159493,-0.602760,-0.009681,0.058448,-0.958573,-0.063691,-0.041714,-1.123825,-0.235877,-0.093171,-0.676262,-0.197401,-0.035276,-0.505252,-0.097062,0.246625,-0.882567,-0.184548,0.123424,-1.080535,-0.261083,0.071671,-0.774814,-0.218535,0.126791,-0.637507,-0.146504
ONE_FINGER,-0.000000,0.000000,0.000000,-0.256733,-0.060508,-0.030102,-0.461407,-0.555969,-0.072504,-0.352323,-1.035039,-0.144961,-0.167780,-1.221130,-0.207320,-0.332105,-0.955266,0.121909,-0.438296,-1.321205,0.029937,-0.514193,-1.552760,-0.003547,-0.552448,-1.750561,-0.020018,-0.120271,-0.992741,0.045634,-0.234388,-1.213412,-0.104059,-0.234872,-0.774285,-0.089602,-0.159405,-0.603184,-0.001986,0.060317,-0.956656,-0.062173,-0.035269,-1.131904,-0.240716,-0.087345,-0.683166,-0.198547,-0.032231,-0.512851,-0.092599,0.250318,-0.880655,-0.183093,0.134383,-1.082923,-0.263190,0.082448,-0.771996,-0.218522,0.135476,-0.632853,-0.143097
ONE_FINGER,-0.000000,0.000000,0.000000,-0.255751,-0.052380,-0.027375,-0.469024,-0.548881,-0.068681,-0.365737,-1.029118,-0.140962,-0.177396,-1.202191,-0.203110,-0.334485,-0.949937,0.126161,-0.436206,-1.306949,0.034845,-0.512665,-1.543323,0.002677,-0.551152,-1.746876,-0.012256,-0.123709,-0.992319,0.049093,-0.244363,-1.205809,-0.100022,-0.242368,-0.762445,-0.081263,-0.158110,-0.585401,0.010838,0.055391,-0.956607,-0.059739,-0.049604,-1.124762,-0.238420,-0.097765,-0.671675,-0.192348,-0.033042,-0.499479,-0.082252,0.247379,-0.880877,-0.181743,0.121544,-1.081568,-0.260704,0.072712,-0.771351,-0.214046,0.133415,-0.635903,-0.136463
ONE_FINGER,-0.000000,0.000000,0.000000,-0.242461,-0.052246,-0.032138,-0.462853,-0.545633,-0.074735,-0.367843,-1.023342,-0.146448,-0.171933,-1.174150,-0.208994,-0.302646,-0.954842,0.104816,-0.394259,-1.296509,0.008630,-0.466264,-1.536581,-0.026932,-0.504182,-1.749502,-0.044459,-0.098650,-0.995122,0.029172,-0.237876,-1.178338,-0.119097,-0.232080,-0.732381,-0.095940,-0.141996,-0.565037,-0.003826,0.075149,-0.956977,-0.077743,-0.045264,-1.115135,-0.254669,-0.084992,-0.666940,-0.201016,-0.013582,-0.494233,-0.088895,0.265111,-0.879492,-0.198912,0.132179,-1.075004,-0.275933,0.083248,-0.769022,-0.224364,0.143607,-0.631756,-0.144955
ONE_FINGER,-0.000000,0.000000,0.000000,-0.250188,-0.053784,-0.032767,-0.478303,-0.547948,-0.073401,-0.389381,-1.024908,-0.144161,-0.184707,-1.171767,-0.206331,-0.289054,-0.957561,0.123460,-0.374602,-1.289431,0.026200,-0.447297,-1.539992,-0.018192,-0.485792,-1.765284,-0.042740,-0.091966,-0.995762,0.046511,-0.246136,-1.173290,-0.108819,-0.238482,-0.720418,-0.098219,-0.139247,-0.532694,-0.013166,0.077720,-0.966001,-0.062532,-0.058846,-1.142412,-0.249515,-0.089040,-0.688426,-0.207746,-0.005327,-0.501380,-0.101744,0.266958,-0.899483,-0.185647,0.126704,-1.122028,-0.270017,0.079172,-0.810008,-0.223996,0.145518,-0.650675,-0.148450
ONE_FINGER,-0.000000,0.000000,0.000000,-0.259588,-0.096347,-0.021489,-0.496030,-0.558322,-0.048100,-0.457229,-1.014072,-0.109246,-0.272165,-1.191266,-0.165374,-0.295915,-0.964438,0.177006,-0.383948,-1.327740,0.095300,-0.454643,-1.586744,0.034564,-0.500245,-1.818637,-0.007806,-0.110561,-0.993869,0.096508,-0.257682,-1.216312,-0.062624,-0.244987,-0.788363,-0.094165,-0.170614,-0.547415,-0.042409,0.062450,-0.971839,-0.012970,-0.089202,-1.184502,-0.199178,-0.100388,-0.747756,-0.191472,-0.028066,-0.514278,-0.112720,0.251226,-0.903580,-0.135803,0.106053,-1.159961,-0.223707,0.061054,-0.869008,-0.196633,0.112458,-0.668442,-0.138519
ONE_FINGER,-0.000000,0.000000,0.000000,-0.250535,-0.099315,-0.011987,-0.491276,-0.549185,-0.030376,-0.443843,-0.990066,-0.086102,-0.245996,-1.104796,-0.136548,-0.296462,-0.961496,0.191342,-0.387898,-1.299981,0.119172,-0.456518,-1.558761,0.063315,-0.499850,-1.785472,0.025091,-0.111683,-0.993744,0.109080,-0.254740,-1.184793,-0.038469,-0.249839,-0.774164,-0.069549,-0.180588,-0.524485,-0.018688,0.058192,-0.963789,-0.000193,-0.082723,-1.149664,-0.174447,-0.101932,-0.737609,-0.164525,-0.039991,-0.488782,-0.085405,0.246007,-0.887627,-0.123699,0.108618,-1.133310,-0.200833,0.060992,-0.865006,-0.170593,0.103317,-0.663767,-0.111172
ONE_FINGER,-0.000000,0.000000,0.000000,-0.262225,-0.117769,-0.014763,-0.501097,-0.549265,-0.030779,-0.451206,-0.954900,-0.089095,-0.254426,-1.060338,-0.143231,-0.304690,-0.942231,0.229774,-0.411780,-1.275536,0.172247,-0.462736,-1.524768,0.110046,-0.507221,-1.758549,0.059548,-0.127092,-0.991891,0.145891,-0.272648,-1.221692,0.013021,-0.311233,-0.935367,-0.060162,-0.297231,-0.765031,-0.052716,0.039173,-0.976232,0.035320,-0.097588,-1.132132,-0.126131,-0.107396,-0.721469,-0.156436,-0.043202,-0.489159,-0.111411,0.227718,-0.893115,-0.089282,0.078185,-1.125805,-0.166383,0.038961,-0.851983,-0.158204,0.086156,-0.641525,-0.118956
ONE_FINGER,-0.000000,0.000000,0.000000,-0.268248,-0.126293,-0.013196,-0.499261,-0.533532,-0.030964,-0.454266,-0.916655,-0.091506,-0.278878,-1.038756,-0.146163,-0.320081,-0.939740,0.226079,-0.423639,-1.280604,0.168323,-0.460281,-1.524280,0.104291,-0.498755,-1.760543,0.049159,-0.145173,-0.989406,0.139522,-0.292040,-1.270154,0.010066,-0.353161,-1.115589,-0.078942,-0.379902,-1.055740,-0.094159,0.025503,-0.974543,0.027330,-0.103986,-1.132438,-0.128296,-0.105897,-0.732328,-0.161527,-0.051651,-0.529860,-0.123908,0.220827,-0.887659,-0.098902,0.071877,-1.114446,-0.180163,0.042556,-0.836187,-0.175387,0.087979,-0.635954,-0.140326
ONE_FINGER,-0.000000,0.000000,0.000000,-0.277110,-0.070643,-0.034008,-0.534836,-0.491590,-0.075293,-0.476919,-0.927120,-0.153343,-0.289459,-1.037925,-0.228174,-0.345375,-0.943901,0.128008,-0.437405,-1.320383,0.029408,-0.491547,-1.580974,-0.039647,-0.524067,-1.809801,-0.087284,-0.145253,-0.989395,0.045540,-0.279681,-1.169858,-0.136453,-0.244761,-0.730760,-0.174543,-0.157090,-0.495826,-0.124864,0.036151,-0.970512,-0.063711,-0.094798,-1.136043,-0.265656,-0.096262,-0.695467,-0.262733,-0.026532,-0.468367,-0.186061,0.238109,-0.900439,-0.188185,0.098578,-1.109147,-0.282345,0.065029,-0.816550,-0.259703,0.115372,-0.633872,-0.205078
ONE_FINGER,-0.000000,0.000000,0.000000,-0.275962,-0.122345,-0.035702,-0.518562,-0.522141,-0.073995,-0.482861,-0.911293,-0.151524,-0.304148,-1.039066,-0.227704,-0.340388,-0.934712,0.155763,-0.442773,-1.338056,0.071842,-0.482712,-1.603116,-0.014282,-0.509684,-1.841426,-0.083137,-0.159994,-0.987118,0.074811,-0.297430,-1.260652,-0.088575,-0.327259,-1.015649,-0.188188,-0.304216,-0.851326,-0.204250,0.015080,-0.979990,-0.028635,-0.106715,-1.147211,-0.205316,-0.107275,-0.755265,-0.249754,-0.040451,-0.528434,-0.220992,0.218648,-0.908958,-0.147582,0.069622,-1.120731,-0.241279,0.036885,-0.852578,-0.246404,0.089849,-0.647034,-0.220133
ONE_FINGER,-0.000000,0.000000,0.000000,-0.278864,-0.129090,-0.026199,-0.516510,-0.525362,-0.054011,-0.474843,-0.910964,-0.123099,-0.286221,-1.031333,-0.190160,-0.337866,-0.934146,0.186540,-0.439788,-1.324383,0.116153,-0.483163,-1.581374,0.035911,-0.514514,-1.816154,-0.030685,-0.157415,-0.987532,0.104278,-0.293677,-1.245115,-0.043060,-0.328631,-1.022629,-0.143399,-0.312480,-0.878471,-0.163652,0.017606,-0.978725,-0.000705,-0.105697,-1.127570,-0.167418,-0.111344,-0.738827,-0.214855,-0.051860,-0.514439,-0.189594,0.218468,-0.906827,-0.120586,0.069126,-1.111648,-0.209191,0.034782,-0.843340,-0.214709,0.081740,-0.636723,-0.189576
ONE_FINGER,-0.000000,0.000000,0.000000,-0.279110,-0.128943,-0.019617,-0.516696,-0.529494,-0.052422,-0.470045,-0.927990,-0.127418,-0.287636,-1.056855,-0.202038,-0.334279,-0.945886,0.170046,-0.425746,-1.335970,0.089305,-0.473377,-1.594864,0.010736,-0.503422,-1.824314,-0.050620,-0.146120,-0.989267,0.082437,-0.270029,-1.213342,-0.084109,-0.269441,-0.859093,-0.159929,-0.212706,-0.627651,-0.148776,0.031294,-0.975773,-0.028149,-0.091136,-1.136230,-0.208187,-0.100839,-0.733839,-0.238297,-0.038603,-0.509625,-0.195931,0.232276,-0.902177,-0.152658,0.088019,-1.110983,-0.241654,0.048863,-0.841207,-0.237967,0.096857,-0.646547,-0.204058
ONE_FINGER,-0.000000,0.000000,0.000000,-0.268813,-0.136500,-0.014229,-0.507324,-0.545035,-0.037011,-0.484821,-0.936485,-0.101536,-0.301833,-1.068558,-0.162543,-0.320644,-0.939780,0.205062,-0.419195,-1.298497,0.139449,-0.455885,-1.545614,0.066437,-0.485008,-1.782634,0.005446,-0.147019,-0.989134,0.118064,-0.298327,-1.239818,-0.023007,-0.353820,-1.006311,-0.113670,-0.357171,-0.879187,-0.126357,0.020022,-0.979688,0.007586,-0.115425,-1.131664,-0.153423,-0.123188,-0.731914,-0.189627,-0.061415,-0.521004,-0.156191,0.211992,-0.906567,-0.116526,0.055405,-1.119630,-0.198422,0.019836,-0.842370,-0.194988,0.070133,-0.638845,-0.163047
ONE_FINGER,-0.000000,0.000000,0.000000,-0.267689,-0.112438,-0.012934,-0.511848,-0.528319,-0.041277,-0.473661,-0.943377,-0.110825,-0.286977,-1.072835,-0.176053,-0.314185,-0.949030,0.184037,-0.408525,-1.304431,0.106142,-0.459236,-1.557849,0.041638,-0.493848,-1.793071,-0.007428,-0.128734,-0.991679,0.093274,-0.281516,-1.197113,-0.064097,-0.291634,-0.819438,-0.115167,-0.237489,-0.618183,-0.082834,0.042009,-0.978050,-0.023570,-0.099926,-1.141190,-0.201625,-0.115283,-0.711487,-0.208138,-0.048397,-0.499835,-0.144382,0.234765,-0.907835,-0.153648,0.080225,-1.133763,-0.238270,0.036139,-0.849219,-0.218960,0.087632,-0.659564,-0.169678
ONE_FINGER,-0.000000,0.000000,0.000000,-0.271353,-0.105797,-0.016473,-0.519530,-0.529232,-0.042649,-0.478971,-0.948673,-0.110094,-0.293451,-1.066874,-0.174138,-0.313603,-0.950201,0.192789,-0.403653,-1.302734,0.115211,-0.462976,-1.563518,0.046693,-0.504978,-1.798434,-0.004345,-0.127062,-0.991895,0.105762,-0.279877,-1.195805,-0.053874,-0.281389,-0.809791,-0.109234,-0.213876,-0.576444,-0.078044,0.044655,-0.976324,-0.008379,-0.102344,-1.142589,-0.190401,-0.116100,-0.715057,-0.202430,-0.043167,-0.489989,-0.140893,0.240515,-0.907793,-0.136518,0.081100,-1.141658,-0.224015,0.036711,-0.857518,-0.208559,0.091668,-0.659976,-0.161719
ONE_FINGER,-0.000000,0.000000,0.000000,-0.264917,-0.095045,-0.023373,-0.517152,-0.523693,-0.053916,-0.477522,-0.955184,-0.121156,-0.291916,-1.067608,-0.183536,-0.314255,-0.952253,0.157334,-0.404138,-1.316401,0.072530,-0.470379,-1.577974,0.011138,-0.512793,-1.810183,-0.031593,-0.123153,-0.992388,0.075391,-0.275109,-1.188865,-0.086940,-0.258794,-0.771651,-0.118639,-0.173868,-0.540750,-0.067790,0.051883,-0.972800,-0.033927,-0.094493,-1.152441,-0.220563,-0.104087,-0.723995,-0.212965,-0.028187,-0.501939,-0.135126,0.251306,-0.903378,-0.157540,0.099134,-1.139163,-0.245047,0.054831,-0.857376,-0.219415,0.108211,-0.670021,-0.162951
ONE_FINGER,-0.000000,0.000000,0.000000,-0.265676,-0.117058,-0.020049,-0.508454,-0.537627,-0.046218,-0.470884,-0.944943,-0.112700,-0.286303,-1.061382,-0.176430,-0.305263,-0.951607,0.187467,-0.401399,-1.322692,0.112511,-0.462785,-1.582869,0.042426,-0.505241,-1.815067,-0.011207,-0.122056,-0.992523,0.104051,-0.271468,-1.214393,-0.052581,-0.274472,-0.848323,-0.114234,-0.209147,-0.619575,-0.090569,0.048391,-0.976370,-0.005354,-0.093999,-1.146347,-0.182477,-0.104630,-0.727847,-0.202327,-0.029966,-0.507202,-0.148723,0.243914,-0.902485,-0.128686,0.085863,-1.134732,-0.214396,0.042419,-0.858515,-0.204377,0.098589,-0.663767,-0.162995
ONE_FINGER,-0.000000,0.000000,0.000000,-0.260856,-0.078964,-0.025305,-0.514081,-0.514776,-0.056236,-0.463951,-0.939139,-0.125014,-0.269640,-1.030370,-0.189804,-0.302354,-0.949090,0.158504,-0.392588,-1.303207,0.072664,-0.454928,-1.561313,0.008253,-0.496294,-1.789368,-0.037206,-0.110843,-0.993838,0.075554,-0.267002,-1.184339,-0.085529,-0.266582,-0.784230,-0.125338,-0.192365,-0.555649,-0.082069,0.063007,-0.973294,-0.034742,-0.081981,-1.130787,-0.218609,-0.097777,-0.696885,-0.216371,-0.026651,-0.471685,-0.143650,0.260020,-0.900066,-0.160211,0.104610,-1.114656,-0.245474,0.059661,-0.827225,-0.222183,0.112004,-0.641211,-0.168493
ONE_FINGER,-0.000000,0.000000,0.000000,-0.263696,-0.112011,-0.023277,-0.510502,-0.537612,-0.053681,-0.472816,-0.945146,-0.122556,-0.283897,-1.051210,-0.190276,-0.306453,-0.955825,0.157044,-0.396952,-1.331310,0.075457,-0.464398,-1.594866,0.000582,-0.511434,-1.826483,-0.055169,-0.121968,-0.992534,0.076274,-0.260263,-1.191400,-0.083782,-0.252045,-0.810625,-0.140584,-0.179884,-0.564252,-0.114607,0.050861,-0.970753,-0.028491,-0.088559,-1.137769,-0.205040,-0.095886,-0.736541,-0.218732,-0.025789,-0.507768,-0.164057,0.245907,-0.894447,-0.148000,0.092947,-1.114302,-0.230828,0.051466,-0.848757,-0.216599,0.103742,-0.655144,-0.174355
ONE_FINGER,-0.000000,0.000000,0.000000,-0.267656,-0.133511,-0.020877,-0.510435,-0.539003,-0.056152,-0.473699,-0.924237,-0.133028,-0.285827,-1.035096,-0.207866,-0.309428,-0.953276,0.161545,-0.409283,-1.340977,0.071933,-0.463733,-1.598747,-0.009975,-0.502899,-1.832973,-0.072432,-0.124717,-0.992192,0.072808,-0.279003,-1.224193,-0.100833,-0.294204,-0.880441,-0.176000,-0.244652,-0.675345,-0.163842,0.048990,-0.976168,-0.039929,-0.089158,-1.131802,-0.224739,-0.099197,-0.719857,-0.249150,-0.031650,-0.511020,-0.201244,0.245031,-0.899175,-0.166985,0.087550,-1.104365,-0.256939,0.046258,-0.827376,-0.249233,0.098601,-0.638884,-0.211290
ONE_FINGER,-0.000000,0.000000,0.000000,-0.264128,-0.122035,-0.025751,-0.503601,-0.511563,-0.077615,-0.466877,-0.889103,-0.168462,-0.301578,-1.028721,-0.257873,-0.320638,-0.953916,0.110515,-0.412584,-1.353070,0.005472,-0.477537,-1.607064,-0.077159,-0.521603,-1.835789,-0.136507,-0.134594,-0.990901,0.022979,-0.267507,-1.189383,-0.160249,-0.248183,-0.778193,-0.208969,-0.165565,-0.554803,-0.174535,0.038245,-0.974261,-0.088544,-0.095132,-1.130492,-0.279471,-0.097232,-0.716892,-0.282848,-0.022478,-0.526858,-0.221656,0.234859,-0.901495,-0.214068,0.081752,-1.092423,-0.304217,0.046184,-0.814056,-0.285865,0.103391,-0.648136,-0.240687
ONE_FINGER,-0.000000,0.000000,0.000000,-0.268389,-0.125935,-0.014859,-0.510152,-0.524894,-0.056480,-0.475510,-0.912368,-0.138818,-0.306894,-1.046197,-0.219975,-0.324334,-0.953404,0.130213,-0.418202,-1.357830,0.034199,-0.481273,-1.612648,-0.043437,-0.523895,-1.839912,-0.100051,-0.140698,-0.990053,0.039837,-0.271146,-1.191538,-0.137380,-0.250726,-0.787048,-0.186745,-0.172331,-0.560055,-0.152604,0.032150,-0.973739,-0.073062,-0.097218,-1.135915,-0.257960,-0.098862,-0.725609,-0.260265,-0.032503,-0.523980,-0.198301,0.224994,-0.904864,-0.199692,0.079677,-1.097844,-0.284038,0.047900,-0.821521,-0.263166,0.100366,-0.650500,-0.216298
ONE_FINGER,-0.000000,0.000000,0.000000,-0.280648,-0.149759,-0.005581,-0.515228,-0.540995,-0.020468,-0.496528,-0.926121,-0.080695,-0.327778,-1.060356,-0.139647,-0.335814,-0.937117,0.231188,-0.432664,-1.320247,0.174728,-0.476654,-1.571682,0.096542,-0.516973,-1.807286,0.030304,-0.165998,-0.986126,0.143136,-0.302650,-1.230655,0.004323,-0.333505,-0.987254,-0.097593,-0.325004,-0.819812,-0.118238,0.004842,-0.979252,0.033115,-0.126335,-1.151656,-0.123217,-0.126222,-0.771439,-0.172947,-0.070309,-0.533190,-0.151081,0.196336,-0.915528,-0.090374,0.049327,-1.128105,-0.166965,0.018609,-0.869782,-0.170905,0.062386,-0.658983,-0.147431
ONE_FINGER,-0.000000,0.000000,0.000000,-0.272972,-0.200792,0.004236,-0.482679,-0.575240,-0.006633,-0.472130,-0.940805,-0.059772,-0.304695,-1.083454,-0.109862,-0.303722,-0.968358,0.229242,-0.379741,-1.297870,0.168499,-0.441058,-1.510571,0.107322,-0.490588,-1.703789,0.063397,-0.140523,-0.990077,0.141637,-0.237552,-1.266830,0.000513,-0.253527,-0.926626,-0.058237,-0.225208,-0.681101,-0.034831,0.024148,-0.973652,0.028531,-0.095338,-1.215526,-0.133410,-0.112020,-0.863059,-0.151640,-0.062660,-0.648113,-0.101293,0.209039,-0.904724,-0.096613,0.080753,-1.176823,-0.175686,0.037754,-0.945588,-0.164270,0.080911,-0.751313,-0.124783
ONE_FINGER,-0.000000,0.000000,0.000000,-0.278436,-0.231044,0.001383,-0.466525,-0.604541,0.009484,-0.448769,-0.963272,-0.024876,-0.274598,-1.093337,-0.053890,-0.285487,-0.969983,0.296826,-0.352189,-1.283734,0.254163,-0.408927,-1.470109,0.200012,-0.455071,-1.627137,0.161989,-0.125301,-0.992119,0.215884,-0.195421,-1.320838,0.089248,-0.222005,-1.033339,0.011314,-0.221132,-0.797702,0.019108,0.033312,-0.977037,0.104022,-0.057154,-1.298366,-0.058893,-0.089302,-0.986279,-0.110212,-0.061100,-0.735043,-0.078218,0.204890,-0.908655,-0.018909,0.109128,-1.212988,-0.103856,0.047103,-1.029763,-0.116732,0.059269,-0.820939,-0.094308
ONE_FINGER,-0.000000,0.000000,0.000000,-0.283452,-0.216163,-0.006402,-0.470743,-0.595470,0.004836,-0.440113,-0.959278,-0.024252,-0.259986,-1.064824,-0.046017,-0.287004,-0.964794,0.296658,-0.346907,-1.277227,0.258300,-0.403472,-1.453231,0.214915,-0.445199,-1.590638,0.186757,-0.124577,-0.992210,0.221551,-0.188949,-1.329796,0.100349,-0.228177,-1.043281,0.030786,-0.233317,-0.807260,0.046713,0.029690,-0.983651,0.113716,-0.056625,-1.319252,-0.050272,-0.104571,-1.015162,-0.100982,-0.081605,-0.759530,-0.064385,0.195123,-0.921346,-0.005556,0.099483,-1.246050,-0.091964,0.027873,-1.077208,-0.106183,0.035686,-0.863406,-0.082176
ONE_FINGER,-0.000000,0.000000,0.000000,-0.275968,-0.211900,-0.020491,-0.466193,-0.586438,-0.013030,-0.426718,-0.952437,-0.044046,-0.237241,-1.041687,-0.065954,-0.291223,-0.952095,0.294092,-0.353502,-1.243190,0.257928,-0.401285,-1.418789,0.216370,-0.437636,-1.564682,0.188731,-0.130367,-0.991466,0.224277,-0.198011,-1.294652,0.108689,-0.233032,-1.005482,0.040239,-0.240609,-0.793563,0.055958,0.020465,-0.992679,0.119905,-0.066746,-1.299961,-0.040176,-0.106022,-0.988430,-0.091872,-0.078823,-0.738058,-0.055525,0.182968,-0.933861,0.002482,0.095988,-1.241546,-0.076950,0.026803,-1.076200,-0.090815,0.031347,-0.869593,-0.067219
ONE_FINGER,-0.000000,0.000000,0.000000,-0.270898,-0.174912,-0.031207,-0.470370,-0.525753,-0.023163,-0.451025,-0.895151,-0.048495,-0.276197,-1.011003,-0.062324,-0.301108,-0.925835,0.277613,-0.373136,-1.216011,0.270454,-0.406285,-1.410096,0.254413,-0.436524,-1.585724,0.234331,-0.156783,-0.987633,0.211830,-0.269098,-1.315517,0.152033,-0.370260,-1.343802,0.091525,-0.451156,-1.388901,0.077019,-0.002142,-0.987234,0.110570,-0.105225,-1.288602,-0.036140,-0.133266,-0.963870,-0.083330,-0.108188,-0.717300,-0.051729,0.168920,-0.921882,-0.003000,0.055978,-1.218635,-0.099345,-0.002873,-1.019145,-0.113966,0.007642,-0.799976,-0.091350
ONE_FINGER,-0.000000,0.000000,0.000000,-0.277369,-0.194336,-0.025448,-0.482198,-0.558438,-0.020580,-0.447458,-0.926458,-0.053785,-0.254237,-1.007208,-0.077007,-0.316087,-0.933694,0.282510,-0.401330,-1.234233,0.261718,-0.411908,-1.413105,0.232729,-0.421584,-1.582507,0.207454,-0.161269,-0.986910,0.212802,-0.277704,-1.296896,0.120121,-0.315136,-1.086113,0.051229,-0.338875,-0.969794,0.052522,0.000346,-0.991727,0.110936,-0.114061,-1.268528,-0.032055,-0.122373,-0.924012,-0.084522,-0.079419,-0.678901,-0.054277,0.179768,-0.930427,-0.004588,0.075801,-1.220618,-0.076196,0.026815,-1.034408,-0.090032,0.043612,-0.841292,-0.069129
ONE_FINGER,-0.000000,0.000000,0.000000,-0.268177,-0.156616,-0.024913,-0.482569,-0.519592,-0.042910,-0.446272,-0.892041,-0.098243,-0.266648,-0.991399,-0.147578,-0.327825,-0.940394,0.197628,-0.378949,-1.283513,0.136797,-0.399285,-1.513971,0.084669,-0.410832,-1.721850,0.047930,-0.157845,-0.987464,0.122989,-0.258527,-1.228285,-0.016287,-0.242961,-0.863264,-0.059852,-0.201128,-0.652842,-0.022643,0.006052,-0.988834,0.019871,-0.099287,-1.220757,-0.143630,-0.103866,-0.857581,-0.155758,-0.056877,-0.644260,-0.095817,0.189408,-0.924358,-0.097634,0.089723,-1.196338,-0.171810,0.049058,-0.990005,-0.159838,0.073983,-0.818427,-0.117284
ONE_FINGER,-0.000000,0.000000,0.000000,-0.271476,-0.153071,-0.028533,-0.491828,-0.505706,-0.052622,-0.443124,-0.868515,-0.113854,-0.246711,-0.955477,-0.167707,-0.338661,-0.942508,0.191056,-0.390162,-1.287888,0.128307,-0.403347,-1.521816,0.077410,-0.404184,-1.731978,0.040802,-0.166514,-0.986039,0.114362,-0.281738,-1.217064,-0.026258,-0.262526,-0.843035,-0.065162,-0.212630,-0.641354,-0.024443,-0.001649,-0.984821,0.008289,-0.113225,-1.211891,-0.156040,-0.116464,-0.839543,-0.165922,-0.062922,-0.633707,-0.104240,0.183021,-0.917635,-0.112358,0.077573,-1.183635,-0.186106,0.033609,-0.970297,-0.173083,0.060130,-0.802612,-0.129817
ONE_FINGER,-0.000000,0.000000,0.000000,-0.270234,-0.129935,-0.021734,-0.495663,-0.496069,-0.043278,-0.438406,-0.870855,-0.101992,-0.237087,-0.952387,-0.153486,-0.335266,-0.946504,0.187824,-0.382656,-1.307955,0.123628,-0.404374,-1.545425,0.075150,-0.411172,-1.752728,0.041281,-0.156168,-0.987731,0.109975,-0.263075,-1.215485,-0.026190,-0.241293,-0.815608,-0.054069,-0.186172,-0.606263,-0.003851,0.011502,-0.980414,0.003503,-0.087988,-1.210844,-0.155735,-0.094452,-0.824539,-0.152679,-0.046005,-0.613916,-0.082081,0.194985,-0.911828,-0.117526,0.102422,-1.178509,-0.184768,0.057898,-0.949886,-0.161521,0.079382,-0.781499,-0.110163
ONE_FINGER,-0.000000,0.000000,0.000000,-0.264329,-0.086030,-0.036692,-0.495312,-0.471205,-0.063929,-0.440384,-0.854365,-0.125869,-0.242886,-0.921463,-0.180769,-0.335832,-0.936247,0.174631,-0.372628,-1.291970,0.105929,-0.387977,-1.539096,0.055850,-0.381087,-1.756817,0.020819,-0.155917,-0.987770,0.101154,-0.266804,-1.192862,-0.035493,-0.257979,-0.796847,-0.061928,-0.196931,-0.604806,-0.010858,0.016034,-0.987571,-0.002784,-0.096231,-1.194510,-0.161666,-0.103638,-0.802533,-0.158265,-0.039226,-0.607997,-0.088023,0.208925,-0.932209,-0.123145,0.098296,-1.156876,-0.190086,0.058774,-0.919621,-0.168116,0.099733,-0.773959,-0.117840
ONE_FINGER,-0.000000,0.000000,0.000000,-0.268638,-0.085829,-0.033855,-0.500869,-0.453857,-0.073492,-0.453544,-0.833649,-0.149062,-0.270956,-0.939028,-0.215173,-0.349101,-0.935075,0.157674,-0.395024,-1.291753,0.079227,-0.407152,-1.530223,0.029839,-0.400797,-1.749107,-0.004167,-0.171094,-0.985255,0.077500,-0.300752,-1.195751,-0.066884,-0.272479,-0.791027,-0.084247,-0.198952,-0.636050,-0.026231,-0.005131,-0.986601,-0.033493,-0.128427,-1.190969,-0.194244,-0.122566,-0.786370,-0.178911,-0.045582,-0.626812,-0.101116,0.186786,-0.930759,-0.160078,0.062050,-1.157885,-0.224262,0.029693,-0.913026,-0.194424,0.080874,-0.782119,-0.138953
ONE_FINGER,-0.000000,0.000000,0.000000,-0.263852,-0.064015,-0.042004,-0.512104,-0.436830,-0.086363,-0.465924,-0.830741,-0.163006,-0.273139,-0.923692,-0.229192,-0.351515,-0.934563,0.132748,-0.402718,-1.297940,0.043186,-0.426638,-1.553809,-0.010597,-0.429557,-1.786506,-0.046107,-0.170402,-0.985375,0.057012,-0.306564,-1.149466,-0.095456,-0.275658,-0.722719,-0.105886,-0.190688,-0.570672,-0.039461,-0.003131,-0.979721,-0.049887,-0.126623,-1.146639,-0.220535,-0.120827,-0.731142,-0.196920,-0.042450,-0.579518,-0.110248,0.190164,-0.929624,-0.173064,0.064453,-1.127625,-0.241252,0.035527,-0.865826,-0.205501,0.089204,-0.741280,-0.143328
ONE_FINGER,-0.000000,0.000000,0.000000,-0.268291,-0.083479,-0.041470,-0.513926,-0.414872,-0.107168,-0.490936,-0.784096,-0.204645,-0.323822,-0.909644,-0.291303,-0.352837,-0.936083,0.088195,-0.416982,-1.333146,-0.018807,-0.447167,-1.588924,-0.082362,-0.455776,-1.822359,-0.124226,-0.171873,-0.985119,0.008681,-0.319327,-1.155855,-0.159075,-0.280058,-0.732627,-0.168623,-0.185926,-0.596427,-0.103260,-0.006915,-0.978717,-0.098954,-0.141477,-1.148564,-0.276108,-0.127904,-0.745925,-0.245942,-0.043675,-0.626980,-0.158716,0.182209,-0.925481,-0.221500,0.046905,-1.129638,-0.291809,0.027251,-0.869035,-0.250290,0.091568,-0.752231,-0.186114
ONE_FINGER,-0.000000,0.000000,0.000000,-0.259263,-0.059549,-0.037670,-0.506676,-0.420188,-0.094914,-0.466602,-0.804266,-0.184056,-0.285768,-0.897830,-0.260872,-0.340008,-0.941119,0.106407,-0.398282,-1.313772,0.002535,-0.428435,-1.566157,-0.053842,-0.436500,-1.795325,-0.089765,-0.154647,-0.987970,0.024761,-0.294461,-1.127700,-0.136454,-0.256636,-0.683116,-0.135635,-0.165261,-0.556932,-0.060394,0.014249,-0.976335,-0.087360,-0.112471,-1.128314,-0.265498,-0.103713,-0.703460,-0.226883,-0.026314,-0.577886,-0.130180,0.204546,-0.926989,-0.214927,0.075716,-1.115876,-0.285288,0.055386,-0.836136,-0.237852,0.114214,-0.722413,-0.166746
ONE_FINGER,-0.000000,0.000000,0.000000,-0.245186,-0.046200,-0.044719,-0.496079,-0.411747,-0.105924,-0.447341,-0.807058,-0.194868,-0.247036,-0.890583,-0.268650,-0.314256,-0.943056,0.086042,-0.377714,-1.277973,-0.030386,-0.408739,-1.523392,-0.084082,-0.422721,-1.753776,-0.114090,-0.132170,-0.991227,0.007392,-0.287261,-1.107813,-0.161028,-0.237465,-0.644658,-0.145571,-0.132090,-0.545673,-0.056589,0.029776,-0.977327,-0.104342,-0.106531,-1.110442,-0.292401,-0.093041,-0.669585,-0.241050,-0.002716,-0.566624,-0.130497,0.214278,-0.924676,-0.231819,0.081926,-1.096693,-0.303625,0.061078,-0.806262,-0.249550,0.127153,-0.711451,-0.170901
ONE_FINGER,-0.000000,0.000000,0.000000,-0.251388,-0.072706,-0.038502,-0.492014,-0.436635,-0.094342,-0.441627,-0.823006,-0.181098,-0.251161,-0.920551,-0.255721,-0.302243,-0.946668,0.111473,-0.362112,-1.299415,0.007475,-0.395051,-1.548684,-0.047791,-0.409022,-1.778557,-0.081544,-0.122439,-0.992476,0.032639,-0.277983,-1.149586,-0.129960,-0.239750,-0.695614,-0.127548,-0.135557,-0.551251,-0.049541,0.040497,-0.981730,-0.077538,-0.102783,-1.143809,-0.258234,-0.094255,-0.706360,-0.221454,-0.000455,-0.573731,-0.123820,0.228456,-0.923883,-0.202845,0.087048,-1.124571,-0.274355,0.061158,-0.840411,-0.229612,0.130467,-0.719027,-0.159538
ONE_FINGER,-0.000000,0.000000,0.000000,-0.245795,-0.054872,-0.034863,-0.487096,-0.425757,-0.079448,-0.438497,-0.817092,-0.155419,-0.251279,-0.899293,-0.220225,-0.292800,-0.944037,0.130739,-0.350265,-1.299921,0.036180,-0.386308,-1.556741,-0.017955,-0.402958,-1.786218,-0.052039,-0.111821,-0.993728,0.053772,-0.266708,-1.149060,-0.099062,-0.238140,-0.705685,-0.100911,-0.140157,-0.544702,-0.027965,0.052148,-0.982502,-0.054411,-0.093222,-1.144082,-0.229316,-0.090867,-0.712395,-0.198034,-0.001149,-0.552104,-0.104683,0.241577,-0.923400,-0.177936,0.099529,-1.127535,-0.248958,0.065535,-0.853880,-0.209533,0.127391,-0.720260,-0.143406
ONE_FINGER,-0.000000,0.000000,0.000000,-0.269373,-0.163149,-0.000024,-0.465615,-0.469389,-0.041356,-0.456427,-0.798360,-0.124069,-0.314258,-0.932796,-0.195202,-0.293129,-0.973413,0.188863,-0.359944,-1.408719,0.106281,-0.406276,-1.664867,0.037288,-0.432569,-1.900680,-0.015679,-0.117537,-0.993069,0.094818,-0.243084,-1.206432,-0.064662,-0.216857,-0.813041,-0.104847,-0.137461,-0.679719,-0.064322,0.050947,-0.979992,-0.025765,-0.081056,-1.184867,-0.198784,-0.076206,-0.792947,-0.201603,0.006219,-0.672835,-0.137925,0.237704,-0.916962,-0.156433,0.102839,-1.155333,-0.228874,0.069541,-0.907355,-0.208438,0.133602,-0.774311,-0.161639
ONE_FINGER,-0.000000,0.000000,0.000000,-0.264719,-0.172195,-0.002941,-0.463351,-0.472840,-0.049067,-0.462184,-0.790967,-0.139786,-0.322665,-0.917057,-0.220364,-0.302712,-0.969711,0.188888,-0.365757,-1.405906,0.101976,-0.405502,-1.658605,0.021355,-0.428051,-1.889324,-0.039842,-0.131036,-0.991378,0.092130,-0.248908,-1.198643,-0.077312,-0.223260,-0.812332,-0.136517,-0.153678,-0.653395,-0.109999,0.038996,-0.978935,-0.030215,-0.090055,-1.173007,-0.203532,-0.081394,-0.791038,-0.217154,-0.009449,-0.647333,-0.163675,0.225008,-0.919822,-0.164601,0.095346,-1.139986,-0.232770,0.068548,-0.900176,-0.216109,0.125271,-0.761964,-0.175345
ONE_FINGER,-0.000000,0.000000,0.000000,-0.261809,-0.172131,-0.010094,-0.443576,-0.466351,-0.070272,-0.447298,-0.765439,-0.175695,-0.337878,-0.919236,-0.274445,-0.285526,-0.980189,0.161551,-0.343849,-1.410939,0.064457,-0.380775,-1.664666,-0.028232,-0.401019,-1.897418,-0.098907,-0.112737,-0.993625,0.063340,-0.218702,-1.196837,-0.115335,-0.203351,-0.819827,-0.184533,-0.142045,-0.646848,-0.168484,0.060986,-0.970558,-0.059296,-0.056667,-1.152557,-0.236996,-0.053990,-0.783991,-0.253989,0.010060,-0.643440,-0.208278,0.253075,-0.903293,-0.194525,0.130599,-1.113124,-0.272122,0.102414,-0.873571,-0.258676,0.154978,-0.737911,-0.222569
ONE_FINGER,-0.000000,0.000000,0.000000,-0.260065,-0.174170,0.010707,-0.446609,-0.485485,-0.026983,-0.453743,-0.787714,-0.113292,-0.327997,-0.913246,-0.195384,-0.274367,-0.975316,0.199766,-0.327362,-1.404308,0.125466,-0.368849,-1.653211,0.038958,-0.391065,-1.872721,-0.029102,-0.101990,-0.994785,0.100778,-0.207092,-1.205333,-0.057328,-0.191561,-0.837891,-0.134015,-0.128975,-0.619940,-0.127346,0.073916,-0.975583,-0.018852,-0.047546,-1.152143,-0.174142,-0.040487,-0.795057,-0.200423,0.023365,-0.620278,-0.166122,0.264995,-0.911408,-0.150643,0.144901,-1.131933,-0.214442,0.117919,-0.902868,-0.205588,0.164237,-0.748092,-0.176229
ONE_FINGER,-0.000000,0.000000,0.000000,-0.256044,-0.168202,0.004542,-0.435238,-0.471166,-0.032429,-0.451048,-0.772064,-0.115671,-0.340674,-0.922769,-0.196185,-0.263567,-0.976491,0.200718,-0.322149,-1.400276,0.130396,-0.368518,-1.653784,0.040728,-0.394083,-1.874118,-0.030657,-0.096514,-0.995332,0.108565,-0.201006,-1.202276,-0.047288,-0.185806,-0.839561,-0.130899,-0.123085,-0.607077,-0.130945,0.075576,-0.973431,-0.003983,-0.048673,-1.153792,-0.161293,-0.038241,-0.807856,-0.197468,0.031005,-0.621914,-0.170953,0.265463,-0.908391,-0.128173,0.146468,-1.130658,-0.199625,0.113926,-0.908503,-0.199345,0.157406,-0.745265,-0.176264
ONE_FINGER,-0.000000,0.000000,0.000000,-0.258018,-0.187554,0.012291,-0.429267,-0.474925,-0.011241,-0.455685,-0.776708,-0.081495,-0.353979,-0.929127,-0.150459,-0.266422,-0.971075,0.224607,-0.327631,-1.398078,0.166232,-0.372884,-1.653341,0.082458,-0.396540,-1.876938,0.013787,-0.103096,-0.994671,0.132710,-0.206026,-1.227152,-0.018111,-0.193369,-0.880583,-0.102615,-0.138927,-0.632263,-0.104144,0.067798,-0.973566,0.020852,-0.056398,-1.188174,-0.139492,-0.050802,-0.852329,-0.182933,0.010692,-0.643905,-0.158975,0.251675,-0.900263,-0.100854,0.134002,-1.137841,-0.178589,0.095473,-0.925114,-0.185828,0.134129,-0.744855,-0.166653
ONE_FINGER,-0.000000,0.000000,0.000000,-0.255411,-0.177400,0.003751,-0.418199,-0.467059,-0.025929,-0.446634,-0.768307,-0.102048,-0.365293,-0.955523,-0.177918,-0.270343,-0.969419,0.221978,-0.331583,-1.397186,0.160819,-0.379390,-1.657479,0.072083,-0.404086,-1.885647,-0.000853,-0.105155,-0.994456,0.131762,-0.208884,-1.236784,-0.021536,-0.199491,-0.879959,-0.110753,-0.145437,-0.621468,-0.115740,0.065151,-0.977719,0.020167,-0.063944,-1.203144,-0.141733,-0.062366,-0.866301,-0.190288,0.002126,-0.655333,-0.171237,0.248936,-0.908855,-0.101801,0.128202,-1.145865,-0.183435,0.084073,-0.934747,-0.195197,0.122473,-0.756236,-0.179966
ONE_FINGER,-0.000000,0.000000,0.000000,-0.250642,-0.168447,-0.006035,-0.416617,-0.460706,-0.042384,-0.451511,-0.760815,-0.126185,-0.401876,-0.941276,-0.211843,-0.285864,-0.957994,0.204017,-0.343478,-1.391515,0.139234,-0.387344,-1.652067,0.043314,-0.416175,-1.878834,-0.035569,-0.121935,-0.992538,0.115587,-0.242044,-1.233743,-0.037594,-0.225188,-0.898651,-0.136154,-0.170898,-0.645976,-0.152049,0.046829,-0.982212,0.006021,-0.091768,-1.223120,-0.152832,-0.086435,-0.895353,-0.206837,-0.027763,-0.660743,-0.195476,0.230393,-0.915875,-0.115009,0.104925,-1.161751,-0.193849,0.056625,-0.965045,-0.208406,0.083028,-0.775545,-0.198631
ONE_FINGER,-0.000000,0.000000,0.000000,-0.269224,-0.181220,0.008698,-0.435866,-0.479527,-0.010573,-0.462372,-0.795898,-0.080354,-0.395492,-0.977413,-0.151724,-0.301038,-0.952792,0.246825,-0.360795,-1.390123,0.195604,-0.403505,-1.655438,0.104386,-0.436373,-1.888224,0.027122,-0.142547,-0.989788,0.155163,-0.255803,-1.238513,0.009005,-0.237093,-0.911090,-0.096270,-0.185706,-0.654444,-0.116702,0.025782,-0.984151,0.042649,-0.111816,-1.228192,-0.116235,-0.106718,-0.898233,-0.180815,-0.048466,-0.649333,-0.174355,0.210069,-0.925987,-0.079994,0.085087,-1.181210,-0.162443,0.033275,-0.990523,-0.185049,0.058153,-0.794439,-0.180138
ONE_FINGER,-0.000000,0.000000,0.000000,-0.260154,-0.183933,-0.002058,-0.423057,-0.467479,-0.032804,-0.446574,-0.769044,-0.112322,-0.371239,-0.956308,-0.192456,-0.290864,-0.960020,0.225199,-0.361003,-1.378602,0.163261,-0.408730,-1.632781,0.069944,-0.443457,-1.859232,-0.006580,-0.129481,-0.991582,0.134713,-0.237056,-1.234759,-0.020101,-0.217193,-0.893169,-0.121185,-0.168838,-0.636132,-0.136254,0.040362,-0.981980,0.022382,-0.089850,-1.209781,-0.141785,-0.084283,-0.869459,-0.198375,-0.031492,-0.630883,-0.184980,0.225261,-0.916129,-0.101531,0.108054,-1.166052,-0.185900,0.062761,-0.968408,-0.202622,0.088621,-0.777853,-0.191665
ONE_FINGER,-0.000000,0.000000,0.000000,-0.264835,-0.179637,-0.002176,-0.423826,-0.460262,-0.036408,-0.446374,-0.755992,-0.120908,-0.380601,-0.940114,-0.207277,-0.295754,-0.960975,0.227839,-0.363891,-1.390527,0.160841,-0.413662,-1.650211,0.059680,-0.450951,-1.882278,-0.023218,-0.129691,-0.991554,0.135000,-0.238489,-1.240917,-0.029536,-0.218444,-0.896506,-0.140533,-0.167432,-0.631249,-0.161275,0.042103,-0.980966,0.020083,-0.091425,-1.218482,-0.153892,-0.083057,-0.872978,-0.219084,-0.023969,-0.633871,-0.210388,0.227339,-0.916615,-0.105864,0.102976,-1.168807,-0.196638,0.060521,-0.956734,-0.218050,0.093470,-0.758880,-0.210707
ONE_FINGER,-0.000000,0.000000,0.000000,-0.255963,-0.167839,-0.010787,-0.418066,-0.462504,-0.049388,-0.434591,-0.763226,-0.136586,-0.373861,-0.957229,-0.225587,-0.290941,-0.958081,0.212370,-0.362662,-1.394176,0.146488,-0.416695,-1.659754,0.048114,-0.458051,-1.894599,-0.032131,-0.123915,-0.992293,0.125842,-0.237134,-1.247592,-0.031401,-0.224665,-0.914006,-0.135628,-0.176389,-0.652453,-0.152867,0.044674,-0.984410,0.017391,-0.093431,-1.222450,-0.144506,-0.089645,-0.884136,-0.201008,-0.031569,-0.642787,-0.189106,0.228282,-0.921650,-0.103640,0.100063,-1.174267,-0.185482,0.051454,-0.974603,-0.201033,0.078093,-0.778895,-0.190422
ONE_FINGER,-0.000000,0.000000,0.000000,-0.251594,-0.190257,-0.011089,-0.404808,-0.508931,-0.046580,-0.416624,-0.821787,-0.130003,-0.350856,-1.026812,-0.216775,-0.286827,-0.965441,0.189925,-0.372057,-1.415768,0.117946,-0.424094,-1.692585,0.014761,-0.464632,-1.933700,-0.068701,-0.123920,-0.992292,0.102693,-0.226545,-1.251927,-0.060671,-0.224959,-0.916133,-0.171225,-0.188849,-0.639227,-0.194998,0.045462,-0.977597,-0.004940,-0.076435,-1.224613,-0.170654,-0.097843,-0.884507,-0.233506,-0.064172,-0.607804,-0.228055,0.227479,-0.911405,-0.125433,0.128106,-1.176046,-0.215203,0.049653,-1.000011,-0.239115,0.042020,-0.800274,-0.235163
ONE_FINGER,-0.000000,0.000000,0.000000,-0.255660,-0.188594,-0.010021,-0.417399,-0.532656,-0.042708,-0.394571,-0.853459,-0.123202,-0.277021,-1.011372,-0.205865,-0.282933,-0.967761,0.188257,-0.363948,-1.423799,0.115854,-0.421596,-1.697199,0.016031,-0.467235,-1.936751,-0.064719,-0.116994,-0.993133,0.100259,-0.227978,-1.239335,-0.058583,-0.228468,-0.898445,-0.161366,-0.186827,-0.630619,-0.179811,0.051747,-0.973228,-0.008589,-0.076223,-1.212768,-0.170781,-0.098796,-0.863962,-0.226844,-0.059365,-0.594887,-0.216215,0.232599,-0.900463,-0.130976,0.122587,-1.163089,-0.213718,0.046267,-0.977797,-0.230416,0.047013,-0.778522,-0.221668
ONE_FINGER,-0.000000,0.000000,0.000000,-0.251659,-0.187100,-0.008450,-0.404145,-0.527960,-0.048416,-0.399941,-0.840778,-0.138650,-0.330256,-1.022061,-0.233017,-0.276934,-0.970495,0.181985,-0.350012,-1.430073,0.103352,-0.405279,-1.701404,-0.004822,-0.449528,-1.937585,-0.092010,-0.112412,-0.993662,0.089907,-0.227538,-1.230759,-0.074429,-0.223143,-0.887167,-0.184857,-0.176788,-0.617304,-0.210369,0.058737,-0.971290,-0.022616,-0.075198,-1.198434,-0.184887,-0.090227,-0.846950,-0.243954,-0.045200,-0.581673,-0.238953,0.244497,-0.900199,-0.148484,0.125896,-1.153944,-0.232716,0.053763,-0.963108,-0.251242,0.058660,-0.766351,-0.245877
ONE_FINGER,-0.000000,0.000000,0.000000,-0.243838,-0.170624,-0.014096,-0.402134,-0.506433,-0.053294,-0.425682,-0.813893,-0.137563,-0.396796,-1.015843,-0.227332,-0.271174,-0.973749,0.166101,-0.330767,-1.416662,0.095479,-0.381550,-1.685319,-0.005150,-0.421290,-1.917922,-0.086254,-0.105407,-0.994429,0.084417,-0.214870,-1.234393,-0.061715,-0.216951,-0.899458,-0.158323,-0.178453,-0.634768,-0.178060,0.065762,-0.967326,-0.016470,-0.065002,-1.197003,-0.159922,-0.080611,-0.866366,-0.206032,-0.040448,-0.611946,-0.197367,0.250136,-0.894531,-0.130739,0.136668,-1.142341,-0.205128,0.068959,-0.958336,-0.216087,0.072237,-0.770511,-0.206596
ONE_FINGER,-0.000000,0.000000,0.000000,-0.261404,-0.163563,-0.015158,-0.450800,-0.507427,-0.048643,-0.471436,-0.827249,-0.127202,-0.389575,-0.983758,-0.208712,-0.308574,-0.963380,0.179489,-0.360926,-1.418013,0.114896,-0.409767,-1.689893,0.017307,-0.445989,-1.925252,-0.062198,-0.135945,-0.990716,0.098708,-0.257038,-1.213393,-0.042204,-0.254882,-0.877427,-0.137874,-0.206362,-0.608761,-0.155866,0.037324,-0.969321,-0.002221,-0.101539,-1.170064,-0.143186,-0.111338,-0.840100,-0.190566,-0.065421,-0.593228,-0.180896,0.219397,-0.904849,-0.117466,0.095532,-1.140666,-0.185084,0.039432,-0.947748,-0.193437,0.052156,-0.755102,-0.181869
ONE_FINGER,-0.000000,0.000000,0.000000,-0.258519,-0.177820,0.004598,-0.446763,-0.512650,-0.014172,-0.479425,-0.822650,-0.081390,-0.383340,-0.956484,-0.151281,-0.296101,-0.968500,0.220301,-0.351478,-1.405756,0.164630,-0.403417,-1.661538,0.071872,-0.438629,-1.882191,-0.004396,-0.126364,-0.991984,0.131365,-0.242361,-1.214992,-0.004221,-0.236009,-0.875740,-0.102462,-0.185453,-0.605650,-0.121737,0.050913,-0.971526,0.022473,-0.089465,-1.176009,-0.116325,-0.093026,-0.845641,-0.168315,-0.042982,-0.592860,-0.160427,0.239124,-0.910310,-0.099572,0.118815,-1.140917,-0.165192,0.067641,-0.947326,-0.175227,0.085882,-0.754289,-0.164519
ONE_FINGER,-0.000000,0.000000,0.000000,-0.267804,-0.179103,0.002060,-0.471488,-0.504233,-0.019567,-0.506712,-0.815550,-0.084431,-0.375800,-0.938819,-0.150632,-0.307275,-0.970322,0.185403,-0.371848,-1.395344,0.122325,-0.420410,-1.646709,0.038920,-0.447675,-1.862798,-0.027257,-0.129819,-0.991538,0.097915,-0.242904,-1.248590,-0.045665,-0.241254,-0.897285,-0.122846,-0.198463,-0.615078,-0.123705,0.054343,-0.964330,-0.008380,-0.082340,-1.203022,-0.155104,-0.094279,-0.865422,-0.185251,-0.054390,-0.606224,-0.158625,0.247160,-0.887166,-0.127878,0.129554,-1.133278,-0.198279,0.073227,-0.929944,-0.196226,0.084555,-0.731928,-0.172708
ONE_FINGER,-0.000000,0.000000,0.000000,-0.290231,-0.185740,0.021442,-0.522193,-0.501794,0.017367,-0.609263,-0.800390,-0.028238,-0.479704,-0.935352,-0.073041,-0.313764,-0.975268,0.222630,-0.388315,-1.386785,0.176132,-0.448451,-1.625852,0.110157,-0.484179,-1.829502,0.058116,-0.146020,-0.989282,0.135810,-0.254182,-1.295253,0.006375,-0.276019,-0.963417,-0.059630,-0.245254,-0.671152,-0.050244,0.032013,-0.962343,0.029820,-0.099293,-1.259902,-0.117756,-0.133648,-0.940408,-0.151336,-0.101339,-0.674942,-0.120409,0.215816,-0.885600,-0.085306,0.113042,-1.180184,-0.163856,0.035546,-0.993529,-0.168323,0.036045,-0.787181,-0.144594
ONE_FINGER,-0.000000,0.000000,0.000000,-0.277254,-0.174849,-0.024605,-0.509185,-0.456099,-0.059285,-0.612164,-0.747929,-0.124167,-0.502340,-0.916986,-0.184000,-0.328916,-0.954619,0.131468,-0.417707,-1.354167,0.063595,-0.480859,-1.576061,0.007307,-0.509801,-1.757892,-0.033581,-0.165906,-0.986142,0.057414,-0.271741,-1.374184,-0.085602,-0.304612,-1.083171,-0.129793,-0.286741,-0.825493,-0.105691,0.012077,-0.968116,-0.040232,-0.083725,-1.346114,-0.199365,-0.137393,-1.073935,-0.222290,-0.123711,-0.826810,-0.182724,0.203951,-0.873687,-0.149304,0.132311,-1.171874,-0.238508,0.031631,-1.028739,-0.247480,0.006200,-0.849221,-0.224564
ONE_FINGER,-0.000000,0.000000,0.000000,-0.276062,-0.149430,-0.037477,-0.507152,-0.440309,-0.067637,-0.592747,-0.748998,-0.124453,-0.461143,-0.910011,-0.175440,-0.340820,-0.928892,0.128356,-0.435224,-1.313158,0.063439,-0.501898,-1.536058,0.013913,-0.530837,-1.721893,-0.020279,-0.176164,-0.984361,0.062003,-0.274523,-1.401321,-0.067800,-0.307216,-1.136330,-0.104906,-0.293026,-0.891421,-0.078688,-0.000980,-0.984784,-0.030966,-0.087008,-1.396697,-0.180020,-0.148240,-1.149034,-0.205080,-0.142746,-0.891972,-0.168456,0.187253,-0.904570,-0.137273,0.124300,-1.195651,-0.218306,0.016665,-1.080591,-0.231440,-0.021199,-0.907220,-0.212822
ONE_FINGER,-0.000000,0.000000,0.000000,-0.265206,-0.138503,-0.057302,-0.494099,-0.423776,-0.112853,-0.582576,-0.721161,-0.192922,-0.460265,-0.904030,-0.267634,-0.340168,-0.929743,0.073173,-0.444164,-1.320690,-0.012153,-0.521260,-1.543705,-0.067786,-0.550165,-1.723810,-0.102311,-0.172449,-0.985018,0.006657,-0.258336,-1.433654,-0.137758,-0.313622,-1.185289,-0.173496,-0.306382,-0.936155,-0.145450,0.002079,-0.984613,-0.087632,-0.075001,-1.424268,-0.246987,-0.156192,-1.199191,-0.267622,-0.154189,-0.936411,-0.228261,0.192792,-0.905700,-0.196898,0.142385,-1.226916,-0.286275,0.022800,-1.134357,-0.297263,-0.021466,-0.965152,-0.276524
ONE_FINGER,-0.000000,0.000000,0.000000,-0.268060,-0.146228,-0.048425,-0.496210,-0.437403,-0.092223,-0.568435,-0.739391,-0.161252,-0.413809,-0.864882,-0.223822,-0.335340,-0.932656,0.093389,-0.450210,-1.309734,0.012497,-0.537271,-1.527465,-0.040507,-0.573223,-1.699684,-0.072146,-0.168691,-0.985669,0.024841,-0.246563,-1.424351,-0.116338,-0.301017,-1.176626,-0.153418,-0.295104,-0.923905,-0.124612,0.002594,-0.983211,-0.071230,-0.068106,-1.414181,-0.230650,-0.145354,-1.198659,-0.258284,-0.142761,-0.938641,-0.220371,0.185940,-0.905546,-0.181534,0.146098,-1.234029,-0.267248,0.033287,-1.150618,-0.280221,-0.005874,-0.978869,-0.260307
ONE_FINGER,-0.000000,0.000000,0.000000,-0.269167,-0.143912,-0.038483,-0.498997,-0.430359,-0.078297,-0.587066,-0.723520,-0.144521,-0.442750,-0.851663,-0.205089,-0.341231,-0.927469,0.102610,-0.454320,-1.301559,0.026975,-0.550496,-1.515048,-0.023209,-0.593942,-1.686578,-0.053404,-0.177848,-0.984058,0.031888,-0.256199,-1.422486,-0.102676,-0.315619,-1.172174,-0.135110,-0.307865,-0.914780,-0.104498,-0.007062,-0.984657,-0.065389,-0.081323,-1.414263,-0.220423,-0.158964,-1.190562,-0.242239,-0.152885,-0.932614,-0.201721,0.176691,-0.912080,-0.175817,0.128302,-1.247851,-0.261233,0.018894,-1.149344,-0.270176,-0.011706,-0.969630,-0.247633
ONE_FINGER,-0.000000,0.000000,0.000000,-0.259606,-0.162613,-0.045609,-0.472191,-0.446299,-0.084374,-0.536349,-0.734373,-0.150140,-0.382959,-0.822365,-0.210674,-0.319294,-0.935723,0.105933,-0.433498,-1.294058,0.028706,-0.522439,-1.512646,-0.030171,-0.570773,-1.698169,-0.068451,-0.155045,-0.987907,0.037666,-0.232984,-1.397014,-0.100350,-0.279187,-1.141562,-0.143716,-0.276100,-0.895787,-0.121514,0.012641,-0.983278,-0.057905,-0.056702,-1.386590,-0.215672,-0.126755,-1.156626,-0.247433,-0.126487,-0.901019,-0.213259,0.188730,-0.901944,-0.167736,0.148505,-1.221106,-0.251863,0.044375,-1.124787,-0.266571,0.010065,-0.952691,-0.249486
ONE_FINGER,-0.000000,0.000000,0.000000,-0.258167,-0.151156,-0.068583,-0.465079,-0.442024,-0.122294,-0.508720,-0.726371,-0.200361,-0.351746,-0.819146,-0.273949,-0.321215,-0.939253,0.076100,-0.436030,-1.307412,-0.013527,-0.526914,-1.526276,-0.079342,-0.572126,-1.706608,-0.120988,-0.148722,-0.988879,0.014814,-0.224402,-1.415861,-0.135530,-0.278501,-1.157820,-0.184231,-0.275038,-0.898269,-0.164632,0.025470,-0.983633,-0.075791,-0.046545,-1.402307,-0.244024,-0.124497,-1.164791,-0.280245,-0.123688,-0.897382,-0.248682,0.210601,-0.903210,-0.182693,0.166169,-1.224274,-0.276790,0.052338,-1.121032,-0.295989,0.012468,-0.942447,-0.281453
ONE_FINGER,-0.000000,0.000000,0.000000,-0.264851,-0.145817,-0.052955,-0.482403,-0.430826,-0.102474,-0.546336,-0.717030,-0.177795,-0.391165,-0.831275,-0.247322,-0.334841,-0.942564,0.085257,-0.446888,-1.325670,0.000292,-0.536918,-1.543510,-0.058910,-0.578475,-1.723143,-0.095734,-0.159302,-0.987230,0.018019,-0.234364,-1.416162,-0.130373,-0.287223,-1.151132,-0.169260,-0.280144,-0.893068,-0.140369,0.020606,-0.976914,-0.076538,-0.048515,-1.391437,-0.241196,-0.126735,-1.154289,-0.264232,-0.125595,-0.891354,-0.221930,0.209304,-0.890745,-0.185884,0.165018,-1.220813,-0.274546,0.049093,-1.116670,-0.283588,0.009700,-0.937103,-0.260164
ONE_FINGER,-0.000000,0.000000,0.000000,-0.256979,-0.158924,-0.053726,-0.459234,-0.449579,-0.105907,-0.512921,-0.726890,-0.184859,-0.366477,-0.826741,-0.259661,-0.308106,-0.951211,0.083339,-0.413058,-1.329640,-0.000123,-0.499724,-1.549201,-0.062383,-0.540551,-1.730205,-0.102999,-0.133098,-0.991103,0.015340,-0.202281,-1.414641,-0.127897,-0.255775,-1.154645,-0.171472,-0.252160,-0.896490,-0.149621,0.043587,-0.974530,-0.079382,-0.024101,-1.386823,-0.237118,-0.100484,-1.154077,-0.265541,-0.101459,-0.894323,-0.231677,0.228576,-0.880044,-0.189308,0.182295,-1.206041,-0.275189,0.069284,-1.101192,-0.286962,0.029409,-0.922195,-0.268629
ONE_FINGER,-0.000000,0.000000,0.000000,-0.254303,-0.154061,-0.057786,-0.468743,-0.420583,-0.117381,-0.548096,-0.695560,-0.202079,-0.405467,-0.827411,-0.281294,-0.325929,-0.944028,0.068152,-0.433845,-1.335365,-0.022818,-0.519040,-1.560268,-0.086633,-0.557735,-1.748004,-0.127936,-0.155736,-0.987799,-0.000396,-0.230251,-1.424227,-0.155436,-0.286495,-1.155500,-0.195886,-0.283192,-0.895622,-0.169740,0.021292,-0.978308,-0.096210,-0.048324,-1.405596,-0.267943,-0.127883,-1.160018,-0.293096,-0.129840,-0.893087,-0.253702,0.210050,-0.889365,-0.206457,0.162430,-1.215759,-0.302602,0.042922,-1.106226,-0.315306,-0.000359,-0.922446,-0.295213
ONE_FINGER,-0.000000,0.000000,0.000000,-0.258593,-0.165776,-0.054821,-0.463185,-0.441827,-0.108803,-0.514793,-0.714117,-0.189314,-0.361338,-0.815332,-0.264917,-0.311319,-0.949153,0.079528,-0.409644,-1.344757,-0.002911,-0.481189,-1.576223,-0.066216,-0.511857,-1.769662,-0.109724,-0.139311,-0.990249,0.011505,-0.204646,-1.408018,-0.132725,-0.252323,-1.143011,-0.176211,-0.249533,-0.889643,-0.154935,0.035394,-0.977256,-0.082906,-0.022703,-1.387659,-0.241353,-0.097567,-1.148011,-0.271773,-0.102989,-0.889038,-0.239609,0.218263,-0.881976,-0.192300,0.180693,-1.198345,-0.277468,0.065263,-1.094558,-0.292033,0.018686,-0.920357,-0.276160
ONE_FINGER,-0.000000,0.000000,0.000000,-0.246996,-0.160997,-0.046425,-0.445222,-0.431003,-0.103035,-0.523265,-0.693098,-0.187244,-0.408620,-0.827914,-0.268150,-0.296131,-0.956884,0.072020,-0.390555,-1.357253,-0.009145,-0.460561,-1.592861,-0.073379,-0.486626,-1.786392,-0.118340,-0.127578,-0.991829,0.000580,-0.186867,-1.408212,-0.141249,-0.247132,-1.153787,-0.185059,-0.252301,-0.900028,-0.166374,0.044186,-0.971547,-0.094676,-0.008537,-1.372705,-0.246077,-0.091889,-1.144288,-0.273163,-0.106182,-0.892564,-0.243289,0.222597,-0.872211,-0.203885,0.185732,-1.179435,-0.286125,0.072420,-1.077446,-0.298272,0.025899,-0.907278,-0.282519
ONE_FINGER,-0.000000,0.000000,0.000000,-0.254589,-0.172557,-0.035723,-0.449467,-0.468889,-0.074743,-0.493900,-0.744493,-0.140337,-0.322451,-0.822836,-0.202435,-0.263730,-0.976777,0.086681,-0.336209,-1.397557,0.018856,-0.387679,-1.642012,-0.035707,-0.396554,-1.832560,-0.074240,-0.090776,-0.995871,0.018199,-0.144860,-1.422721,-0.108166,-0.217832,-1.183084,-0.148322,-0.229303,-0.924838,-0.128908,0.084600,-0.960150,-0.071444,0.029332,-1.371760,-0.211862,-0.061766,-1.147450,-0.236240,-0.082754,-0.881772,-0.205584,0.266184,-0.852745,-0.174796,0.232163,-1.187223,-0.253308,0.118289,-1.089895,-0.262387,0.069461,-0.905817,-0.244243
ONE_FINGER,-0.000000,0.000000,0.000000,-0.278909,-0.135283,-0.067622,-0.500503,-0.413856,-0.139221,-0.568315,-0.656593,-0.238147,-0.433180,-0.761906,-0.336689,-0.308375,-0.972535,0.043712,-0.362553,-1.426832,-0.048203,-0.396928,-1.690076,-0.130090,-0.393073,-1.905059,-0.189525,-0.128110,-0.991760,-0.020392,-0.199559,-1.428363,-0.176187,-0.273000,-1.176756,-0.242267,-0.279086,-0.909826,-0.240087,0.051735,-0.958423,-0.107212,-0.020808,-1.374081,-0.263042,-0.118310,-1.142436,-0.305957,-0.135168,-0.876701,-0.290938,0.242059,-0.844773,-0.210846,0.187702,-1.174121,-0.300235,0.068159,-1.077627,-0.321708,0.020723,-0.894547,-0.315560
ONE_FINGER,-0.000000,0.000000,0.000000,-0.269884,-0.141059,-0.057772,-0.466814,-0.423214,-0.124721,-0.507164,-0.673497,-0.222867,-0.385618,-0.807342,-0.321492,-0.279706,-0.978610,0.071490,-0.310272,-1.445292,-0.010660,-0.338149,-1.712552,-0.086759,-0.333127,-1.929184,-0.143001,-0.104810,-0.994492,0.002726,-0.163604,-1.420017,-0.141093,-0.232921,-1.170808,-0.202476,-0.235053,-0.904002,-0.197842,0.067120,-0.957430,-0.089459,-0.003423,-1.366605,-0.238919,-0.093601,-1.118463,-0.275805,-0.102557,-0.846287,-0.257218,0.253003,-0.843957,-0.198068,0.201800,-1.178119,-0.286948,0.085362,-1.075101,-0.303687,0.039424,-0.889276,-0.293732
ONE_FINGER,-0.000000,0.000000,0.000000,-0.288327,-0.164378,-0.038471,-0.501175,-0.411743,-0.113896,-0.586498,-0.614785,-0.228354,-0.499164,-0.719780,-0.344298,-0.312360,-0.979639,0.072674,-0.355251,-1.446010,-0.025999,-0.384568,-1.709999,-0.120686,-0.384320,-1.930246,-0.191867,-0.141925,-0.989877,-0.015346,-0.229297,-1.380561,-0.185601,-0.297072,-1.103611,-0.261684,-0.294955,-0.834078,-0.266100,0.028290,-0.953515,-0.125328,-0.066444,-1.335360,-0.293784,-0.155227,-1.059462,-0.335539,-0.161993,-0.783558,-0.320614,0.211935,-0.840868,-0.249940,0.146366,-1.151741,-0.349042,0.026967,-1.026080,-0.368346,-0.016201,-0.833423,-0.361803
ONE_FINGER,-0.000000,0.000000,0.000000,-0.267692,-0.172926,-0.055997,-0.474175,-0.414693,-0.149210,-0.565043,-0.614972,-0.277726,-0.458661,-0.724162,-0.405584,-0.266253,-0.998776,0.023676,-0.297223,-1.492897,-0.094238,-0.337432,-1.756437,-0.184575,-0.341546,-1.970120,-0.248994,-0.097746,-0.995211,-0.065596,-0.179817,-1.441148,-0.256730,-0.271636,-1.140725,-0.315526,-0.276382,-0.845042,-0.300629,0.073867,-0.939886,-0.179216,-0.014029,-1.357561,-0.368234,-0.124996,-1.063665,-0.394191,-0.140001,-0.783240,-0.361053,0.260539,-0.800529,-0.308643,0.201277,-1.139969,-0.422919,0.067766,-1.013181,-0.437854,0.017452,-0.824434,-0.422424
ONE_FINGER,-0.000000,0.000000,0.000000,-0.313564,-0.157863,-0.046631,-0.568641,-0.392277,-0.147078,-0.768305,-0.552540,-0.285772,-0.861213,-0.680192,-0.428263,-0.330408,-0.996280,0.014221,-0.362270,-1.491543,-0.105131,-0.392523,-1.761292,-0.204922,-0.395389,-1.984231,-0.277675,-0.155859,-0.987779,-0.077000,-0.247209,-1.421226,-0.264877,-0.341783,-1.124770,-0.330527,-0.348509,-0.828171,-0.324521,0.021995,-0.926914,-0.191032,-0.077630,-1.340778,-0.372965,-0.196252,-1.040296,-0.401693,-0.214698,-0.755413,-0.375932,0.210768,-0.794527,-0.318626,0.138250,-1.121215,-0.435514,-0.010078,-0.990178,-0.453741,-0.072447,-0.811847,-0.442791
ONE_FINGER,-0.000000,0.000000,0.000000,-0.261313,-0.134041,-0.077136,-0.474754,-0.348839,-0.195070,-0.618750,-0.530633,-0.345571,-0.598611,-0.686836,-0.498101,-0.314475,-0.996644,-0.034652,-0.336913,-1.503520,-0.172039,-0.369560,-1.778888,-0.279293,-0.364986,-2.006276,-0.356075,-0.145044,-0.989425,-0.125198,-0.230548,-1.423754,-0.329826,-0.351347,-1.133394,-0.400581,-0.374809,-0.856124,-0.397502,0.025074,-0.931367,-0.240370,-0.050876,-1.357978,-0.439826,-0.185343,-1.098442,-0.476001,-0.215897,-0.833663,-0.454366,0.203265,-0.796630,-0.370825,0.152533,-1.119519,-0.495540,0.006417,-1.011344,-0.518034,-0.055830,-0.841336,-0.510636
ONE_FINGER,-0.000000,0.000000,0.000000,-0.218757,-0.137543,-0.053704,-0.404000,-0.379494,-0.161372,-0.516325,-0.581443,-0.307275,-0.462720,-0.764645,-0.454047,-0.231546,-1.006387,0.012905,-0.231085,-1.521081,-0.122758,-0.269474,-1.801883,-0.229236,-0.265768,-2.031539,-0.305745,-0.079985,-0.996796,-0.088848,-0.186323,-1.457920,-0.296612,-0.342204,-1.188504,-0.374047,-0.375832,-0.918272,-0.372302,0.070567,-0.940489,-0.215291,-0.042576,-1.354378,-0.415289,-0.198466,-1.085285,-0.450894,-0.226962,-0.837252,-0.427413,0.234972,-0.807561,-0.356244,0.129379,-1.117168,-0.480203,-0.017894,-0.975694,-0.499299,-0.057703,-0.784451,-0.488084
ONE_FINGER,-0.000000,0.000000,0.000000,-0.222217,-0.141316,-0.050841,-0.407274,-0.401966,-0.163791,-0.523633,-0.603247,-0.318149,-0.479841,-0.779796,-0.476766,-0.226597,-1.017669,0.007851,-0.214953,-1.525081,-0.130894,-0.246096,-1.809346,-0.252181,-0.241856,-2.038011,-0.341029,-0.076221,-0.997091,-0.097773,-0.189383,-1.437433,-0.305086,-0.355980,-1.180122,-0.398513,-0.405057,-0.904967,-0.413102,0.072984,-0.934894,-0.225839,-0.058331,-1.330828,-0.415997,-0.223290,-1.065872,-0.456350,-0.262416,-0.799172,-0.444493,0.229555,-0.803351,-0.369414,0.106314,-1.102219,-0.485326,-0.053061,-0.967455,-0.502771,-0.106382,-0.772176,-0.496139
ONE_FINGER,-0.000000,0.000000,0.000000,-0.237338,-0.142659,-0.000456,-0.425981,-0.416834,-0.081856,-0.556623,-0.617549,-0.212839,-0.554097,-0.763900,-0.348467,-0.255180,-0.997730,0.066321,-0.269054,-1.521151,-0.057731,-0.300970,-1.813673,-0.169376,-0.297692,-2.048661,-0.252651,-0.117565,-0.993065,-0.055620,-0.256207,-1.437591,-0.250278,-0.426812,-1.184295,-0.336269,-0.474557,-0.920474,-0.346238,0.016007,-0.949100,-0.196907,-0.142276,-1.351511,-0.370694,-0.315395,-1.079975,-0.405468,-0.353773,-0.816270,-0.391567,0.156979,-0.837280,-0.350266,0.000535,-1.131462,-0.451869,-0.161283,-0.992325,-0.465704,-0.208003,-0.797157,-0.457994
ONE_FINGER,-0.000000,0.000000,0.000000,-0.222600,-0.154058,0.002509,-0.392822,-0.436950,-0.080209,-0.513535,-0.635832,-0.214150,-0.548656,-0.796271,-0.353355,-0.219760,-1.011137,0.065395,-0.224816,-1.523317,-0.056979,-0.268844,-1.810934,-0.166277,-0.281399,-2.039713,-0.247697,-0.082848,-0.996562,-0.060583,-0.233530,-1.439460,-0.246171,-0.416409,-1.189685,-0.328824,-0.471650,-0.926740,-0.338906,0.044202,-0.946590,-0.206452,-0.129093,-1.315870,-0.372886,-0.307741,-1.056346,-0.404913,-0.347175,-0.809321,-0.391019,0.175518,-0.835753,-0.364166,0.011968,-1.118219,-0.465694,-0.156253,-0.982361,-0.477257,-0.207224,-0.795282,-0.467660
ONE_FINGER,-0.000000,0.000000,0.000000,-0.224044,-0.153306,0.027020,-0.402722,-0.438466,-0.037588,-0.531660,-0.626871,-0.156235,-0.561546,-0.741805,-0.281355,-0.240687,-1.005720,0.091495,-0.264173,-1.499208,-0.018519,-0.300661,-1.778275,-0.125260,-0.304783,-2.001769,-0.206062,-0.107433,-0.994212,-0.038931,-0.260000,-1.398230,-0.206975,-0.424939,-1.150889,-0.286718,-0.471677,-0.897053,-0.299590,0.019448,-0.942627,-0.186383,-0.147614,-1.306268,-0.331134,-0.315303,-1.044849,-0.358624,-0.355357,-0.788753,-0.348101,0.149535,-0.830005,-0.344865,-0.011934,-1.113184,-0.427804,-0.171456,-0.978500,-0.434030,-0.223104,-0.790826,-0.425152
ONE_FINGER,-0.000000,0.000000,0.000000,-0.211987,-0.163032,0.018863,-0.377522,-0.447330,-0.050912,-0.493550,-0.632503,-0.173871,-0.517548,-0.760331,-0.303564,-0.213957,-1.016150,0.082304,-0.227266,-1.493531,-0.032195,-0.266610,-1.764263,-0.141700,-0.274818,-1.982639,-0.224095,-0.077957,-0.996957,-0.046251,-0.228854,-1.399154,-0.216984,-0.393389,-1.151151,-0.300679,-0.440977,-0.896793,-0.317218,0.049137,-0.937506,-0.192743,-0.117261,-1.292805,-0.339664,-0.282235,-1.033567,-0.370928,-0.322908,-0.782968,-0.363356,0.179469,-0.818520,-0.350997,0.023781,-1.089519,-0.437723,-0.133305,-0.961679,-0.448029,-0.187892,-0.787955,-0.442060
ONE_FINGER,-0.000000,0.000000,0.000000,-0.228767,-0.167537,0.031717,-0.409658,-0.452442,-0.029166,-0.538359,-0.642016,-0.143795,-0.557685,-0.764926,-0.264030,-0.250209,-1.004658,0.089417,-0.277521,-1.491488,-0.020606,-0.318763,-1.759432,-0.120773,-0.328179,-1.976138,-0.195357,-0.116379,-0.993205,-0.040539,-0.263099,-1.410897,-0.209483,-0.421654,-1.166101,-0.281966,-0.467377,-0.917599,-0.288597,0.013447,-0.938023,-0.187072,-0.148337,-1.308482,-0.333264,-0.313140,-1.054203,-0.356153,-0.356167,-0.807197,-0.340558,0.147507,-0.819880,-0.344031,-0.004085,-1.097190,-0.426994,-0.161097,-0.976610,-0.432885,-0.214857,-0.808060,-0.422612
ONE_FINGER,-0.000000,0.000000,0.000000,-0.226965,-0.145488,0.006370,-0.421207,-0.447419,-0.051405,-0.527768,-0.658384,-0.154718,-0.462487,-0.759338,-0.262561,-0.244421,-1.000670,0.083453,-0.258534,-1.484211,-0.018442,-0.295316,-1.750219,-0.108786,-0.294123,-1.958384,-0.174854,-0.097819,-0.995204,-0.029720,-0.216231,-1.435041,-0.185606,-0.368274,-1.206664,-0.252264,-0.410117,-0.948896,-0.255281,0.046962,-0.942968,-0.161622,-0.082831,-1.341458,-0.306694,-0.237659,-1.098965,-0.332188,-0.277811,-0.840380,-0.315682,0.196320,-0.832005,-0.306118,0.073279,-1.111583,-0.391261,-0.074587,-0.975584,-0.397144,-0.125641,-0.783125,-0.384365
ONE_FINGER,-0.000000,0.000000,0.000000,-0.267706,-0.138834,-0.037413,-0.482481,-0.416953,-0.098958,-0.586586,-0.650387,-0.193856,-0.493085,-0.760884,-0.288472,-0.313799,-0.979321,0.066795,-0.347949,-1.444630,-0.022126,-0.383583,-1.696640,-0.095875,-0.381676,-1.896519,-0.147748,-0.156605,-0.987661,-0.015656,-0.216695,-1.453935,-0.162422,-0.317108,-1.237074,-0.218650,-0.343520,-0.983706,-0.211576,0.008108,-0.947103,-0.121420,-0.056466,-1.381974,-0.269918,-0.177953,-1.169114,-0.304689,-0.214345,-0.909266,-0.285768,0.179252,-0.839616,-0.241855,0.123444,-1.155777,-0.329366,-0.014640,-1.083585,-0.349232,-0.083735,-0.932890,-0.342277
ONE_FINGER,-0.000000,0.000000,0.000000,-0.255739,-0.135625,-0.080764,-0.466676,-0.391799,-0.155448,-0.513460,-0.657257,-0.251646,-0.344729,-0.765657,-0.342144,-0.356428,-0.949025,0.035443,-0.432871,-1.348956,-0.057825,-0.472667,-1.587296,-0.129195,-0.476341,-1.780217,-0.176606,-0.186670,-0.982423,-0.023581,-0.239815,-1.395555,-0.175765,-0.272800,-1.150415,-0.225218,-0.268301,-0.907766,-0.207816,-0.014582,-0.963030,-0.108126,-0.063846,-1.362545,-0.268093,-0.114182,-1.143328,-0.290668,-0.112927,-0.898403,-0.254314,0.162487,-0.867355,-0.210496,0.130463,-1.201693,-0.291542,0.053241,-1.091668,-0.293943,0.031824,-0.903100,-0.269693
ONE_FINGER,-0.000000,0.000000,0.000000,-0.251125,-0.134852,-0.085145,-0.460285,-0.394607,-0.161218,-0.495173,-0.664035,-0.258674,-0.327011,-0.775292,-0.351456,-0.354415,-0.945921,0.029401,-0.439806,-1.345857,-0.068354,-0.482868,-1.585444,-0.142214,-0.489675,-1.779964,-0.191442,-0.180393,-0.983595,-0.029682,-0.240331,-1.392388,-0.186703,-0.265890,-1.138111,-0.238518,-0.256796,-0.896781,-0.221832,-0.008009,-0.967107,-0.115053,-0.058808,-1.365006,-0.280565,-0.106023,-1.136181,-0.306574,-0.103259,-0.889612,-0.271675,0.168570,-0.871037,-0.218580,0.134272,-1.203688,-0.305705,0.056658,-1.082774,-0.311503,0.033295,-0.891929,-0.288832
ONE_FINGER,-0.000000,0.000000,0.000000,-0.248782,-0.126101,-0.092856,-0.464483,-0.356540,-0.174770,-0.511854,-0.627989,-0.275969,-0.354583,-0.773196,-0.372353,-0.381453,-0.930468,0.013779,-0.476758,-1.315500,-0.090433,-0.520017,-1.558393,-0.170067,-0.534927,-1.761233,-0.222871,-0.210211,-0.977656,-0.041503,-0.271616,-1.365598,-0.206886,-0.273982,-1.106808,-0.260146,-0.260198,-0.871005,-0.243271,-0.036857,-0.966672,-0.122837,-0.086772,-1.342098,-0.295212,-0.112264,-1.113729,-0.318914,-0.106070,-0.873433,-0.281052,0.143512,-0.873080,-0.222485,0.112997,-1.191147,-0.311872,0.052508,-1.070619,-0.316202,0.034020,-0.884031,-0.291722
ONE_FINGER,-0.000000,0.000000,0.000000,-0.254338,-0.124079,-0.095672,-0.476587,-0.355974,-0.179338,-0.529915,-0.622445,-0.281494,-0.371646,-0.758963,-0.378659,-0.396818,-0.927315,0.003522,-0.495383,-1.313153,-0.103715,-0.540629,-1.552695,-0.181850,-0.554979,-1.753447,-0.232369,-0.223813,-0.974632,-0.051530,-0.289085,-1.368467,-0.217213,-0.295026,-1.109549,-0.266396,-0.281657,-0.874450,-0.246673,-0.050058,-0.964348,-0.133193,-0.105844,-1.348808,-0.306366,-0.133107,-1.123255,-0.326722,-0.124129,-0.882568,-0.286271,0.128235,-0.874189,-0.233658,0.094636,-1.194205,-0.322988,0.032800,-1.076113,-0.325485,0.016093,-0.892432,-0.299532
ONE_FINGER,-0.000000,0.000000,0.000000,-0.253062,-0.128410,-0.098257,-0.467154,-0.373459,-0.178078,-0.524255,-0.648139,-0.275067,-0.366054,-0.774896,-0.367962,-0.380371,-0.934637,-0.001065,-0.472024,-1.333149,-0.106156,-0.517062,-1.579622,-0.183230,-0.529502,-1.784993,-0.234405,-0.208928,-0.977931,-0.055244,-0.266247,-1.389677,-0.216464,-0.286555,-1.138736,-0.268973,-0.282597,-0.904101,-0.255235,-0.034774,-0.962815,-0.136063,-0.083662,-1.362145,-0.308636,-0.125645,-1.140952,-0.340233,-0.125323,-0.894167,-0.309484,0.145798,-0.868014,-0.235335,0.120798,-1.190771,-0.329193,0.043965,-1.085316,-0.342519,0.015403,-0.905778,-0.325706
ONE_FINGER,-0.000000,0.000000,0.000000,-0.250731,-0.136460,-0.095505,-0.460253,-0.387693,-0.175438,-0.496064,-0.653559,-0.273814,-0.324695,-0.752207,-0.367829,-0.361695,-0.944713,0.002807,-0.448727,-1.334267,-0.103264,-0.491744,-1.574504,-0.180561,-0.502864,-1.774085,-0.230875,-0.185980,-0.982553,-0.052405,-0.242188,-1.386817,-0.214246,-0.260513,-1.131068,-0.264722,-0.253464,-0.893058,-0.248177,-0.011800,-0.961937,-0.134255,-0.059740,-1.355918,-0.305754,-0.100019,-1.132117,-0.331928,-0.097946,-0.887028,-0.296516,0.165311,-0.861852,-0.235074,0.140647,-1.186472,-0.326184,0.067460,-1.077075,-0.334264,0.042059,-0.897200,-0.313227
ONE_FINGER,-0.000000,0.000000,0.000000,-0.250371,-0.141084,-0.098442,-0.460889,-0.381360,-0.185813,-0.498358,-0.642697,-0.292099,-0.326169,-0.758222,-0.393580,-0.364819,-0.946008,-0.001950,-0.452267,-1.334243,-0.115044,-0.492235,-1.573242,-0.197419,-0.500344,-1.769989,-0.250895,-0.191069,-0.981577,-0.059171,-0.245603,-1.382949,-0.232216,-0.265657,-1.124260,-0.287666,-0.259831,-0.885709,-0.272028,-0.018088,-0.960800,-0.143309,-0.065595,-1.349436,-0.323628,-0.105035,-1.120293,-0.350063,-0.103321,-0.879358,-0.313500,0.158324,-0.858187,-0.246355,0.127791,-1.187469,-0.342634,0.059935,-1.069316,-0.349336,0.040608,-0.882114,-0.326308
ONE_FINGER,-0.000000,0.000000,0.000000,-0.248861,-0.133333,-0.108965,-0.460590,-0.379991,-0.197399,-0.493255,-0.648862,-0.302611,-0.322936,-0.772998,-0.403554,-0.360748,-0.946986,-0.008648,-0.447381,-1.334519,-0.121854,-0.488046,-1.574737,-0.205221,-0.499666,-1.771652,-0.259009,-0.186290,-0.982495,-0.059710,-0.237404,-1.385871,-0.230174,-0.257845,-1.138689,-0.287761,-0.254767,-0.901402,-0.274929,-0.013812,-0.960096,-0.138759,-0.059732,-1.347097,-0.317609,-0.099554,-1.126583,-0.347401,-0.100393,-0.882533,-0.314036,0.161354,-0.858495,-0.237879,0.131629,-1.180235,-0.335279,0.062365,-1.067051,-0.345024,0.038509,-0.880913,-0.324462
ONE_FINGER,-0.000000,0.000000,0.000000,-0.250012,-0.139707,-0.099209,-0.461779,-0.394193,-0.183104,-0.494533,-0.662528,-0.284461,-0.315805,-0.771193,-0.380720,-0.356615,-0.952474,-0.003358,-0.443760,-1.342934,-0.112937,-0.487090,-1.581004,-0.190353,-0.496682,-1.772601,-0.239778,-0.182303,-0.983242,-0.058081,-0.234588,-1.392855,-0.223809,-0.258310,-1.144573,-0.273756,-0.252724,-0.908252,-0.255451,-0.009594,-0.956767,-0.139857,-0.056509,-1.351575,-0.314610,-0.100250,-1.130673,-0.337380,-0.099360,-0.888125,-0.298944,0.164352,-0.851126,-0.240946,0.135271,-1.181107,-0.334454,0.061846,-1.067729,-0.339110,0.038971,-0.881215,-0.314526
ONE_FINGER,-0.000000,0.000000,0.000000,-0.252479,-0.139692,-0.102523,-0.461194,-0.391797,-0.187676,-0.495186,-0.658489,-0.290579,-0.327519,-0.780033,-0.388695,-0.359417,-0.951706,-0.000603,-0.441869,-1.347539,-0.107722,-0.485967,-1.584896,-0.184398,-0.498184,-1.779570,-0.233964,-0.185624,-0.982621,-0.053853,-0.238434,-1.394402,-0.216337,-0.266205,-1.149777,-0.266574,-0.264434,-0.917029,-0.249512,-0.014258,-0.955634,-0.135037,-0.059812,-1.353741,-0.307132,-0.108651,-1.135446,-0.333318,-0.111549,-0.893944,-0.298214,0.159169,-0.848082,-0.235613,0.129121,-1.171066,-0.327866,0.051076,-1.061459,-0.335444,0.023186,-0.880177,-0.313762
ONE_FINGER,-0.000000,0.000000,0.000000,-0.254687,-0.136211,-0.099722,-0.467510,-0.385447,-0.186348,-0.498150,-0.652232,-0.292276,-0.327502,-0.775101,-0.393055,-0.365675,-0.947834,0.005866,-0.450528,-1.342408,-0.101995,-0.493643,-1.578827,-0.180167,-0.505953,-1.772046,-0.230441,-0.192733,-0.981251,-0.049145,-0.250445,-1.386755,-0.214084,-0.274033,-1.141060,-0.266280,-0.266990,-0.907531,-0.249028,-0.022240,-0.958996,-0.131752,-0.073651,-1.352333,-0.304556,-0.115914,-1.130806,-0.327410,-0.112273,-0.890715,-0.289266,0.151084,-0.858365,-0.233929,0.117141,-1.191853,-0.324846,0.047536,-1.074938,-0.327653,0.028830,-0.885916,-0.302088
ONE_FINGER,-0.000000,0.000000,0.000000,-0.250034,-0.141273,-0.104263,-0.454121,-0.396302,-0.192830,-0.477805,-0.661425,-0.300129,-0.307112,-0.776218,-0.402694,-0.350914,-0.952499,0.001748,-0.435045,-1.347366,-0.107514,-0.474960,-1.587140,-0.189439,-0.484713,-1.783531,-0.242920,-0.176691,-0.984266,-0.051522,-0.228953,-1.392742,-0.218636,-0.248276,-1.150409,-0.276986,-0.242332,-0.915851,-0.264806,-0.005158,-0.959679,-0.132315,-0.050515,-1.357949,-0.304904,-0.091251,-1.143602,-0.334430,-0.089463,-0.901198,-0.301819,0.168199,-0.855897,-0.232965,0.140913,-1.188401,-0.323327,0.068869,-1.081732,-0.330935,0.044623,-0.898435,-0.310120
ONE_FINGER,-0.000000,0.000000,0.000000,-0.243369,-0.143427,-0.099781,-0.446483,-0.402973,-0.185611,-0.468373,-0.666222,-0.290655,-0.295515,-0.771559,-0.390825,-0.342443,-0.954287,0.006810,-0.424039,-1.345073,-0.099722,-0.463026,-1.580920,-0.178695,-0.469474,-1.771969,-0.229751,-0.166303,-0.986075,-0.046948,-0.223794,-1.386803,-0.209902,-0.243774,-1.137621,-0.263713,-0.234258,-0.901364,-0.247997,0.006023,-0.962921,-0.127861,-0.043663,-1.353170,-0.296237,-0.083628,-1.133298,-0.320129,-0.077109,-0.892588,-0.283610,0.180538,-0.862168,-0.228513,0.150904,-1.193413,-0.315445,0.079920,-1.080495,-0.318760,0.059917,-0.896873,-0.294487
ONE_FINGER,-0.000000,0.000000,0.000000,-0.239533,-0.137187,-0.098853,-0.442202,-0.387550,-0.186424,-0.483532,-0.648731,-0.292823,-0.326490,-0.777465,-0.394215,-0.350698,-0.950081,0.002503,-0.431264,-1.349646,-0.102743,-0.474107,-1.585385,-0.178380,-0.479395,-1.776263,-0.227045,-0.177331,-0.984151,-0.051591,-0.239739,-1.393160,-0.212007,-0.266100,-1.146226,-0.259329,-0.253785,-0.912296,-0.239714,-0.004730,-0.961774,-0.132922,-0.056347,-1.356974,-0.300149,-0.101581,-1.138901,-0.319713,-0.094176,-0.902186,-0.280895,0.173316,-0.861795,-0.233417,0.141477,-1.191910,-0.321522,0.067504,-1.078429,-0.323455,0.048919,-0.896297,-0.297746
ONE_FINGER,-0.000000,0.000000,0.000000,-0.248873,-0.141391,-0.091812,-0.457939,-0.405070,-0.171459,-0.495225,-0.667197,-0.271473,-0.326948,-0.759143,-0.366679,-0.348716,-0.951935,0.017068,-0.426060,-1.344406,-0.086414,-0.468726,-1.576711,-0.161491,-0.475243,-1.763340,-0.209171,-0.177762,-0.984074,-0.039583,-0.237772,-1.391344,-0.197922,-0.265303,-1.145872,-0.247178,-0.253759,-0.908718,-0.228653,-0.007412,-0.961202,-0.123527,-0.062515,-1.352460,-0.289103,-0.106190,-1.131589,-0.310051,-0.097651,-0.891192,-0.271523,0.167622,-0.862648,-0.226894,0.132258,-1.192615,-0.312581,0.060060,-1.078651,-0.314249,0.043862,-0.894116,-0.288537
ONE_FINGER,-0.000000,0.000000,0.000000,-0.248170,-0.145112,-0.099262,-0.453355,-0.408908,-0.183510,-0.492404,-0.673016,-0.287967,-0.330289,-0.781347,-0.387947,-0.341329,-0.957551,0.013683,-0.416859,-1.355157,-0.093084,-0.461749,-1.589342,-0.172756,-0.471482,-1.778371,-0.224273,-0.171969,-0.985102,-0.042145,-0.226583,-1.398374,-0.205903,-0.256551,-1.152246,-0.262423,-0.248765,-0.914458,-0.248895,-0.002710,-0.959711,-0.126441,-0.053070,-1.355625,-0.296787,-0.100451,-1.136973,-0.326686,-0.095663,-0.896042,-0.294371,0.172595,-0.858131,-0.230426,0.140040,-1.192617,-0.320605,0.061703,-1.087915,-0.329624,0.039736,-0.908411,-0.309670
ONE_FINGER,-0.000000,0.000000,0.000000,-0.247326,-0.140147,-0.095318,-0.455812,-0.402190,-0.179940,-0.500435,-0.673108,-0.285050,-0.337189,-0.799250,-0.385384,-0.351097,-0.956456,0.012179,-0.426437,-1.357185,-0.094882,-0.474638,-1.589582,-0.172419,-0.486365,-1.775911,-0.222086,-0.184082,-0.982911,-0.046467,-0.238100,-1.399610,-0.208796,-0.272702,-1.154125,-0.260672,-0.265823,-0.917008,-0.244105,-0.015364,-0.956638,-0.133384,-0.066848,-1.353879,-0.303824,-0.116943,-1.133219,-0.327768,-0.112288,-0.890550,-0.291541,0.159765,-0.855931,-0.239550,0.124318,-1.195064,-0.330760,0.043592,-1.085674,-0.335559,0.022298,-0.899808,-0.311944
ONE_FINGER,-0.000000,0.000000,0.000000,-0.243670,-0.147732,-0.082254,-0.444222,-0.436927,-0.152221,-0.472380,-0.713866,-0.245691,-0.310432,-0.803814,-0.335725,-0.336095,-0.961359,0.035537,-0.405738,-1.360168,-0.061499,-0.452476,-1.592771,-0.134220,-0.462478,-1.778308,-0.180960,-0.166569,-0.986030,-0.025583,-0.224112,-1.393419,-0.173747,-0.262370,-1.153408,-0.223596,-0.256238,-0.918718,-0.208130,0.002062,-0.956783,-0.114214,-0.051643,-1.343067,-0.270619,-0.106654,-1.129686,-0.293733,-0.103867,-0.886733,-0.259693,0.176785,-0.858423,-0.222244,0.144214,-1.188567,-0.304859,0.060764,-1.086677,-0.308434,0.035645,-0.908660,-0.285577
ONE_FINGER,-0.000000,0.000000,0.000000,-0.242644,-0.157598,-0.066023,-0.441012,-0.435640,-0.134004,-0.489433,-0.727483,-0.228451,-0.358192,-0.880259,-0.318015,-0.343823,-0.951306,0.057588,-0.416651,-1.362283,-0.033932,-0.457796,-1.599590,-0.101337,-0.461985,-1.796630,-0.147307,-0.174018,-0.984743,-0.010356,-0.250722,-1.372440,-0.164889,-0.275002,-1.089864,-0.207297,-0.254524,-0.852636,-0.182488,-0.003880,-0.965449,-0.104394,-0.070689,-1.342085,-0.270292,-0.117523,-1.090206,-0.285554,-0.103191,-0.851456,-0.242068,0.175658,-0.869194,-0.214507,0.133251,-1.191021,-0.302223,0.051582,-1.061049,-0.301816,0.034036,-0.877895,-0.273356
ONE_FINGER,-0.000000,0.000000,0.000000,-0.246241,-0.154181,-0.070153,-0.440220,-0.425239,-0.139893,-0.481194,-0.719408,-0.235578,-0.347194,-0.879283,-0.326301,-0.347766,-0.949329,0.057784,-0.418516,-1.360532,-0.033849,-0.460975,-1.598710,-0.101959,-0.466386,-1.797244,-0.148984,-0.175747,-0.984435,-0.009259,-0.250795,-1.375384,-0.164084,-0.277951,-1.088980,-0.208857,-0.260417,-0.847360,-0.185936,-0.004470,-0.965227,-0.102969,-0.067564,-1.347457,-0.271469,-0.117885,-1.092495,-0.291264,-0.107238,-0.849922,-0.250704,0.177286,-0.866081,-0.212819,0.135534,-1.190273,-0.304255,0.051455,-1.055684,-0.307359,0.030551,-0.866725,-0.281259
ONE_FINGER,-0.000000,0.000000,0.000000,-0.243855,-0.145993,-0.069788,-0.442005,-0.422127,-0.140940,-0.492496,-0.719090,-0.238177,-0.372996,-0.885033,-0.331052,-0.354525,-0.947824,0.051604,-0.423543,-1.362695,-0.041198,-0.466472,-1.599078,-0.109047,-0.471920,-1.795496,-0.155625,-0.182174,-0.983266,-0.016456,-0.258147,-1.372961,-0.170548,-0.286131,-1.089064,-0.213223,-0.266956,-0.850306,-0.189450,-0.010958,-0.962428,-0.111157,-0.073294,-1.344833,-0.278414,-0.126951,-1.094354,-0.295903,-0.117386,-0.853399,-0.254795,0.169857,-0.863060,-0.221950,0.126571,-1.189042,-0.313283,0.039813,-1.054958,-0.315037,0.017199,-0.865847,-0.288306
ONE_FINGER,-0.000000,0.000000,0.000000,-0.245040,-0.141020,-0.071780,-0.446586,-0.414633,-0.143937,-0.507474,-0.712430,-0.241850,-0.394772,-0.897549,-0.335618,-0.363135,-0.945816,0.051691,-0.431937,-1.365648,-0.041680,-0.477049,-1.607013,-0.109728,-0.481491,-1.805363,-0.155723,-0.192401,-0.981316,-0.015349,-0.272521,-1.380451,-0.170009,-0.305656,-1.099538,-0.213383,-0.286924,-0.855732,-0.189128,-0.021869,-0.963844,-0.109379,-0.089895,-1.347820,-0.276555,-0.145208,-1.099206,-0.293565,-0.132968,-0.857722,-0.251803,0.159729,-0.871046,-0.219644,0.111118,-1.202694,-0.311559,0.024886,-1.069793,-0.313203,0.007006,-0.880282,-0.285804
ONE_FINGER,-0.000000,0.000000,0.000000,-0.245632,-0.140724,-0.067785,-0.444754,-0.428726,-0.133975,-0.491737,-0.728925,-0.226743,-0.368229,-0.898935,-0.316175,-0.350587,-0.953158,0.060321,-0.414727,-1.372774,-0.028327,-0.459753,-1.610194,-0.093861,-0.463682,-1.805029,-0.138521,-0.178539,-0.983933,-0.007813,-0.257846,-1.387852,-0.154760,-0.297746,-1.112461,-0.198921,-0.283214,-0.870338,-0.177279,-0.008747,-0.961803,-0.102832,-0.073918,-1.352752,-0.263205,-0.137823,-1.106275,-0.283333,-0.130825,-0.858606,-0.245732,0.169888,-0.866092,-0.214230,0.123607,-1.199856,-0.303603,0.028369,-1.070061,-0.307415,0.002012,-0.879576,-0.282720
ONE_FINGER,-0.000000,0.000000,0.000000,-0.240624,-0.145723,-0.078199,-0.437298,-0.425219,-0.152855,-0.489946,-0.723105,-0.252168,-0.370930,-0.905844,-0.347465,-0.351767,-0.951409,0.041753,-0.418903,-1.369044,-0.053523,-0.461782,-1.606664,-0.121066,-0.464365,-1.802061,-0.166337,-0.180257,-0.983620,-0.022964,-0.255885,-1.389081,-0.178423,-0.296674,-1.111519,-0.222138,-0.285210,-0.870491,-0.198660,-0.010017,-0.963559,-0.115140,-0.075254,-1.352288,-0.283991,-0.137586,-1.101162,-0.302447,-0.130581,-0.855779,-0.261634,0.170875,-0.868495,-0.224007,0.125080,-1.201757,-0.318639,0.034417,-1.071585,-0.322416,0.012316,-0.882819,-0.296324
ONE_FINGER,-0.000000,0.000000,0.000000,-0.247186,-0.143182,-0.071819,-0.447989,-0.427956,-0.140864,-0.498700,-0.726410,-0.235556,-0.376703,-0.901735,-0.326327,-0.358185,-0.948778,0.056311,-0.422564,-1.363853,-0.034082,-0.470026,-1.599048,-0.099538,-0.476273,-1.792396,-0.143593,-0.187600,-0.982245,-0.009644,-0.267221,-1.389578,-0.158252,-0.309950,-1.114039,-0.200731,-0.296320,-0.872124,-0.177284,-0.017919,-0.964355,-0.103151,-0.085999,-1.354310,-0.265739,-0.147754,-1.104109,-0.284112,-0.137436,-0.860412,-0.244420,0.162805,-0.871971,-0.213193,0.111523,-1.203446,-0.303872,0.022022,-1.068664,-0.306941,0.003480,-0.877808,-0.281034
ONE_FINGER,-0.000000,0.000000,0.000000,-0.242974,-0.142709,-0.066562,-0.443953,-0.417182,-0.135658,-0.503935,-0.711000,-0.230913,-0.386887,-0.891728,-0.321927,-0.359542,-0.948132,0.057131,-0.427011,-1.362982,-0.033986,-0.475919,-1.597853,-0.099741,-0.483207,-1.792522,-0.144536,-0.191174,-0.981556,-0.011977,-0.274511,-1.382808,-0.162548,-0.313475,-1.101774,-0.203486,-0.297307,-0.862157,-0.178732,-0.022666,-0.962978,-0.108154,-0.091199,-1.353695,-0.273319,-0.151608,-1.101844,-0.290534,-0.141468,-0.862436,-0.249631,0.157021,-0.867867,-0.219929,0.104951,-1.199361,-0.311897,0.014490,-1.062888,-0.314309,-0.005044,-0.872884,-0.287783
ONE_FINGER,-0.000000,0.000000,0.000000,-0.247790,-0.145981,-0.063492,-0.448884,-0.426369,-0.129349,-0.507483,-0.721269,-0.222295,-0.390218,-0.901032,-0.311190,-0.358778,-0.949824,0.066043,-0.426582,-1.369909,-0.021278,-0.477730,-1.604944,-0.084439,-0.485379,-1.798916,-0.127682,-0.190531,-0.981681,-0.004126,-0.276426,-1.391317,-0.151371,-0.318963,-1.112995,-0.192347,-0.302746,-0.870944,-0.167766,-0.022169,-0.962770,-0.101327,-0.093716,-1.356887,-0.263288,-0.156725,-1.104252,-0.281522,-0.145837,-0.862549,-0.241701,0.157557,-0.867981,-0.214094,0.102817,-1.201029,-0.304694,0.009643,-1.064925,-0.307873,-0.010287,-0.874616,-0.281979
ONE_FINGER,-0.000000,0.000000,0.000000,-0.246671,-0.144224,-0.072289,-0.448827,-0.425743,-0.143892,-0.502364,-0.720922,-0.241410,-0.383014,-0.898239,-0.334781,-0.356414,-0.952426,0.052549,-0.421543,-1.369240,-0.040374,-0.471459,-1.602930,-0.106351,-0.479511,-1.796034,-0.150663,-0.186414,-0.982471,-0.015091,-0.268339,-1.386589,-0.166048,-0.310931,-1.108488,-0.207473,-0.297536,-0.870020,-0.183014,-0.017811,-0.960438,-0.110601,-0.085966,-1.348086,-0.274955,-0.149226,-1.095697,-0.291401,-0.140780,-0.854823,-0.250210,0.160645,-0.864743,-0.222748,0.109941,-1.193938,-0.314306,0.018144,-1.058255,-0.316265,-0.003444,-0.870462,-0.289329
ONE_FINGER,-0.000000,0.000000,0.000000,-0.246410,-0.143653,-0.075994,-0.447581,-0.425982,-0.148099,-0.501485,-0.723886,-0.245237,-0.380120,-0.902534,-0.338479,-0.360027,-0.951861,0.049278,-0.426768,-1.367716,-0.043688,-0.475468,-1.603696,-0.111164,-0.482489,-1.797033,-0.156711,-0.189331,-0.981913,-0.016311,-0.265995,-1.389531,-0.167596,-0.309320,-1.115454,-0.212937,-0.298382,-0.873609,-0.191941,-0.019677,-0.960040,-0.109680,-0.084640,-1.348112,-0.274729,-0.148996,-1.098589,-0.296474,-0.142828,-0.851770,-0.259283,0.159816,-0.865295,-0.219833,0.112235,-1.194240,-0.312743,0.018541,-1.063820,-0.318674,-0.006197,-0.874688,-0.295021
ONE_FINGER,-0.000000,0.000000,0.000000,-0.243583,-0.139062,-0.068880,-0.445497,-0.425573,-0.136766,-0.502928,-0.720191,-0.230500,-0.383125,-0.884779,-0.321161,-0.356856,-0.951897,0.052091,-0.421708,-1.367460,-0.039381,-0.469752,-1.602371,-0.106006,-0.475192,-1.794673,-0.150891,-0.185273,-0.982687,-0.016051,-0.264943,-1.385810,-0.163952,-0.309271,-1.109200,-0.206603,-0.296810,-0.866035,-0.184363,-0.015067,-0.959714,-0.111200,-0.079255,-1.351173,-0.272067,-0.145722,-1.106852,-0.291618,-0.140965,-0.860521,-0.254201,0.164042,-0.863833,-0.222717,0.118366,-1.194125,-0.312454,0.023565,-1.064214,-0.316385,-0.002887,-0.875567,-0.292094
ONE_FINGER,-0.000000,0.000000,0.000000,-0.242730,-0.135883,-0.071254,-0.442986,-0.422397,-0.140095,-0.499974,-0.719246,-0.234688,-0.382904,-0.890896,-0.326466,-0.352997,-0.951545,0.052757,-0.417809,-1.367962,-0.038972,-0.465430,-1.606058,-0.106663,-0.470546,-1.799983,-0.152361,-0.179827,-0.983698,-0.014211,-0.256967,-1.391934,-0.163593,-0.303886,-1.118762,-0.209189,-0.293491,-0.871792,-0.188805,-0.009378,-0.961839,-0.108331,-0.074580,-1.354068,-0.271201,-0.142386,-1.109068,-0.293323,-0.137679,-0.858763,-0.257244,0.170029,-0.867417,-0.218927,0.121976,-1.198212,-0.311080,0.026506,-1.069268,-0.317139,0.000890,-0.878470,-0.294091
ONE_FINGER,-0.000000,0.000000,0.000000,-0.241448,-0.136935,-0.081766,-0.441018,-0.416290,-0.156470,-0.495909,-0.714850,-0.254344,-0.373485,-0.896222,-0.348265,-0.355845,-0.949179,0.036288,-0.423060,-1.366836,-0.059167,-0.471851,-1.603879,-0.127144,-0.478820,-1.798625,-0.172433,-0.184470,-0.982838,-0.025648,-0.259141,-1.392489,-0.178204,-0.302119,-1.116698,-0.221670,-0.290533,-0.872681,-0.199413,-0.014194,-0.961627,-0.115315,-0.076535,-1.353422,-0.281742,-0.140311,-1.106254,-0.302291,-0.133993,-0.859144,-0.264102,0.166780,-0.866549,-0.222039,0.122833,-1.197910,-0.316393,0.031034,-1.071576,-0.322691,0.006864,-0.885246,-0.299078
ONE_FINGER,-0.000000,0.000000,0.000000,-0.237979,-0.136650,-0.076044,-0.439487,-0.424159,-0.148348,-0.496955,-0.722220,-0.244465,-0.375462,-0.896790,-0.337828,-0.350734,-0.952219,0.031724,-0.418319,-1.372579,-0.065310,-0.466101,-1.610541,-0.133959,-0.471975,-1.802693,-0.179423,-0.177228,-0.984170,-0.033067,-0.255580,-1.393973,-0.187703,-0.300446,-1.115820,-0.230771,-0.288474,-0.867632,-0.207989,-0.005514,-0.960653,-0.124370,-0.069622,-1.358426,-0.290626,-0.137059,-1.115919,-0.310430,-0.132595,-0.865122,-0.272327,0.176392,-0.862781,-0.232240,0.132749,-1.198660,-0.326060,0.037454,-1.078540,-0.331852,0.010929,-0.893415,-0.308310
ONE_FINGER,-0.000000,0.000000,0.000000,-0.238162,-0.140992,-0.069999,-0.442813,-0.425279,-0.140915,-0.509256,-0.716622,-0.237204,-0.392690,-0.884077,-0.330841,-0.353575,-0.949539,0.038101,-0.422622,-1.370321,-0.057547,-0.471444,-1.610095,-0.126527,-0.478766,-1.804611,-0.172778,-0.182338,-0.983236,-0.029172,-0.264344,-1.390087,-0.184670,-0.305780,-1.108131,-0.226977,-0.289831,-0.855901,-0.202998,-0.011473,-0.963083,-0.122299,-0.080675,-1.356322,-0.288102,-0.142924,-1.109907,-0.305440,-0.134180,-0.862151,-0.265491,0.170191,-0.867140,-0.231555,0.122223,-1.202706,-0.323778,0.030008,-1.076585,-0.327272,0.007915,-0.890059,-0.302167
ONE_FINGER,-0.000000,0.000000,0.000000,-0.238309,-0.139414,-0.078211,-0.437199,-0.416134,-0.153558,-0.501218,-0.709161,-0.254060,-0.393786,-0.901097,-0.351458,-0.355628,-0.951345,0.043990,-0.421619,-1.369206,-0.052183,-0.471514,-1.606948,-0.123085,-0.479442,-1.801914,-0.171024,-0.185947,-0.982560,-0.021386,-0.265570,-1.393374,-0.177994,-0.313309,-1.115882,-0.226432,-0.302804,-0.867036,-0.206721,-0.016758,-0.962790,-0.114499,-0.082244,-1.355076,-0.283800,-0.149706,-1.104047,-0.307289,-0.144259,-0.854943,-0.270945,0.164979,-0.868631,-0.224228,0.117870,-1.203656,-0.321252,0.024028,-1.072750,-0.329138,0.000720,-0.882731,-0.306578
ONE_FINGER,-0.000000,0.000000,0.000000,-0.239895,-0.136477,-0.075725,-0.439293,-0.416362,-0.147236,-0.499656,-0.714246,-0.243822,-0.388551,-0.905359,-0.337052,-0.352372,-0.949329,0.048540,-0.419980,-1.375378,-0.044263,-0.470807,-1.614542,-0.112225,-0.479653,-1.811037,-0.158273,-0.183798,-0.982964,-0.016057,-0.266444,-1.399657,-0.170098,-0.311704,-1.121618,-0.216605,-0.298147,-0.870209,-0.195413,-0.014907,-0.964630,-0.108069,-0.082417,-1.364275,-0.275325,-0.147098,-1.114094,-0.298871,-0.139515,-0.863980,-0.262285,0.167420,-0.871633,-0.216544,0.121900,-1.210354,-0.312395,0.027924,-1.084417,-0.321308,0.002720,-0.897776,-0.299385
ONE_FINGER,-0.000000,0.000000,0.000000,-0.239418,-0.137092,-0.067944,-0.441030,-0.421063,-0.134643,-0.499905,-0.716920,-0.227728,-0.384805,-0.893672,-0.318186,-0.353397,-0.949040,0.054659,-0.420962,-1.368458,-0.036980,-0.469184,-1.605600,-0.105294,-0.477614,-1.799121,-0.151601,-0.182929,-0.983126,-0.013106,-0.267484,-1.388646,-0.165096,-0.307217,-1.108135,-0.210533,-0.291774,-0.857470,-0.189041,-0.011951,-0.964063,-0.107470,-0.081759,-1.359854,-0.271335,-0.143153,-1.113688,-0.292118,-0.135365,-0.863051,-0.254662,0.171311,-0.870683,-0.218045,0.124727,-1.205687,-0.310135,0.032584,-1.080344,-0.315803,0.008083,-0.892990,-0.292289
ONE_FINGER,-0.000000,0.000000,0.000000,-0.241053,-0.137826,-0.068118,-0.441549,-0.423971,-0.133525,-0.503095,-0.723279,-0.224932,-0.394186,-0.907595,-0.313271,-0.356854,-0.947373,0.057788,-0.424166,-1.368312,-0.031157,-0.476210,-1.607611,-0.097780,-0.487802,-1.806594,-0.143393,-0.189403,-0.981899,-0.008808,-0.276410,-1.391550,-0.156669,-0.319978,-1.114657,-0.201048,-0.305528,-0.867897,-0.179875,-0.020149,-0.964074,-0.102305,-0.089830,-1.358241,-0.263263,-0.153277,-1.114145,-0.284632,-0.145157,-0.868185,-0.248159,0.161220,-0.872901,-0.211898,0.115493,-1.206282,-0.303450,0.021066,-1.083737,-0.310480,-0.005068,-0.901185,-0.288166
ONE_FINGER,-0.000000,0.000000,0.000000,-0.245661,-0.141190,-0.066602,-0.448597,-0.434638,-0.130082,-0.502557,-0.738062,-0.220539,-0.391408,-0.909850,-0.308142,-0.361626,-0.946256,0.062540,-0.429330,-1.353051,-0.027701,-0.475331,-1.586898,-0.095618,-0.485562,-1.782874,-0.141049,-0.192844,-0.981229,-0.004029,-0.279849,-1.371071,-0.152653,-0.311106,-1.092975,-0.196578,-0.292997,-0.851770,-0.174207,-0.023576,-0.963079,-0.097484,-0.096333,-1.341890,-0.257621,-0.148957,-1.094968,-0.272399,-0.136261,-0.848700,-0.230857,0.156359,-0.874435,-0.207812,0.109951,-1.200069,-0.295209,0.022873,-1.070887,-0.295128,0.000363,-0.886396,-0.267633
ONE_FINGER,-0.000000,0.000000,0.000000,-0.249089,-0.148257,-0.066428,-0.449057,-0.434568,-0.128467,-0.508041,-0.736268,-0.216233,-0.393542,-0.910575,-0.300687,-0.363874,-0.947468,0.065630,-0.437093,-1.359161,-0.018932,-0.487637,-1.598254,-0.083859,-0.497791,-1.797178,-0.129107,-0.195194,-0.980765,-0.000251,-0.277463,-1.379499,-0.144608,-0.315200,-1.103386,-0.189296,-0.299823,-0.858463,-0.169056,-0.024746,-0.960739,-0.092607,-0.092388,-1.344531,-0.252476,-0.152550,-1.096112,-0.275530,-0.144111,-0.847637,-0.240058,0.156375,-0.866631,-0.200755,0.110101,-1.189659,-0.290632,0.013819,-1.060443,-0.297444,-0.014532,-0.873710,-0.275232
ONE_FINGER,-0.000000,0.000000,0.000000,-0.255297,-0.153769,-0.057707,-0.458357,-0.447643,-0.114722,-0.504632,-0.759440,-0.198914,-0.378465,-0.937798,-0.279396,-0.369549,-0.944717,0.072894,-0.443218,-1.359063,-0.009706,-0.495016,-1.602273,-0.070128,-0.510675,-1.808684,-0.112156,-0.200272,-0.979740,0.003713,-0.289972,-1.381316,-0.139476,-0.322767,-1.102811,-0.175726,-0.304109,-0.862365,-0.148456,-0.030155,-0.961071,-0.091569,-0.107391,-1.344166,-0.251375,-0.162559,-1.086846,-0.264782,-0.148706,-0.841489,-0.221181,0.152097,-0.865918,-0.202232,0.098201,-1.185579,-0.290876,0.006603,-1.049006,-0.291289,-0.014610,-0.863616,-0.263271
ONE_FINGER,-0.000000,0.000000,0.000000,-0.255881,-0.177207,-0.051980,-0.454832,-0.463515,-0.105752,-0.482917,-0.768491,-0.188876,-0.342478,-0.919464,-0.266246,-0.360831,-0.952205,0.090157,-0.437336,-1.348648,0.006765,-0.485997,-1.584332,-0.054948,-0.503115,-1.789764,-0.098185,-0.188890,-0.981998,0.017707,-0.280512,-1.353231,-0.132370,-0.300474,-1.047547,-0.169748,-0.277357,-0.811853,-0.139401,-0.016840,-0.963144,-0.081386,-0.097479,-1.317784,-0.249622,-0.145703,-1.032432,-0.261149,-0.127169,-0.791552,-0.211075,0.166781,-0.865367,-0.195618,0.114240,-1.180468,-0.286650,0.024941,-1.032025,-0.284462,0.006810,-0.849820,-0.252045
ONE_FINGER,-0.000000,0.000000,0.000000,-0.254589,-0.173986,-0.049993,-0.444289,-0.448004,-0.119499,-0.485514,-0.735010,-0.218915,-0.393961,-0.915035,-0.312184,-0.374453,-0.953723,0.070454,-0.440940,-1.324983,-0.031250,-0.486788,-1.548183,-0.098506,-0.505516,-1.754318,-0.142851,-0.198797,-0.980041,-0.006684,-0.273761,-1.305631,-0.175768,-0.271053,-0.953865,-0.200956,-0.242387,-0.735948,-0.155753,-0.022311,-0.956047,-0.111746,-0.095446,-1.271852,-0.292390,-0.120253,-0.965967,-0.286290,-0.095208,-0.775431,-0.221627,0.161088,-0.854060,-0.231414,0.103034,-1.104368,-0.323132,0.042711,-0.924346,-0.308495,0.043411,-0.781095,-0.265881
ONE_FINGER,-0.000000,0.000000,0.000000,-0.257433,-0.178188,-0.066882,-0.445316,-0.421893,-0.146411,-0.520976,-0.698957,-0.251196,-0.455363,-0.912774,-0.347022,-0.395765,-0.942214,0.068722,-0.455855,-1.279540,-0.032299,-0.499173,-1.485753,-0.096823,-0.517335,-1.684790,-0.138740,-0.225690,-0.974199,-0.001575,-0.301867,-1.296647,-0.161866,-0.290926,-0.964383,-0.186237,-0.265274,-0.785553,-0.143248,-0.053937,-0.955024,-0.102915,-0.125751,-1.253396,-0.274404,-0.139924,-0.970887,-0.273038,-0.113324,-0.828368,-0.214625,0.120585,-0.856306,-0.219389,0.057565,-1.071247,-0.304181,0.012500,-0.897543,-0.292996,0.023496,-0.778310,-0.254754
ONE_FINGER,-0.000000,0.000000,0.000000,-0.268481,-0.175708,-0.062200,-0.463478,-0.418277,-0.139883,-0.542084,-0.696818,-0.242657,-0.475846,-0.916273,-0.335437,-0.395957,-0.940295,0.069667,-0.447418,-1.278125,-0.035455,-0.492437,-1.477859,-0.095820,-0.514756,-1.671041,-0.132303,-0.224178,-0.974548,-0.001491,-0.293177,-1.297629,-0.163279,-0.282602,-0.951823,-0.178109,-0.257674,-0.784045,-0.125514,-0.052046,-0.956653,-0.105008,-0.122117,-1.246847,-0.279433,-0.134041,-0.947146,-0.268467,-0.104937,-0.817360,-0.200791,0.127511,-0.863710,-0.223325,0.063101,-1.083023,-0.309280,0.020605,-0.899042,-0.293115,0.034588,-0.788668,-0.249154
ONE_FINGER,-0.000000,0.000000,0.000000,-0.261878,-0.173960,-0.051354,-0.456966,-0.413109,-0.130006,-0.533618,-0.691103,-0.234432,-0.458065,-0.915190,-0.328799,-0.381530,-0.942839,0.056480,-0.429254,-1.279685,-0.054117,-0.479114,-1.476577,-0.112789,-0.506644,-1.664317,-0.146870,-0.209681,-0.977770,-0.020390,-0.279869,-1.297271,-0.187107,-0.269839,-0.932847,-0.191514,-0.239846,-0.763334,-0.130014,-0.039287,-0.957434,-0.128031,-0.112814,-1.243311,-0.305850,-0.126883,-0.934684,-0.283719,-0.091492,-0.812109,-0.207798,0.139138,-0.858361,-0.249355,0.070752,-1.074681,-0.335019,0.027023,-0.886198,-0.311946,0.048087,-0.781337,-0.262684
ONE_FINGER,-0.000000,0.000000,0.000000,-0.261743,-0.170996,-0.054643,-0.459293,-0.414386,-0.134537,-0.525497,-0.700639,-0.240555,-0.436427,-0.912044,-0.336202,-0.381295,-0.946882,0.058885,-0.433921,-1.291604,-0.051880,-0.472581,-1.503448,-0.112643,-0.489987,-1.707043,-0.149410,-0.206699,-0.978405,-0.018002,-0.279304,-1.288925,-0.188536,-0.268787,-0.915953,-0.195488,-0.242716,-0.749678,-0.133629,-0.038156,-0.956644,-0.125441,-0.107548,-1.244369,-0.307307,-0.121162,-0.922776,-0.284194,-0.091744,-0.791986,-0.205338,0.135497,-0.856596,-0.247008,0.070612,-1.085541,-0.333165,0.028686,-0.887596,-0.307503,0.046092,-0.771987,-0.255106
ONE_FINGER,-0.000000,0.000000,0.000000,-0.253847,-0.177321,-0.061910,-0.449568,-0.428374,-0.142491,-0.507706,-0.709638,-0.247326,-0.400086,-0.894756,-0.342326,-0.375305,-0.955516,0.043445,-0.426748,-1.319194,-0.066085,-0.467576,-1.542584,-0.128238,-0.485562,-1.751420,-0.166298,-0.202486,-0.979285,-0.028576,-0.271455,-1.308145,-0.195099,-0.266155,-0.950432,-0.202783,-0.243497,-0.771762,-0.143792,-0.035619,-0.950413,-0.130490,-0.097386,-1.255516,-0.307318,-0.120336,-0.957008,-0.289076,-0.100538,-0.811364,-0.215204,0.134318,-0.842931,-0.247431,0.077260,-1.074470,-0.330009,0.026391,-0.899154,-0.308648,0.032682,-0.780611,-0.260986
ONE_FINGER,-0.000000,0.000000,0.000000,-0.258819,-0.173613,-0.072217,-0.456655,-0.422796,-0.154123,-0.512531,-0.711300,-0.259157,-0.405974,-0.896348,-0.354282,-0.378304,-0.953334,0.041430,-0.431163,-1.325787,-0.072316,-0.461160,-1.558775,-0.140028,-0.471441,-1.779320,-0.182623,-0.204595,-0.978847,-0.026299,-0.265633,-1.297413,-0.202264,-0.254404,-0.937387,-0.219073,-0.232885,-0.762877,-0.164651,-0.035442,-0.951674,-0.124724,-0.089543,-1.242461,-0.310239,-0.105774,-0.933461,-0.299449,-0.087883,-0.789562,-0.228466,0.136416,-0.847887,-0.239137,0.089948,-1.068824,-0.328569,0.044128,-0.887754,-0.313267,0.047255,-0.773089,-0.268564
ONE_FINGER,-0.000000,0.000000,0.000000,-0.259161,-0.182496,-0.062587,-0.456150,-0.441213,-0.137109,-0.502822,-0.736273,-0.236356,-0.377532,-0.896067,-0.325018,-0.368399,-0.959976,0.060529,-0.419732,-1.345076,-0.046459,-0.445846,-1.586442,-0.114257,-0.450877,-1.812517,-0.159119,-0.192845,-0.981229,-0.010786,-0.253056,-1.275100,-0.181524,-0.244191,-0.913735,-0.202699,-0.223927,-0.744321,-0.152128,-0.022392,-0.950094,-0.111139,-0.075289,-1.223431,-0.293119,-0.092404,-0.912961,-0.284264,-0.077512,-0.769343,-0.214836,0.148318,-0.844613,-0.226667,0.099012,-1.069201,-0.312000,0.054119,-0.889620,-0.294059,0.059497,-0.771918,-0.248070
ONE_FINGER,-0.000000,0.000000,0.000000,-0.254385,-0.179377,-0.063334,-0.444976,-0.439492,-0.143910,-0.492171,-0.736768,-0.249629,-0.383910,-0.918294,-0.345209,-0.362323,-0.960325,0.050436,-0.414018,-1.345874,-0.060231,-0.439802,-1.586157,-0.127750,-0.442165,-1.811669,-0.172256,-0.188930,-0.981991,-0.022759,-0.248751,-1.278319,-0.195728,-0.241520,-0.916765,-0.213372,-0.217671,-0.755426,-0.160680,-0.020552,-0.951928,-0.125296,-0.076289,-1.232030,-0.309780,-0.094897,-0.921112,-0.298655,-0.073633,-0.786502,-0.228393,0.150263,-0.847297,-0.242445,0.096522,-1.074142,-0.331005,0.051063,-0.890183,-0.312472,0.062191,-0.775133,-0.266086
ONE_FINGER,-0.000000,0.000000,0.000000,-0.258310,-0.185230,-0.063083,-0.448645,-0.437008,-0.145105,-0.490754,-0.731653,-0.252021,-0.370141,-0.901744,-0.346685,-0.362600,-0.959745,0.053366,-0.410913,-1.338188,-0.059670,-0.431040,-1.572844,-0.125835,-0.428419,-1.799002,-0.169174,-0.186616,-0.982433,-0.020738,-0.249062,-1.261764,-0.196091,-0.238563,-0.886478,-0.210528,-0.212865,-0.747179,-0.153865,-0.018418,-0.952779,-0.125083,-0.075941,-1.218598,-0.311959,-0.091187,-0.892767,-0.297222,-0.067069,-0.776116,-0.222726,0.151469,-0.848704,-0.243848,0.094948,-1.064690,-0.330177,0.053724,-0.871290,-0.308660,0.070181,-0.766691,-0.259485
ONE_FINGER,-0.000000,0.000000,0.000000,-0.253392,-0.187974,-0.068198,-0.437581,-0.432741,-0.155775,-0.490237,-0.724559,-0.266702,-0.385605,-0.911168,-0.365525,-0.364020,-0.963982,0.035335,-0.416003,-1.357204,-0.083446,-0.435930,-1.602919,-0.149286,-0.428147,-1.833652,-0.191207,-0.189191,-0.981940,-0.038759,-0.243841,-1.288553,-0.221662,-0.239196,-0.915038,-0.231702,-0.220490,-0.766208,-0.170166,-0.020976,-0.949007,-0.143011,-0.068570,-1.237034,-0.338569,-0.089211,-0.912195,-0.317441,-0.073015,-0.784075,-0.236364,0.149974,-0.841451,-0.261567,0.101669,-1.083887,-0.357651,0.054332,-0.894080,-0.333595,0.062143,-0.777702,-0.279825
ONE_FINGER,-0.000000,0.000000,0.000000,-0.255391,-0.195547,-0.065377,-0.444326,-0.448727,-0.147934,-0.479847,-0.745385,-0.255074,-0.353237,-0.911121,-0.350139,-0.362013,-0.964078,0.048258,-0.408726,-1.360972,-0.067166,-0.416757,-1.604517,-0.134729,-0.400797,-1.833805,-0.178953,-0.182183,-0.983265,-0.026075,-0.233982,-1.269923,-0.209255,-0.222396,-0.893634,-0.227463,-0.205584,-0.743942,-0.171214,-0.009941,-0.950358,-0.129535,-0.054438,-1.228849,-0.323268,-0.068247,-0.898576,-0.306002,-0.054917,-0.761355,-0.227402,0.164110,-0.843071,-0.247791,0.119844,-1.077095,-0.339312,0.079049,-0.886650,-0.315413,0.084694,-0.769216,-0.262584
ONE_FINGER,-0.000000,0.000000,0.000000,-0.256144,-0.180933,-0.066355,-0.449565,-0.432006,-0.145416,-0.492306,-0.739752,-0.246518,-0.366386,-0.917609,-0.333496,-0.368404,-0.967188,0.048271,-0.422136,-1.368425,-0.065504,-0.429815,-1.611976,-0.125444,-0.411451,-1.839266,-0.163067,-0.187973,-0.982174,-0.023527,-0.239869,-1.260839,-0.203400,-0.232304,-0.876556,-0.209816,-0.221457,-0.743166,-0.143372,-0.015976,-0.948337,-0.125202,-0.061907,-1.217175,-0.318650,-0.078744,-0.878388,-0.287397,-0.070686,-0.751321,-0.197044,0.155978,-0.848415,-0.241707,0.112155,-1.088330,-0.332392,0.069780,-0.883679,-0.298567,0.072140,-0.762086,-0.235853
ONE_FINGER,-0.000000,0.000000,0.000000,-0.254291,-0.188774,-0.065453,-0.443402,-0.443708,-0.141332,-0.481777,-0.743590,-0.240007,-0.356968,-0.910635,-0.325653,-0.359264,-0.971974,0.055647,-0.411482,-1.375761,-0.055522,-0.422458,-1.623819,-0.118333,-0.406963,-1.853404,-0.158611,-0.179045,-0.983841,-0.015091,-0.223091,-1.267023,-0.194534,-0.217627,-0.886672,-0.207454,-0.207805,-0.738288,-0.146008,-0.004608,-0.946504,-0.115407,-0.040356,-1.212291,-0.308026,-0.059701,-0.877567,-0.285073,-0.056490,-0.743618,-0.200851,0.170541,-0.843874,-0.230718,0.134413,-1.077858,-0.322544,0.090749,-0.880341,-0.294955,0.088159,-0.761034,-0.237377
ONE_FINGER,-0.000000,0.000000,0.000000,-0.252014,-0.168191,-0.072345,-0.443979,-0.424879,-0.160661,-0.478834,-0.726671,-0.272391,-0.358787,-0.903357,-0.372702,-0.365976,-0.966302,0.027694,-0.421832,-1.372741,-0.095334,-0.434913,-1.621284,-0.165027,-0.421904,-1.851725,-0.209314,-0.183358,-0.983046,-0.045223,-0.233987,-1.261958,-0.233312,-0.226290,-0.875156,-0.246218,-0.210975,-0.724961,-0.185346,-0.008570,-0.947650,-0.147453,-0.056996,-1.215309,-0.344671,-0.072723,-0.877001,-0.316714,-0.060856,-0.738652,-0.231223,0.167202,-0.847464,-0.265557,0.119443,-1.081009,-0.360258,0.077766,-0.877093,-0.328817,0.081953,-0.755581,-0.269538
ONE_FINGER,-0.000000,0.000000,0.000000,-0.256546,-0.173139,-0.060083,-0.458079,-0.430682,-0.139447,-0.498092,-0.733417,-0.243473,-0.361660,-0.896711,-0.336579,-0.372464,-0.964875,0.041939,-0.431713,-1.373020,-0.073089,-0.446783,-1.626749,-0.140924,-0.434758,-1.856847,-0.184929,-0.191206,-0.981550,-0.033821,-0.244174,-1.264299,-0.217415,-0.237478,-0.886205,-0.232760,-0.220785,-0.713726,-0.174210,-0.015516,-0.944169,-0.136633,-0.064669,-1.216044,-0.329411,-0.081236,-0.883656,-0.304558,-0.069944,-0.726775,-0.221231,0.160626,-0.839091,-0.254513,0.114572,-1.071937,-0.345359,0.071375,-0.873676,-0.314820,0.074230,-0.743525,-0.256699
ONE_FINGER,-0.000000,0.000000,0.000000,-0.258683,-0.175608,-0.064248,-0.460626,-0.430942,-0.143253,-0.493110,-0.735095,-0.245955,-0.348664,-0.897731,-0.336871,-0.371083,-0.964427,0.043400,-0.426143,-1.375338,-0.072806,-0.438009,-1.629687,-0.141366,-0.424765,-1.863398,-0.185909,-0.188974,-0.981982,-0.029824,-0.243119,-1.255256,-0.214457,-0.235055,-0.871404,-0.230522,-0.219659,-0.709254,-0.171645,-0.012797,-0.945325,-0.131156,-0.057845,-1.210069,-0.325423,-0.074850,-0.873761,-0.302216,-0.065922,-0.724148,-0.218902,0.164182,-0.841257,-0.247911,0.124361,-1.067009,-0.338472,0.081888,-0.868223,-0.309488,0.082308,-0.744995,-0.252150
ONE_FINGER,-0.000000,0.000000,0.000000,-0.259358,-0.179499,-0.066069,-0.459093,-0.441073,-0.144446,-0.489080,-0.747463,-0.247123,-0.348584,-0.912876,-0.338988,-0.367060,-0.965453,0.046571,-0.426398,-1.378795,-0.068288,-0.440002,-1.633479,-0.137543,-0.429589,-1.866729,-0.182677,-0.185425,-0.982658,-0.025792,-0.236762,-1.266653,-0.210035,-0.230115,-0.890810,-0.229389,-0.216539,-0.724308,-0.173200,-0.010290,-0.948374,-0.126235,-0.056571,-1.221164,-0.320243,-0.072927,-0.889366,-0.298717,-0.064645,-0.734237,-0.217110,0.168103,-0.848653,-0.242457,0.125605,-1.089907,-0.335333,0.084123,-0.893171,-0.307165,0.084887,-0.760595,-0.250362
ONE_FINGER,-0.000000,0.000000,0.000000,-0.243248,-0.159080,-0.114078,-0.427786,-0.422945,-0.206361,-0.474098,-0.765625,-0.311824,-0.385035,-1.043829,-0.401927,-0.382985,-0.973933,0.038771,-0.448140,-1.390687,-0.082881,-0.458093,-1.644698,-0.149912,-0.443947,-1.884902,-0.192891,-0.200986,-0.979594,-0.011198,-0.256966,-1.241906,-0.205347,-0.235159,-0.826757,-0.222665,-0.226595,-0.699748,-0.157567,-0.026882,-0.950317,-0.097595,-0.084920,-1.194158,-0.312296,-0.090531,-0.824769,-0.292302,-0.079598,-0.709560,-0.202446,0.150935,-0.871484,-0.201522,0.099267,-1.095003,-0.313227,0.062456,-0.864848,-0.289976,0.068274,-0.747745,-0.228931
ONE_FINGER,-0.000000,0.000000,0.000000,-0.251199,-0.138348,-0.091846,-0.456515,-0.432920,-0.181273,-0.490778,-0.799964,-0.292710,-0.411642,-1.092968,-0.393018,-0.390084,-0.965967,0.052534,-0.470849,-1.395909,-0.072020,-0.495872,-1.646598,-0.153145,-0.504858,-1.887777,-0.208900,-0.208096,-0.978108,-0.010202,-0.305958,-1.179699,-0.208012,-0.279122,-0.762027,-0.244586,-0.241973,-0.635352,-0.196711,-0.035363,-0.951795,-0.105879,-0.127371,-1.129602,-0.315708,-0.120522,-0.736232,-0.304039,-0.084339,-0.626854,-0.227184,0.153197,-0.888052,-0.218566,0.062066,-1.086938,-0.326131,0.037706,-0.821415,-0.302788,0.065295,-0.696959,-0.246925
ONE_FINGER,-0.000000,0.000000,0.000000,-0.255100,-0.145663,-0.080241,-0.463096,-0.447671,-0.170005,-0.493434,-0.818320,-0.285707,-0.417471,-1.133803,-0.392716,-0.387527,-0.964687,0.056316,-0.476346,-1.399097,-0.070194,-0.521436,-1.651137,-0.158560,-0.551366,-1.894624,-0.220555,-0.207114,-0.978317,-0.013186,-0.314920,-1.189377,-0.215495,-0.285066,-0.773071,-0.260606,-0.231366,-0.625952,-0.220275,-0.033472,-0.956262,-0.114066,-0.136765,-1.121158,-0.324246,-0.126694,-0.722937,-0.319116,-0.074276,-0.611579,-0.249484,0.160338,-0.896832,-0.231142,0.054358,-1.093758,-0.340604,0.027202,-0.819562,-0.321754,0.064723,-0.692765,-0.271377
ONE_FINGER,-0.000000,0.000000,0.000000,-0.261653,-0.149129,-0.056315,-0.467137,-0.480108,-0.123424,-0.481941,-0.865178,-0.221987,-0.399843,-1.174862,-0.313944,-0.406654,-0.944856,0.099769,-0.510895,-1.359051,-0.011384,-0.570154,-1.603030,-0.090192,-0.615603,-1.835394,-0.143988,-0.231797,-0.972764,0.026106,-0.326729,-1.217894,-0.165336,-0.288989,-0.811596,-0.209620,-0.237801,-0.630594,-0.167623,-0.059223,-0.961052,-0.077538,-0.153306,-1.145962,-0.275736,-0.139052,-0.752166,-0.269946,-0.092373,-0.605614,-0.198705,0.132179,-0.908978,-0.196733,0.038454,-1.119645,-0.296094,0.015225,-0.862596,-0.276529,0.047003,-0.729113,-0.225677
ONE_FINGER,-0.000000,0.000000,0.000000,-0.278339,-0.153690,-0.043418,-0.476940,-0.494564,-0.093038,-0.447004,-0.879585,-0.177830,-0.324490,-1.154021,-0.255340,-0.420685,-0.933205,0.169968,-0.505039,-1.271970,0.089448,-0.553821,-1.492826,0.029295,-0.589615,-1.700291,-0.011473,-0.237516,-0.971384,0.095155,-0.326201,-1.244059,-0.056064,-0.303129,-0.875255,-0.096048,-0.263153,-0.673611,-0.054803,-0.065326,-0.966316,-0.011963,-0.146213,-1.170164,-0.177956,-0.144289,-0.796920,-0.177252,-0.101516,-0.630458,-0.111440,0.124066,-0.907877,-0.135085,0.033923,-1.138225,-0.215205,0.008617,-0.894009,-0.195527,0.043296,-0.740364,-0.145632
ONE_FINGER,-0.000000,0.000000,0.000000,-0.267485,-0.153988,-0.048247,-0.462993,-0.490993,-0.097295,-0.419995,-0.867426,-0.181741,-0.288236,-1.107296,-0.260419,-0.417188,-0.920371,0.162380,-0.509557,-1.255103,0.084779,-0.570670,-1.476058,0.020574,-0.623903,-1.674251,-0.024016,-0.236639,-0.971598,0.090241,-0.322250,-1.257629,-0.056583,-0.315801,-0.927797,-0.109274,-0.295818,-0.713618,-0.082169,-0.069341,-0.972073,-0.012776,-0.154502,-1.209607,-0.178237,-0.165135,-0.861966,-0.192312,-0.130021,-0.653905,-0.138366,0.119075,-0.906289,-0.131935,0.026120,-1.169087,-0.216267,-0.016663,-0.953577,-0.206389,0.004167,-0.770887,-0.165561
ONE_FINGER,-0.000000,0.000000,0.000000,-0.267013,-0.171191,-0.021927,-0.465946,-0.525052,-0.058356,-0.432273,-0.900516,-0.133851,-0.290240,-1.114837,-0.203238,-0.414256,-0.931316,0.176888,-0.512128,-1.273635,0.105767,-0.579270,-1.481268,0.052182,-0.634397,-1.665193,0.015764,-0.233183,-0.972433,0.094008,-0.328927,-1.272502,-0.047489,-0.321096,-0.925721,-0.087212,-0.297633,-0.708464,-0.049980,-0.067782,-0.962568,-0.016992,-0.156817,-1.210431,-0.174948,-0.171904,-0.854758,-0.173851,-0.139644,-0.645806,-0.109783,0.112787,-0.885494,-0.142381,0.011352,-1.156258,-0.218015,-0.032380,-0.935346,-0.197132,-0.011358,-0.749243,-0.148761
ONE_FINGER,-0.000000,0.000000,0.000000,-0.266994,-0.133467,-0.033541,-0.477507,-0.491722,-0.074472,-0.425424,-0.870406,-0.151577,-0.281079,-1.054143,-0.224989,-0.423473,-0.920122,0.143260,-0.530926,-1.267486,0.070920,-0.598491,-1.495356,0.013981,-0.649596,-1.686935,-0.026172,-0.237395,-0.971413,0.068370,-0.333166,-1.220383,-0.067565,-0.323061,-0.872166,-0.104952,-0.287012,-0.650540,-0.069515,-0.066785,-0.959764,-0.033073,-0.156342,-1.158421,-0.185058,-0.170348,-0.806220,-0.184868,-0.129562,-0.596916,-0.125323,0.116913,-0.882496,-0.149909,0.021492,-1.123595,-0.222712,-0.022960,-0.903224,-0.203125,0.000641,-0.726691,-0.157036
ONE_FINGER,-0.000000,0.000000,0.000000,-0.259827,-0.117315,-0.047658,-0.466211,-0.475884,-0.101523,-0.397566,-0.860762,-0.188252,-0.251812,-1.049533,-0.269833,-0.419982,-0.926496,0.114426,-0.520736,-1.288211,0.028265,-0.591418,-1.518394,-0.025072,-0.641630,-1.717469,-0.059193,-0.228860,-0.973459,0.043146,-0.322784,-1.226536,-0.100783,-0.308041,-0.837932,-0.117917,-0.257847,-0.630551,-0.062623,-0.058835,-0.952726,-0.058235,-0.132271,-1.145496,-0.221447,-0.148013,-0.762675,-0.204595,-0.102662,-0.581583,-0.128634,0.128721,-0.874885,-0.176081,0.040872,-1.110114,-0.256805,0.004296,-0.860110,-0.229172,0.036235,-0.701164,-0.172975
ONE_FINGER,-0.000000,0.000000,0.000000,-0.267349,-0.095788,-0.049617,-0.479824,-0.467436,-0.100787,-0.391936,-0.868117,-0.184619,-0.222822,-1.041246,-0.262576,-0.435825,-0.916527,0.122050,-0.534197,-1.278046,0.042805,-0.597957,-1.510483,-0.004781,-0.640117,-1.710629,-0.035106,-0.234951,-0.972007,0.053490,-0.330786,-1.212877,-0.082157,-0.308586,-0.819353,-0.095478,-0.256287,-0.608101,-0.037754,-0.058828,-0.951677,-0.045321,-0.128113,-1.128111,-0.203504,-0.141426,-0.736497,-0.186003,-0.101619,-0.544025,-0.108639,0.130375,-0.873824,-0.161178,0.042605,-1.094939,-0.235274,0.009333,-0.835251,-0.204965,0.034366,-0.670822,-0.146934
ONE_FINGER,-0.000000,0.000000,0.000000,-0.262092,-0.091693,-0.044699,-0.482197,-0.461131,-0.100714,-0.396815,-0.865425,-0.189961,-0.214824,-1.032565,-0.273669,-0.425591,-0.919003,0.105525,-0.520151,-1.295206,0.017560,-0.580743,-1.542884,-0.031935,-0.615337,-1.749660,-0.062964,-0.225239,-0.974304,0.030234,-0.328296,-1.219623,-0.116874,-0.305805,-0.812340,-0.124739,-0.242847,-0.588574,-0.060258,-0.048617,-0.953987,-0.073863,-0.125414,-1.147017,-0.244030,-0.136297,-0.741964,-0.218106,-0.087507,-0.536843,-0.132785,0.145278,-0.873380,-0.194465,0.048714,-1.107265,-0.276835,0.018426,-0.835688,-0.241103,0.053680,-0.659197,-0.177622
ONE_FINGER,-0.000000,0.000000,0.000000,-0.263598,-0.096143,-0.040189,-0.483151,-0.465977,-0.093527,-0.405746,-0.872337,-0.180963,-0.226367,-1.041144,-0.261712,-0.423675,-0.918110,0.117415,-0.525609,-1.304398,0.032216,-0.585626,-1.550174,-0.015148,-0.619646,-1.755683,-0.045335,-0.225218,-0.974308,0.040501,-0.334566,-1.225010,-0.107580,-0.309529,-0.824214,-0.116791,-0.249605,-0.610559,-0.052184,-0.050709,-0.955837,-0.064865,-0.132200,-1.163479,-0.236589,-0.139303,-0.759378,-0.211745,-0.090557,-0.553968,-0.124981,0.138834,-0.872355,-0.185867,0.041621,-1.114596,-0.266885,0.011079,-0.845093,-0.230507,0.044359,-0.667519,-0.165735
ONE_FINGER,-0.000000,0.000000,0.000000,-0.258590,-0.080367,-0.056374,-0.478414,-0.445870,-0.116696,-0.398312,-0.858720,-0.207685,-0.217495,-1.032206,-0.291711,-0.422882,-0.919951,0.097615,-0.518848,-1.301754,0.006237,-0.572681,-1.547476,-0.043297,-0.601981,-1.752710,-0.073957,-0.222920,-0.974837,0.026880,-0.326050,-1.207709,-0.125758,-0.295774,-0.801628,-0.133275,-0.237352,-0.589219,-0.066569,-0.048112,-0.951495,-0.073740,-0.122339,-1.149217,-0.250606,-0.127237,-0.747331,-0.222745,-0.084053,-0.544157,-0.132952,0.139387,-0.865417,-0.191544,0.049495,-1.098876,-0.276166,0.021981,-0.826394,-0.238492,0.050317,-0.650361,-0.171736
ONE_FINGER,-0.000000,0.000000,0.000000,-0.258707,-0.074489,-0.057421,-0.477978,-0.436597,-0.120684,-0.390469,-0.838791,-0.215559,-0.213418,-1.004203,-0.304798,-0.421323,-0.920042,0.086756,-0.510300,-1.301467,-0.009294,-0.561257,-1.550014,-0.063507,-0.585567,-1.757478,-0.097311,-0.219595,-0.975591,0.014599,-0.317577,-1.191456,-0.141069,-0.294643,-0.776405,-0.150104,-0.232399,-0.564676,-0.084958,-0.043951,-0.953967,-0.087219,-0.109262,-1.129315,-0.264526,-0.122730,-0.723160,-0.237601,-0.080390,-0.522435,-0.150615,0.144412,-0.876983,-0.206743,0.061139,-1.087511,-0.292034,0.029059,-0.814375,-0.255751,0.055360,-0.647098,-0.191052
ONE_FINGER,-0.000000,0.000000,0.000000,-0.256813,-0.085858,-0.051030,-0.477680,-0.430536,-0.108997,-0.398212,-0.816450,-0.199919,-0.217337,-0.979526,-0.285541,-0.425106,-0.917415,0.098173,-0.517829,-1.310155,0.011359,-0.568143,-1.560229,-0.043501,-0.591539,-1.767704,-0.079887,-0.230574,-0.973055,0.025581,-0.334555,-1.187637,-0.118713,-0.319083,-0.802936,-0.134703,-0.260320,-0.596229,-0.079597,-0.059041,-0.951191,-0.074919,-0.122636,-1.125026,-0.239571,-0.137745,-0.744608,-0.219682,-0.094807,-0.540094,-0.142086,0.126370,-0.873120,-0.192802,0.049577,-1.085606,-0.271060,0.015575,-0.832177,-0.238025,0.040220,-0.660015,-0.178457
ONE_FINGER,-0.000000,0.000000,0.000000,-0.248063,-0.055494,-0.071578,-0.471294,-0.406892,-0.135796,-0.394475,-0.809435,-0.228689,-0.218460,-0.972987,-0.316183,-0.419716,-0.913238,0.078867,-0.503282,-1.295072,-0.014309,-0.550466,-1.548043,-0.066101,-0.567613,-1.759065,-0.098068,-0.223399,-0.974727,0.014138,-0.321387,-1.181788,-0.133790,-0.300004,-0.777323,-0.140717,-0.235682,-0.570859,-0.075845,-0.051665,-0.954250,-0.081683,-0.114346,-1.112882,-0.253740,-0.124698,-0.718785,-0.229251,-0.078425,-0.523616,-0.144984,0.135135,-0.882302,-0.196851,0.060648,-1.072459,-0.281313,0.033851,-0.810629,-0.248675,0.063302,-0.652956,-0.186510
ONE_FINGER,-0.000000,0.000000,0.000000,-0.244407,-0.041420,-0.066937,-0.474707,-0.397668,-0.128943,-0.396705,-0.805485,-0.219747,-0.208759,-0.958257,-0.304948,-0.417870,-0.910076,0.074572,-0.503489,-1.296129,-0.018790,-0.554430,-1.554942,-0.069355,-0.572870,-1.767042,-0.100666,-0.220985,-0.975277,0.007829,-0.321342,-1.169163,-0.140257,-0.297060,-0.758499,-0.143327,-0.228047,-0.557965,-0.075364,-0.048254,-0.955755,-0.089030,-0.109018,-1.111009,-0.261282,-0.122361,-0.712104,-0.232583,-0.077641,-0.512287,-0.145153,0.138531,-0.885527,-0.204869,0.065347,-1.075068,-0.287022,0.034484,-0.811006,-0.251542,0.059640,-0.654083,-0.187599
ONE_FINGER,-0.000000,0.000000,0.000000,-0.246793,-0.046440,-0.066723,-0.474226,-0.412222,-0.131345,-0.391404,-0.823229,-0.225549,-0.208625,-0.987238,-0.313598,-0.415721,-0.915205,0.079549,-0.500927,-1.306975,-0.018944,-0.548424,-1.562585,-0.071010,-0.565095,-1.775322,-0.102851,-0.214925,-0.976630,0.010440,-0.319994,-1.178576,-0.145520,-0.301946,-0.764387,-0.150632,-0.238226,-0.570087,-0.081698,-0.040027,-0.957960,-0.089982,-0.106036,-1.115679,-0.271062,-0.120073,-0.699853,-0.242890,-0.074954,-0.503938,-0.152755,0.149595,-0.888431,-0.209029,0.066076,-1.077651,-0.297462,0.038580,-0.798724,-0.262012,0.070086,-0.640727,-0.196105
ONE_FINGER,-0.000000,0.000000,0.000000,-0.246383,-0.050729,-0.067964,-0.473588,-0.417135,-0.130162,-0.388009,-0.817732,-0.222286,-0.199612,-0.963233,-0.309889,-0.409279,-0.912962,0.078642,-0.491152,-1.296576,-0.018126,-0.535468,-1.556985,-0.074894,-0.550425,-1.772170,-0.110828,-0.213758,-0.976887,0.010841,-0.317272,-1.179192,-0.141879,-0.304272,-0.784078,-0.155274,-0.244033,-0.581348,-0.095344,-0.039286,-0.960539,-0.087490,-0.104578,-1.118374,-0.263469,-0.120779,-0.720309,-0.242950,-0.078268,-0.511396,-0.161334,0.151524,-0.891617,-0.204988,0.071480,-1.078508,-0.290974,0.037628,-0.814160,-0.260127,0.061540,-0.650044,-0.199939
ONE_FINGER,-0.000000,0.000000,0.000000,-0.242586,-0.055452,-0.080179,-0.473264,-0.402190,-0.152903,-0.396890,-0.795254,-0.253601,-0.209518,-0.946462,-0.349284,-0.410924,-0.915730,0.055404,-0.503490,-1.295567,-0.051295,-0.548986,-1.558407,-0.114254,-0.565954,-1.776646,-0.154037,-0.216540,-0.976274,-0.010714,-0.318655,-1.174102,-0.176774,-0.291117,-0.777143,-0.193253,-0.226998,-0.575539,-0.134056,-0.041636,-0.957262,-0.107641,-0.110022,-1.118058,-0.296414,-0.114552,-0.724134,-0.276338,-0.069531,-0.514533,-0.193102,0.150366,-0.881910,-0.224351,0.069912,-1.079352,-0.319768,0.036796,-0.818891,-0.289558,0.057104,-0.649661,-0.228397
ONE_FINGER,-0.000000,0.000000,0.000000,-0.242452,-0.055075,-0.079579,-0.472498,-0.401936,-0.148018,-0.391477,-0.793135,-0.243926,-0.195984,-0.935808,-0.335301,-0.409943,-0.912433,0.059582,-0.496200,-1.285804,-0.041354,-0.541171,-1.549450,-0.102417,-0.557046,-1.768458,-0.141100,-0.215373,-0.976532,-0.003572,-0.309500,-1.168086,-0.159918,-0.289325,-0.771251,-0.175311,-0.228129,-0.563293,-0.117322,-0.040476,-0.957822,-0.097256,-0.098068,-1.102964,-0.275625,-0.110831,-0.715634,-0.256592,-0.070439,-0.507432,-0.176666,0.151958,-0.885226,-0.211142,0.081965,-1.072771,-0.299614,0.045281,-0.819494,-0.270747,0.061878,-0.655862,-0.212102
ONE_FINGER,-0.000000,0.000000,0.000000,-0.240728,-0.048115,-0.076544,-0.471252,-0.392156,-0.149081,-0.388291,-0.780047,-0.249095,-0.190741,-0.918397,-0.344346,-0.413019,-0.913564,0.041350,-0.500614,-1.294866,-0.066574,-0.546378,-1.558537,-0.127290,-0.562063,-1.777353,-0.164786,-0.214451,-0.976735,-0.025672,-0.304263,-1.164742,-0.188755,-0.278340,-0.753501,-0.196372,-0.216608,-0.552190,-0.131417,-0.035658,-0.954897,-0.122259,-0.091696,-1.103762,-0.305091,-0.103128,-0.708379,-0.276278,-0.064567,-0.502982,-0.189013,0.158931,-0.878353,-0.238699,0.088645,-1.062212,-0.327822,0.053733,-0.805004,-0.292722,0.069150,-0.649300,-0.229176
ONE_FINGER,-0.000000,0.000000,0.000000,-0.249200,-0.052323,-0.079186,-0.479795,-0.401645,-0.151026,-0.395342,-0.789856,-0.251926,-0.200846,-0.935925,-0.348542,-0.418554,-0.916093,0.056620,-0.510240,-1.311128,-0.049420,-0.554107,-1.578824,-0.116048,-0.571371,-1.799882,-0.159555,-0.221085,-0.975254,-0.009880,-0.315021,-1.181192,-0.175723,-0.290291,-0.796224,-0.199720,-0.232365,-0.591397,-0.147716,-0.041429,-0.955367,-0.106220,-0.101096,-1.112772,-0.292638,-0.108369,-0.720479,-0.278295,-0.071160,-0.504828,-0.200706,0.154766,-0.879684,-0.222744,0.080194,-1.071418,-0.316543,0.049222,-0.813830,-0.289393,0.065979,-0.644338,-0.231980
ONE_FINGER,-0.000000,0.000000,0.000000,-0.246366,-0.043109,-0.081253,-0.477785,-0.397133,-0.153188,-0.396618,-0.792384,-0.253366,-0.206732,-0.940412,-0.349752,-0.410807,-0.917271,0.055508,-0.498453,-1.309852,-0.050315,-0.543720,-1.579040,-0.113457,-0.560372,-1.800592,-0.153657,-0.212202,-0.977226,-0.009863,-0.301299,-1.191191,-0.175061,-0.280537,-0.793477,-0.193142,-0.222301,-0.576202,-0.135010,-0.034771,-0.957947,-0.105570,-0.094579,-1.117683,-0.293949,-0.101935,-0.717213,-0.275326,-0.062347,-0.500782,-0.193163,0.158482,-0.883842,-0.221640,0.082260,-1.076723,-0.318196,0.055776,-0.811040,-0.289223,0.079142,-0.640647,-0.228866
ONE_FINGER,-0.000000,0.000000,0.000000,-0.240856,-0.042595,-0.080968,-0.471407,-0.391020,-0.151783,-0.390695,-0.782424,-0.249760,-0.194413,-0.929227,-0.343184,-0.408028,-0.916643,0.052584,-0.494534,-1.294303,-0.052719,-0.539942,-1.558968,-0.115747,-0.555199,-1.777688,-0.155678,-0.212713,-0.977115,-0.011932,-0.305170,-1.167954,-0.173784,-0.281514,-0.770045,-0.189474,-0.219723,-0.563663,-0.130876,-0.036755,-0.956553,-0.106764,-0.098437,-1.106115,-0.291185,-0.109909,-0.714882,-0.270983,-0.072190,-0.505851,-0.189447,0.153852,-0.882267,-0.221813,0.077350,-1.064624,-0.314391,0.043227,-0.804075,-0.284069,0.059957,-0.639622,-0.223893
ONE_FINGER,-0.000000,0.000000,0.000000,-0.242273,-0.040100,-0.087711,-0.475030,-0.382851,-0.163518,-0.394243,-0.778153,-0.264633,-0.198780,-0.930082,-0.360694,-0.411752,-0.917693,0.039088,-0.499105,-1.295385,-0.071568,-0.543501,-1.563193,-0.135827,-0.559564,-1.785664,-0.176028,-0.213032,-0.977045,-0.023161,-0.303974,-1.158191,-0.191829,-0.276809,-0.746263,-0.204811,-0.215413,-0.541606,-0.142424,-0.034489,-0.953909,-0.116014,-0.094897,-1.094329,-0.307226,-0.104193,-0.691766,-0.283253,-0.067494,-0.484551,-0.197239,0.159910,-0.876737,-0.229401,0.085765,-1.056380,-0.325554,0.052905,-0.789908,-0.293476,0.068810,-0.627179,-0.230748
ONE_FINGER,-0.000000,0.000000,0.000000,-0.243622,-0.043313,-0.085468,-0.477225,-0.381773,-0.163878,-0.394012,-0.768773,-0.266814,-0.192813,-0.906819,-0.364905,-0.406438,-0.920041,0.017553,-0.496171,-1.300983,-0.098025,-0.543249,-1.570737,-0.162153,-0.560980,-1.792873,-0.201472,-0.206035,-0.978545,-0.045839,-0.288819,-1.159463,-0.217901,-0.262011,-0.743044,-0.224787,-0.203320,-0.541249,-0.158226,-0.027199,-0.953517,-0.138096,-0.079781,-1.094221,-0.329339,-0.093069,-0.692149,-0.297399,-0.061126,-0.488010,-0.206756,0.167091,-0.871688,-0.250720,0.100134,-1.057423,-0.344890,0.065667,-0.796748,-0.308216,0.078638,-0.639638,-0.242684
ONE_FINGER,-0.000000,0.000000,0.000000,-0.242465,-0.041892,-0.087348,-0.477158,-0.393533,-0.165303,-0.398486,-0.787244,-0.267769,-0.207554,-0.930820,-0.365566,-0.402264,-0.923033,0.023000,-0.489874,-1.298236,-0.095006,-0.533479,-1.568129,-0.160424,-0.548704,-1.792720,-0.200039,-0.202559,-0.979270,-0.040123,-0.295987,-1.162280,-0.215718,-0.273686,-0.746451,-0.224372,-0.216242,-0.546445,-0.157649,-0.024181,-0.955768,-0.133297,-0.086477,-1.099674,-0.329887,-0.100884,-0.691132,-0.298588,-0.067820,-0.483191,-0.206377,0.168537,-0.877936,-0.246869,0.091547,-1.061541,-0.345421,0.055348,-0.792475,-0.309150,0.069872,-0.630596,-0.242561
ONE_FINGER,-0.000000,0.000000,0.000000,-0.234974,-0.024321,-0.077962,-0.479589,-0.384782,-0.148425,-0.397642,-0.792503,-0.243676,-0.182146,-0.903919,-0.333418,-0.394213,-0.913349,0.029394,-0.479443,-1.287922,-0.079059,-0.528748,-1.558134,-0.135010,-0.545251,-1.776451,-0.168259,-0.193379,-0.981124,-0.035956,-0.295959,-1.138793,-0.196525,-0.275178,-0.714458,-0.192933,-0.206702,-0.509892,-0.118876,-0.016220,-0.955852,-0.130407,-0.086344,-1.097096,-0.317448,-0.099895,-0.693838,-0.279352,-0.055360,-0.479264,-0.183057,0.175843,-0.876630,-0.244486,0.094614,-1.062629,-0.335373,0.060530,-0.799135,-0.293564,0.083062,-0.636097,-0.223417
ONE_FINGER,-0.000000,0.000000,0.000000,-0.239678,-0.006600,-0.086032,-0.488280,-0.375230,-0.159095,-0.412160,-0.791738,-0.255639,-0.210180,-0.917114,-0.347052,-0.405335,-0.909346,0.022713,-0.490145,-1.286593,-0.093133,-0.537835,-1.558800,-0.153889,-0.554554,-1.781689,-0.189834,-0.205769,-0.978600,-0.039997,-0.303829,-1.133097,-0.209974,-0.282484,-0.706218,-0.210702,-0.217302,-0.510847,-0.137646,-0.027635,-0.958791,-0.132886,-0.097376,-1.095674,-0.328147,-0.108243,-0.686359,-0.292021,-0.063513,-0.476943,-0.195229,0.164829,-0.888021,-0.245973,0.084022,-1.063116,-0.341800,0.052591,-0.793997,-0.301964,0.076720,-0.637664,-0.232197
ONE_FINGER,-0.000000,0.000000,0.000000,-0.235431,-0.018041,-0.080283,-0.479824,-0.385397,-0.149047,-0.402629,-0.800191,-0.242899,-0.201558,-0.917790,-0.332244,-0.397043,-0.911651,0.035779,-0.480263,-1.280220,-0.073475,-0.528895,-1.551443,-0.133841,-0.546486,-1.772914,-0.170705,-0.197707,-0.980261,-0.027805,-0.298443,-1.133172,-0.191748,-0.283284,-0.705971,-0.196736,-0.221061,-0.498228,-0.128514,-0.022316,-0.958904,-0.120793,-0.087467,-1.089788,-0.310765,-0.105889,-0.677588,-0.279049,-0.066898,-0.457826,-0.186811,0.167414,-0.885162,-0.233627,0.091469,-1.068679,-0.326750,0.052130,-0.797958,-0.289056,0.068730,-0.630231,-0.222121
ONE_FINGER,-0.000000,0.000000,0.000000,-0.233523,-0.006119,-0.085359,-0.483494,-0.366298,-0.159099,-0.408782,-0.782249,-0.256203,-0.202390,-0.900091,-0.347772,-0.400576,-0.906923,0.020610,-0.484172,-1.274488,-0.094514,-0.532496,-1.548438,-0.154458,-0.548636,-1.770516,-0.189906,-0.199683,-0.979860,-0.042516,-0.298976,-1.121011,-0.210747,-0.278987,-0.685889,-0.208931,-0.212625,-0.487550,-0.134387,-0.023448,-0.958481,-0.135652,-0.088366,-1.082987,-0.330238,-0.103728,-0.669348,-0.291822,-0.062407,-0.456228,-0.193787,0.166610,-0.883992,-0.248970,0.090736,-1.057033,-0.343922,0.053222,-0.784349,-0.302622,0.070797,-0.623063,-0.231936
ONE_FINGER,-0.000000,0.000000,0.000000,-0.236685,-0.009572,-0.090699,-0.486119,-0.381899,-0.164663,-0.415746,-0.803201,-0.261599,-0.219317,-0.930553,-0.353491,-0.401911,-0.913199,0.025558,-0.489621,-1.281462,-0.092585,-0.536789,-1.554895,-0.155921,-0.552820,-1.779701,-0.193558,-0.202851,-0.979210,-0.035731,-0.301199,-1.136727,-0.210844,-0.280097,-0.710857,-0.216607,-0.219321,-0.512132,-0.146108,-0.026027,-0.958319,-0.128089,-0.093984,-1.100598,-0.331897,-0.106167,-0.683396,-0.299192,-0.067061,-0.461442,-0.201982,0.163576,-0.885884,-0.240812,0.087026,-1.072478,-0.343296,0.051203,-0.795176,-0.305184,0.068111,-0.624289,-0.235194
ONE_FINGER,-0.000000,0.000000,0.000000,-0.234052,-0.020085,-0.079301,-0.481682,-0.380252,-0.149575,-0.408625,-0.791477,-0.245018,-0.203018,-0.911956,-0.336219,-0.397156,-0.912532,0.027229,-0.485852,-1.290267,-0.086723,-0.536362,-1.565524,-0.149916,-0.554852,-1.787959,-0.188589,-0.198670,-0.980066,-0.039079,-0.293603,-1.140107,-0.210005,-0.277644,-0.715090,-0.216777,-0.216160,-0.504727,-0.149072,-0.020587,-0.959563,-0.133984,-0.086014,-1.103536,-0.330301,-0.102811,-0.694444,-0.298869,-0.062522,-0.466069,-0.206046,0.173335,-0.885095,-0.248534,0.097775,-1.074517,-0.347126,0.055211,-0.808614,-0.310497,0.070544,-0.636828,-0.243476
TWO_FINGERS,-0.000000,0.000000,0.000000,-0.279870,-0.132389,-0.083421,-0.486626,-0.442699,-0.130083,-0.508001,-0.779341,-0.195461,-0.366407,-0.944832,-0.246628,-0.405610,-0.884707,0.066081,-0.574813,-1.232481,0.010004,-0.671223,-1.440264,-0.034009,-0.746133,-1.633972,-0.075715,-0.241227,-0.970469,0.015829,-0.320551,-1.425475,-0.062824,-0.379438,-1.678841,-0.141242,-0.427650,-1.899891,-0.197803,-0.068385,-0.954026,-0.062085,-0.164904,-1.306053,-0.190079,-0.220357,-1.097187,-0.237352,-0.231750,-0.866867,-0.232780,0.107587,-0.865504,-0.158353,0.027388,-1.094960,-0.250294,-0.083370,-1.000206,-0.277893,-0.146755,-0.849222,-0.277154
TWO_FINGERS,-0.000000,0.000000,0.000000,-0.288932,-0.124909,-0.072124,-0.500890,-0.424189,-0.121317,-0.518598,-0.761158,-0.190790,-0.367378,-0.916517,-0.245491,-0.417413,-0.874708,0.058720,-0.588544,-1.231178,0.002235,-0.684362,-1.445880,-0.041268,-0.756950,-1.641743,-0.083051,-0.250504,-0.968116,0.001452,-0.332156,-1.424696,-0.075978,-0.390360,-1.686699,-0.150754,-0.434852,-1.914340,-0.205784,-0.078146,-0.954462,-0.080433,-0.173509,-1.304437,-0.204303,-0.230757,-1.108801,-0.244428,-0.242316,-0.884030,-0.236826,0.099169,-0.864161,-0.179650,0.015212,-1.091945,-0.266160,-0.095595,-0.989820,-0.285212,-0.156091,-0.825079,-0.279142
TWO_FINGERS,-0.000000,0.000000,0.000000,-0.276730,-0.129924,-0.073778,-0.475235,-0.436116,-0.119735,-0.492758,-0.763753,-0.186330,-0.344995,-0.911840,-0.238836,-0.394031,-0.889481,0.067834,-0.557285,-1.229173,0.011761,-0.649432,-1.435114,-0.031123,-0.718292,-1.623972,-0.072329,-0.233370,-0.972388,0.010754,-0.312919,-1.417579,-0.067512,-0.370470,-1.671711,-0.142608,-0.415113,-1.894853,-0.196986,-0.061824,-0.950760,-0.072861,-0.152461,-1.306578,-0.200648,-0.209569,-1.093089,-0.242728,-0.223178,-0.859810,-0.234975,0.113697,-0.853158,-0.174032,0.035157,-1.083632,-0.265269,-0.073429,-0.973852,-0.287277,-0.132395,-0.809292,-0.282524
TWO_FINGERS,-0.000000,0.000000,0.000000,-0.276554,-0.131296,-0.069609,-0.480848,-0.446642,-0.114523,-0.490347,-0.780538,-0.180674,-0.335933,-0.929278,-0.232814,-0.388318,-0.889075,0.066287,-0.553620,-1.236403,0.010731,-0.646104,-1.445817,-0.030410,-0.714743,-1.636616,-0.070560,-0.223529,-0.974697,0.007095,-0.303141,-1.425054,-0.071123,-0.362264,-1.677917,-0.144014,-0.407740,-1.899615,-0.196754,-0.052934,-0.956434,-0.077589,-0.149565,-1.308934,-0.205369,-0.209605,-1.089135,-0.244024,-0.223685,-0.854445,-0.233645,0.122908,-0.861350,-0.179520,0.037841,-1.088169,-0.271144,-0.072017,-0.974151,-0.290905,-0.129895,-0.805323,-0.283881
TWO_FINGERS,-0.000000,0.000000,0.000000,-0.284491,-0.141098,-0.072065,-0.486483,-0.452585,-0.116401,-0.504571,-0.792661,-0.180902,-0.350443,-0.936061,-0.229959,-0.393037,-0.886072,0.070833,-0.559654,-1.235627,0.018979,-0.652429,-1.445390,-0.017459,-0.721523,-1.639558,-0.054811,-0.226827,-0.973935,0.013502,-0.309392,-1.424559,-0.063546,-0.368807,-1.680621,-0.133187,-0.414604,-1.913085,-0.183203,-0.053714,-0.956044,-0.069935,-0.150354,-1.321013,-0.202698,-0.208226,-1.093064,-0.240989,-0.218751,-0.856568,-0.227268,0.120355,-0.859240,-0.169823,0.030050,-1.096214,-0.264294,-0.081594,-0.979177,-0.284069,-0.136503,-0.808653,-0.275709
TWO_FINGERS,-0.000000,0.000000,0.000000,-0.281119,-0.141941,-0.069001,-0.480140,-0.456540,-0.106389,-0.497023,-0.794202,-0.164224,-0.346010,-0.926658,-0.207829,-0.387904,-0.891127,0.079378,-0.548866,-1.237215,0.030069,-0.640442,-1.445139,-0.006246,-0.707687,-1.634111,-0.043492,-0.221625,-0.975132,0.022756,-0.301407,-1.420761,-0.052767,-0.361128,-1.674239,-0.125156,-0.407814,-1.899124,-0.177576,-0.046035,-0.954435,-0.060266,-0.137720,-1.312443,-0.193748,-0.196471,-1.084884,-0.238599,-0.210757,-0.844406,-0.229676,0.129124,-0.859244,-0.159542,0.043470,-1.082506,-0.257232,-0.071327,-0.968298,-0.283712,-0.134085,-0.803925,-0.280554
TWO_FINGERS,-0.000000,0.000000,0.000000,-0.272759,-0.140073,-0.067546,-0.471094,-0.461842,-0.108314,-0.480751,-0.799581,-0.170485,-0.331962,-0.931987,-0.218787,-0.375906,-0.891957,0.075819,-0.535886,-1.252560,0.024280,-0.627701,-1.466429,-0.012153,-0.694637,-1.660619,-0.049440,-0.209282,-0.977855,0.016064,-0.286281,-1.437665,-0.059047,-0.343906,-1.696205,-0.128837,-0.388108,-1.923150,-0.179552,-0.036952,-0.960755,-0.070073,-0.133494,-1.332942,-0.203382,-0.189756,-1.105498,-0.245155,-0.201164,-0.866171,-0.234439,0.138631,-0.869137,-0.172398,0.047813,-1.099990,-0.269424,-0.060081,-0.979917,-0.292475,-0.114164,-0.806668,-0.287104
TWO_FINGERS,-0.000000,0.000000,0.000000,-0.271448,-0.150640,-0.069975,-0.467241,-0.464735,-0.116291,-0.471427,-0.796522,-0.183770,-0.308997,-0.934822,-0.235434,-0.360935,-0.902572,0.076055,-0.524885,-1.252790,0.021935,-0.611770,-1.462165,-0.014474,-0.675150,-1.656934,-0.051740,-0.194316,-0.980939,0.015089,-0.270159,-1.437844,-0.065272,-0.323165,-1.694769,-0.134146,-0.364381,-1.930893,-0.182426,-0.022750,-0.957179,-0.072562,-0.120037,-1.328915,-0.212524,-0.178343,-1.089702,-0.247583,-0.192671,-0.855299,-0.229395,0.151764,-0.855894,-0.176464,0.059264,-1.102491,-0.277330,-0.045948,-0.969950,-0.293245,-0.096316,-0.787685,-0.280217
TWO_FINGERS,-0.000000,0.000000,0.000000,-0.270381,-0.146943,-0.075456,-0.468789,-0.454175,-0.126266,-0.489340,-0.790992,-0.195324,-0.326056,-0.937758,-0.248348,-0.362292,-0.899560,0.048730,-0.526804,-1.255543,-0.013404,-0.611813,-1.469131,-0.055449,-0.676233,-1.673798,-0.096429,-0.198287,-0.980144,-0.009356,-0.274702,-1.432641,-0.097938,-0.328248,-1.685770,-0.168247,-0.372927,-1.925764,-0.217776,-0.028421,-0.955349,-0.092362,-0.125549,-1.325006,-0.232598,-0.180934,-1.095562,-0.263630,-0.193726,-0.862635,-0.244171,0.145130,-0.848330,-0.192021,0.062577,-1.090457,-0.291193,-0.044682,-0.975819,-0.306518,-0.098288,-0.805131,-0.293734
TWO_FINGERS,-0.000000,0.000000,0.000000,-0.268407,-0.157257,-0.069405,-0.452117,-0.462113,-0.122316,-0.462299,-0.787860,-0.195373,-0.299427,-0.921028,-0.251794,-0.336251,-0.910475,0.056193,-0.496043,-1.268589,-0.006370,-0.581064,-1.480583,-0.050621,-0.644628,-1.681774,-0.093733,-0.173887,-0.984766,-0.005558,-0.247408,-1.437503,-0.095155,-0.299250,-1.697914,-0.169416,-0.340029,-1.943882,-0.221808,-0.006179,-0.952829,-0.091741,-0.088269,-1.339615,-0.231527,-0.147793,-1.121854,-0.263944,-0.164328,-0.895708,-0.246084,0.163475,-0.835560,-0.193692,0.088487,-1.093185,-0.290938,-0.029749,-0.976915,-0.304262,-0.092869,-0.801279,-0.291076
TWO_FINGERS,-0.000000,0.000000,0.000000,-0.271507,-0.166146,-0.060753,-0.454057,-0.476950,-0.106448,-0.447382,-0.796088,-0.173071,-0.269357,-0.890814,-0.224921,-0.337303,-0.908396,0.058580,-0.490870,-1.267699,-0.002795,-0.574319,-1.481022,-0.048486,-0.634306,-1.678625,-0.092111,-0.171067,-0.985259,-0.004274,-0.240495,-1.436069,-0.090199,-0.289889,-1.692533,-0.165515,-0.323400,-1.923993,-0.220597,-0.002763,-0.954579,-0.090429,-0.083116,-1.334828,-0.227702,-0.149437,-1.137371,-0.267135,-0.168913,-0.914993,-0.256731,0.166526,-0.841324,-0.191447,0.088081,-1.082541,-0.287742,-0.021457,-0.974850,-0.306218,-0.074554,-0.801726,-0.299219
TWO_FINGERS,-0.000000,0.000000,0.000000,-0.276696,-0.144070,-0.075145,-0.474101,-0.437983,-0.138561,-0.469553,-0.744063,-0.220713,-0.286901,-0.850016,-0.288133,-0.351319,-0.902789,0.021945,-0.507031,-1.269603,-0.052751,-0.592111,-1.485237,-0.106780,-0.657507,-1.687635,-0.154673,-0.185058,-0.982728,-0.037795,-0.251015,-1.437621,-0.130479,-0.299518,-1.685445,-0.202586,-0.337178,-1.909000,-0.255020,-0.017409,-0.953550,-0.120341,-0.102747,-1.336737,-0.252887,-0.160551,-1.156502,-0.279229,-0.176947,-0.942643,-0.263602,0.151981,-0.832822,-0.220268,0.075825,-1.078254,-0.309768,-0.025815,-0.973404,-0.316719,-0.075271,-0.796264,-0.302465
TWO_FINGERS,-0.000000,0.000000,0.000000,-0.268551,-0.154869,-0.072304,-0.459262,-0.457611,-0.127670,-0.459764,-0.768716,-0.203120,-0.284529,-0.882323,-0.264594,-0.335245,-0.912005,0.040164,-0.485503,-1.266162,-0.028492,-0.569535,-1.476287,-0.078421,-0.634637,-1.675393,-0.124782,-0.168925,-0.985629,-0.021922,-0.237749,-1.432985,-0.113193,-0.290994,-1.681445,-0.189303,-0.333638,-1.910145,-0.245075,0.001682,-0.953200,-0.108196,-0.085916,-1.320048,-0.246010,-0.148859,-1.099048,-0.281210,-0.171446,-0.867020,-0.269372,0.171592,-0.837949,-0.211324,0.091187,-1.068417,-0.308555,-0.027842,-0.951242,-0.325210,-0.095909,-0.780705,-0.317097
TWO_FINGERS,-0.000000,0.000000,0.000000,-0.284141,-0.147994,-0.077022,-0.475396,-0.441559,-0.127896,-0.475876,-0.762236,-0.197544,-0.296981,-0.883928,-0.252477,-0.347438,-0.901568,0.056365,-0.495653,-1.258685,-0.004297,-0.577955,-1.475987,-0.053177,-0.642233,-1.682435,-0.100539,-0.180395,-0.983594,0.000300,-0.251648,-1.422676,-0.085212,-0.304393,-1.669300,-0.165561,-0.345992,-1.899130,-0.224523,-0.010839,-0.957878,-0.080568,-0.086726,-1.339827,-0.217596,-0.160900,-1.120086,-0.262290,-0.193029,-0.884837,-0.256371,0.156286,-0.844397,-0.177527,0.077277,-1.091506,-0.275827,-0.048577,-0.984617,-0.299456,-0.122250,-0.816193,-0.296196
TWO_FINGERS,-0.000000,0.000000,0.000000,-0.272261,-0.124563,-0.086888,-0.468732,-0.408823,-0.144167,-0.486239,-0.713375,-0.220076,-0.341203,-0.859895,-0.283218,-0.353435,-0.902569,0.050919,-0.492623,-1.253512,-0.012719,-0.577323,-1.458771,-0.066988,-0.646173,-1.655633,-0.116935,-0.184566,-0.982820,-0.000971,-0.250335,-1.422205,-0.084870,-0.303740,-1.661697,-0.168280,-0.348876,-1.879524,-0.230464,-0.013975,-0.957863,-0.079509,-0.092394,-1.327382,-0.207416,-0.166773,-1.128881,-0.252768,-0.204019,-0.902829,-0.252534,0.156865,-0.850364,-0.176443,0.080083,-1.074309,-0.269581,-0.039617,-0.980235,-0.294390,-0.116786,-0.826870,-0.294633
TWO_FINGERS,-0.000000,0.000000,0.000000,-0.278191,-0.136843,-0.075396,-0.475853,-0.417226,-0.126714,-0.496827,-0.720596,-0.197864,-0.324259,-0.844154,-0.255053,-0.346122,-0.905312,0.057589,-0.490024,-1.251952,-0.006351,-0.576131,-1.455293,-0.060015,-0.645508,-1.651021,-0.108972,-0.183030,-0.983107,0.000803,-0.245655,-1.421690,-0.086502,-0.300596,-1.658698,-0.171270,-0.349584,-1.879951,-0.232970,-0.015395,-0.958301,-0.081186,-0.094734,-1.332612,-0.212761,-0.178689,-1.134496,-0.259232,-0.223497,-0.908978,-0.257182,0.153192,-0.853337,-0.180210,0.079743,-1.097956,-0.273368,-0.050958,-1.016577,-0.298870,-0.136770,-0.868507,-0.299145
TWO_FINGERS,-0.000000,0.000000,0.000000,-0.274001,-0.130777,-0.087907,-0.471524,-0.400082,-0.157447,-0.488627,-0.688264,-0.245635,-0.321118,-0.822144,-0.321986,-0.334009,-0.910397,0.010059,-0.477829,-1.266644,-0.073224,-0.565225,-1.473512,-0.141608,-0.637952,-1.673315,-0.199780,-0.166898,-0.985974,-0.047036,-0.226954,-1.436304,-0.151404,-0.285057,-1.677868,-0.245022,-0.336420,-1.892570,-0.313436,0.002783,-0.957028,-0.127884,-0.075935,-1.337501,-0.263235,-0.161386,-1.168203,-0.309891,-0.207761,-0.953751,-0.312393,0.172293,-0.844094,-0.227318,0.104000,-1.095983,-0.322748,-0.028479,-1.035545,-0.348131,-0.117233,-0.897580,-0.350659
TWO_FINGERS,-0.000000,0.000000,0.000000,-0.272410,-0.119529,-0.092362,-0.478080,-0.386721,-0.162939,-0.509907,-0.677545,-0.250312,-0.353774,-0.831163,-0.324546,-0.339560,-0.908414,0.011187,-0.488037,-1.252306,-0.071071,-0.580664,-1.454109,-0.137098,-0.657081,-1.650186,-0.192415,-0.174905,-0.984585,-0.040584,-0.238832,-1.422779,-0.142877,-0.297130,-1.658456,-0.231037,-0.347244,-1.871356,-0.294576,-0.005339,-0.952506,-0.116650,-0.090648,-1.326219,-0.247499,-0.168254,-1.154794,-0.283495,-0.208157,-0.943084,-0.278740,0.168552,-0.838318,-0.212300,0.097092,-1.084420,-0.304204,-0.030890,-1.030775,-0.323574,-0.118330,-0.905494,-0.320749
TWO_FINGERS,-0.000000,0.000000,0.000000,-0.270042,-0.127578,-0.097002,-0.469604,-0.389630,-0.170057,-0.485785,-0.682271,-0.258131,-0.319663,-0.834076,-0.333575,-0.333795,-0.909804,-0.004794,-0.482562,-1.262945,-0.089081,-0.575124,-1.469660,-0.155231,-0.651496,-1.667537,-0.210392,-0.165270,-0.986248,-0.053891,-0.226185,-1.434091,-0.157187,-0.283701,-1.678273,-0.245548,-0.333972,-1.896916,-0.309730,0.004884,-0.954065,-0.126636,-0.070594,-1.336178,-0.258440,-0.149111,-1.183771,-0.299495,-0.189390,-0.978024,-0.298256,0.178838,-0.838039,-0.218850,0.121762,-1.089601,-0.311472,-0.005866,-1.055894,-0.335609,-0.095325,-0.942126,-0.336659
TWO_FINGERS,-0.000000,0.000000,0.000000,-0.279240,-0.136502,-0.092046,-0.478690,-0.397179,-0.157535,-0.486816,-0.690502,-0.238183,-0.311255,-0.824795,-0.305526,-0.335761,-0.911575,0.018143,-0.487364,-1.268690,-0.057797,-0.577494,-1.478050,-0.120358,-0.650969,-1.675319,-0.173974,-0.167814,-0.985819,-0.030967,-0.230672,-1.432134,-0.126208,-0.286389,-1.678612,-0.215845,-0.332942,-1.895100,-0.281213,0.002333,-0.953318,-0.104407,-0.071422,-1.338219,-0.235608,-0.149121,-1.198810,-0.287049,-0.189000,-1.001640,-0.291866,0.174964,-0.837130,-0.195977,0.117513,-1.091691,-0.290114,-0.008173,-1.056850,-0.319861,-0.094362,-0.935829,-0.324491
TWO_FINGERS,-0.000000,0.000000,0.000000,-0.284577,-0.147863,-0.096948,-0.480495,-0.426675,-0.160371,-0.468551,-0.719796,-0.238253,-0.285273,-0.818926,-0.304990,-0.327754,-0.914123,0.003204,-0.475961,-1.270907,-0.077464,-0.567523,-1.480166,-0.144084,-0.641668,-1.672969,-0.199789,-0.156614,-0.987660,-0.042765,-0.215648,-1.442393,-0.142476,-0.275440,-1.695475,-0.239523,-0.324480,-1.909244,-0.311010,0.015206,-0.953241,-0.112374,-0.052257,-1.335663,-0.245100,-0.138827,-1.207904,-0.305558,-0.186264,-1.013394,-0.318178,0.189993,-0.836095,-0.200800,0.141029,-1.088844,-0.297956,0.014822,-1.062938,-0.334989,-0.074472,-0.948693,-0.346215
TWO_FINGERS,-0.000000,0.000000,0.000000,-0.283422,-0.159641,-0.098506,-0.470916,-0.441029,-0.166697,-0.452704,-0.735429,-0.248945,-0.266131,-0.827239,-0.318964,-0.321877,-0.915386,-0.010131,-0.468260,-1.272400,-0.096179,-0.555974,-1.483618,-0.162826,-0.625191,-1.679452,-0.218692,-0.148154,-0.988964,-0.057866,-0.213023,-1.440604,-0.164931,-0.269955,-1.690582,-0.259678,-0.316613,-1.914099,-0.328925,0.025820,-0.953533,-0.128956,-0.038204,-1.345579,-0.270358,-0.125069,-1.199971,-0.327483,-0.173572,-0.996550,-0.335352,0.201195,-0.830267,-0.218251,0.153464,-1.084774,-0.319852,0.031441,-1.050461,-0.354982,-0.051044,-0.930676,-0.363440
TWO_FINGERS,-0.000000,0.000000,0.000000,-0.285587,-0.155265,-0.111577,-0.477289,-0.431260,-0.186528,-0.465071,-0.711976,-0.274715,-0.286446,-0.785221,-0.353035,-0.327012,-0.916687,-0.033307,-0.480178,-1.274848,-0.133978,-0.570559,-1.489375,-0.214376,-0.641695,-1.692545,-0.279879,-0.153165,-0.988201,-0.080855,-0.222852,-1.451067,-0.204673,-0.286744,-1.709257,-0.316666,-0.339786,-1.933324,-0.398933,0.024886,-0.951337,-0.152277,-0.043372,-1.338794,-0.308420,-0.128020,-1.199584,-0.380191,-0.177071,-0.998039,-0.398531,0.205041,-0.830595,-0.242980,0.159264,-1.080402,-0.360441,0.035135,-1.053403,-0.407742,-0.053240,-0.941018,-0.424899
TWO_FINGERS,-0.000000,0.000000,0.000000,-0.291608,-0.176422,-0.106165,-0.471883,-0.463921,-0.181190,-0.427168,-0.737576,-0.270348,-0.222642,-0.780989,-0.349197,-0.314047,-0.922029,-0.037586,-0.460683,-1.280503,-0.139545,-0.554504,-1.492388,-0.217801,-0.630434,-1.689921,-0.280644,-0.137420,-0.990513,-0.086036,-0.200999,-1.449869,-0.209490,-0.265437,-1.705277,-0.315844,-0.319085,-1.927267,-0.393240,0.040222,-0.947535,-0.157495,-0.016384,-1.343316,-0.312064,-0.108991,-1.201868,-0.377847,-0.164164,-0.999356,-0.390994,0.218466,-0.816979,-0.247834,0.181759,-1.088864,-0.360876,0.050984,-1.068650,-0.403665,-0.043495,-0.960439,-0.417930
TWO_FINGERS,-0.000000,0.000000,0.000000,-0.278093,-0.152372,-0.122168,-0.474048,-0.424610,-0.205243,-0.465546,-0.722028,-0.297008,-0.278147,-0.815871,-0.375061,-0.317811,-0.919364,-0.045554,-0.470549,-1.283649,-0.141741,-0.559836,-1.501336,-0.214627,-0.631568,-1.704554,-0.273726,-0.139644,-0.990202,-0.084846,-0.203044,-1.451552,-0.200533,-0.263501,-1.704939,-0.297149,-0.314896,-1.925076,-0.366176,0.036097,-0.951819,-0.148137,-0.014182,-1.365039,-0.294013,-0.093654,-1.231986,-0.347596,-0.139388,-1.024689,-0.351304,0.215055,-0.821476,-0.231538,0.196517,-1.116741,-0.335507,0.085282,-1.106717,-0.368689,0.005674,-0.989829,-0.373968
TWO_FINGERS,-0.000000,0.000000,0.000000,-0.284919,-0.145190,-0.121186,-0.492299,-0.409776,-0.204892,-0.493086,-0.705491,-0.296962,-0.301767,-0.809835,-0.375221,-0.342091,-0.909665,-0.050659,-0.504589,-1.262234,-0.150110,-0.595095,-1.474661,-0.223491,-0.669406,-1.677984,-0.282294,-0.169945,-0.985453,-0.090252,-0.240560,-1.442078,-0.212082,-0.303628,-1.694998,-0.308671,-0.356003,-1.922709,-0.376360,0.004941,-0.950021,-0.153028,-0.047471,-1.348444,-0.304024,-0.119131,-1.200535,-0.351582,-0.159563,-0.995261,-0.349803,0.183572,-0.824679,-0.235990,0.158919,-1.113454,-0.342711,0.055928,-1.089079,-0.371279,-0.014587,-0.968606,-0.371917
TWO_FINGERS,-0.000000,0.000000,0.000000,-0.284244,-0.166110,-0.112611,-0.477805,-0.450208,-0.187713,-0.461287,-0.733692,-0.274526,-0.259893,-0.789204,-0.351447,-0.327157,-0.924765,-0.047820,-0.483805,-1.280847,-0.153802,-0.575191,-1.498805,-0.238455,-0.647917,-1.703360,-0.306814,-0.152004,-0.988380,-0.094238,-0.219601,-1.450903,-0.226075,-0.286670,-1.711156,-0.343580,-0.340770,-1.932595,-0.428420,0.027058,-0.942522,-0.162724,-0.034413,-1.316191,-0.325295,-0.130088,-1.159885,-0.398607,-0.185428,-0.951912,-0.415771,0.204407,-0.815668,-0.250572,0.169022,-1.074561,-0.373358,0.032241,-1.049012,-0.423345,-0.066372,-0.944632,-0.441489
TWO_FINGERS,-0.000000,0.000000,0.000000,-0.272068,-0.152351,-0.110076,-0.466807,-0.427344,-0.189377,-0.462969,-0.707683,-0.282145,-0.273471,-0.804571,-0.363549,-0.312843,-0.925613,-0.033308,-0.467229,-1.278170,-0.135420,-0.557096,-1.496230,-0.217148,-0.628110,-1.702848,-0.284064,-0.139007,-0.990291,-0.082281,-0.204024,-1.450869,-0.210427,-0.269191,-1.710856,-0.322041,-0.322157,-1.936266,-0.402062,0.035976,-0.945967,-0.154257,-0.030175,-1.327575,-0.311354,-0.130088,-1.151771,-0.371968,-0.189742,-0.929918,-0.380713,0.212523,-0.816093,-0.246007,0.164749,-1.078836,-0.363767,0.026236,-1.042118,-0.403605,-0.073243,-0.925249,-0.413377
TWO_FINGERS,-0.000000,0.000000,0.000000,-0.254157,-0.153392,-0.088454,-0.441687,-0.444030,-0.158664,-0.438883,-0.721485,-0.245755,-0.257116,-0.804612,-0.321336,-0.284834,-0.924658,-0.006729,-0.432455,-1.270611,-0.102523,-0.519833,-1.482185,-0.177942,-0.590263,-1.681056,-0.241069,-0.118178,-0.992992,-0.065015,-0.183149,-1.442815,-0.185735,-0.248888,-1.691334,-0.287688,-0.303147,-1.914504,-0.361722,0.048926,-0.950926,-0.145815,-0.023680,-1.324762,-0.299355,-0.115258,-1.141939,-0.351349,-0.167665,-0.925534,-0.355026,0.216714,-0.818365,-0.244506,0.146150,-1.049794,-0.357057,0.021955,-0.971229,-0.386627,-0.057524,-0.823858,-0.389678
TWO_FINGERS,-0.000000,0.000000,0.000000,-0.258155,-0.152782,-0.081278,-0.445600,-0.436293,-0.140407,-0.443822,-0.719292,-0.217523,-0.261616,-0.812415,-0.281496,-0.288386,-0.919096,0.028315,-0.432080,-1.252879,-0.051788,-0.514886,-1.461230,-0.117434,-0.581429,-1.662173,-0.174273,-0.124580,-0.992210,-0.027802,-0.188123,-1.428789,-0.131491,-0.247948,-1.679816,-0.224782,-0.295668,-1.909762,-0.293370,0.042203,-0.952168,-0.107589,-0.017454,-1.315559,-0.246901,-0.102642,-1.126463,-0.290355,-0.155460,-0.908185,-0.288774,0.211590,-0.822373,-0.205668,0.152969,-1.049875,-0.308790,0.032613,-0.967367,-0.332367,-0.050408,-0.817176,-0.330282
TWO_FINGERS,-0.000000,0.000000,0.000000,-0.278945,-0.160391,-0.090506,-0.471594,-0.422308,-0.139103,-0.477409,-0.715010,-0.203564,-0.280021,-0.797226,-0.254598,-0.309858,-0.919628,0.047801,-0.458965,-1.254143,-0.022367,-0.537484,-1.459789,-0.083405,-0.599097,-1.661783,-0.137578,-0.150744,-0.988573,-0.000984,-0.222712,-1.421296,-0.105231,-0.283360,-1.669542,-0.206686,-0.330222,-1.890048,-0.278378,0.017077,-0.945340,-0.075323,-0.042986,-1.306589,-0.229239,-0.133472,-1.106862,-0.292768,-0.189075,-0.876199,-0.297039,0.186261,-0.821688,-0.167009,0.136676,-1.075945,-0.285551,0.005121,-1.016514,-0.327985,-0.088033,-0.881261,-0.335754
TWO_FINGERS,-0.000000,0.000000,0.000000,-0.275058,-0.171918,-0.085506,-0.460491,-0.450411,-0.131023,-0.461985,-0.747863,-0.192594,-0.263944,-0.819088,-0.242845,-0.292618,-0.922876,0.039237,-0.434013,-1.267228,-0.036078,-0.515355,-1.477221,-0.102453,-0.581525,-1.675409,-0.159559,-0.132444,-0.991190,-0.010064,-0.204375,-1.436691,-0.117508,-0.269563,-1.685753,-0.225615,-0.321930,-1.900206,-0.302878,0.034750,-0.951681,-0.083449,-0.037996,-1.328226,-0.236743,-0.128554,-1.148132,-0.308306,-0.179123,-0.918949,-0.320678,0.205545,-0.833984,-0.173574,0.147915,-1.092791,-0.291175,0.018778,-1.039794,-0.338678,-0.065500,-0.903457,-0.352886
TWO_FINGERS,-0.000000,0.000000,0.000000,-0.278290,-0.158738,-0.094122,-0.472267,-0.418987,-0.145545,-0.479169,-0.711302,-0.211545,-0.281240,-0.789771,-0.264463,-0.310763,-0.918663,0.033098,-0.460027,-1.260705,-0.041233,-0.542053,-1.470405,-0.106334,-0.609123,-1.675742,-0.163125,-0.151095,-0.988519,-0.013265,-0.223290,-1.424875,-0.119593,-0.290236,-1.674343,-0.224328,-0.342748,-1.895355,-0.299065,0.016241,-0.946649,-0.084193,-0.048668,-1.314771,-0.236459,-0.141163,-1.123727,-0.302427,-0.195538,-0.894246,-0.309999,0.186519,-0.823522,-0.172628,0.137975,-1.090237,-0.289054,0.007992,-1.042618,-0.333233,-0.081381,-0.912035,-0.343734
TWO_FINGERS,-0.000000,0.000000,0.000000,-0.260634,-0.169998,-0.087684,-0.437581,-0.445855,-0.139577,-0.435082,-0.736245,-0.208466,-0.245178,-0.826474,-0.264530,-0.272078,-0.926238,0.046431,-0.413346,-1.267395,-0.028542,-0.496716,-1.475551,-0.095881,-0.565192,-1.672652,-0.153922,-0.113002,-0.993595,-0.002722,-0.184384,-1.435278,-0.107959,-0.250939,-1.685119,-0.215679,-0.304463,-1.903036,-0.292067,0.051543,-0.953133,-0.076794,-0.021168,-1.322774,-0.223894,-0.109225,-1.140341,-0.289747,-0.158616,-0.917835,-0.299011,0.220834,-0.831143,-0.168492,0.163043,-1.093422,-0.279676,0.034589,-1.039914,-0.321149,-0.050877,-0.905291,-0.331052
TWO_FINGERS,-0.000000,0.000000,0.000000,-0.275324,-0.158175,-0.083865,-0.466725,-0.421826,-0.137642,-0.476144,-0.714220,-0.208816,-0.289021,-0.828185,-0.267017,-0.304116,-0.917287,0.039878,-0.447702,-1.264751,-0.037625,-0.528329,-1.476435,-0.105532,-0.595201,-1.679474,-0.163918,-0.145050,-0.989424,-0.012452,-0.219018,-1.438655,-0.122117,-0.285852,-1.693015,-0.229207,-0.338755,-1.914279,-0.305062,0.020548,-0.953973,-0.088410,-0.055007,-1.323083,-0.237795,-0.144072,-1.134978,-0.298156,-0.195686,-0.908829,-0.304107,0.192027,-0.837153,-0.181801,0.130020,-1.098422,-0.294697,0.005926,-1.035905,-0.331978,-0.075960,-0.890252,-0.338356
TWO_FINGERS,-0.000000,0.000000,0.000000,-0.281572,-0.164044,-0.079765,-0.472365,-0.432861,-0.126927,-0.484224,-0.727360,-0.191523,-0.291315,-0.825997,-0.243804,-0.310040,-0.917748,0.044061,-0.458946,-1.264869,-0.029488,-0.539887,-1.475672,-0.092947,-0.604402,-1.677467,-0.148432,-0.153748,-0.988110,-0.009113,-0.230322,-1.439552,-0.118478,-0.297535,-1.694014,-0.224026,-0.348788,-1.912487,-0.298175,0.011173,-0.949782,-0.085490,-0.062437,-1.323060,-0.238782,-0.155419,-1.124607,-0.301839,-0.208710,-0.890443,-0.307353,0.180627,-0.830959,-0.178269,0.121180,-1.096406,-0.295276,-0.001412,-1.032460,-0.336007,-0.080274,-0.887294,-0.343615
TWO_FINGERS,-0.000000,0.000000,0.000000,-0.272958,-0.161979,-0.090208,-0.462383,-0.422600,-0.148133,-0.455362,-0.711068,-0.221841,-0.261433,-0.806531,-0.281901,-0.298428,-0.922171,0.024390,-0.444221,-1.263901,-0.052399,-0.521819,-1.471985,-0.115164,-0.584759,-1.671658,-0.169615,-0.136318,-0.990665,-0.025926,-0.206590,-1.435514,-0.135584,-0.268426,-1.691323,-0.234726,-0.314928,-1.911987,-0.304076,0.031044,-0.946758,-0.099637,-0.030086,-1.314664,-0.249913,-0.119565,-1.123610,-0.302810,-0.173009,-0.896195,-0.301860,0.201154,-0.816138,-0.191129,0.153018,-1.085135,-0.304125,0.030138,-1.027722,-0.337037,-0.053763,-0.887882,-0.338640
TWO_FINGERS,-0.000000,0.000000,0.000000,-0.262172,-0.168473,-0.091673,-0.442509,-0.446219,-0.150173,-0.424098,-0.728334,-0.224349,-0.232168,-0.811870,-0.284981,-0.268412,-0.923351,0.020697,-0.418050,-1.260226,-0.058283,-0.500532,-1.466507,-0.120144,-0.567075,-1.665833,-0.173206,-0.106743,-0.994287,-0.027884,-0.177164,-1.434362,-0.135986,-0.239522,-1.683466,-0.230158,-0.288211,-1.911749,-0.296804,0.057730,-0.952857,-0.100357,-0.001617,-1.322026,-0.246359,-0.087686,-1.117348,-0.290665,-0.140636,-0.889757,-0.285254,0.226337,-0.824497,-0.191551,0.180262,-1.084074,-0.300017,0.061773,-1.017756,-0.327396,-0.021470,-0.879198,-0.325444
TWO_FINGERS,-0.000000,0.000000,0.000000,-0.274177,-0.167471,-0.084251,-0.455374,-0.435715,-0.133587,-0.459186,-0.730099,-0.199433,-0.273687,-0.816471,-0.251752,-0.285771,-0.921414,0.044564,-0.431453,-1.269442,-0.027852,-0.511035,-1.482780,-0.088386,-0.575588,-1.689734,-0.141888,-0.125387,-0.992108,-0.004955,-0.195579,-1.436585,-0.113450,-0.251689,-1.687857,-0.213629,-0.293464,-1.915322,-0.283095,0.041849,-0.951101,-0.078127,-0.027045,-1.321821,-0.234157,-0.111580,-1.099437,-0.288695,-0.159166,-0.862574,-0.285880,0.215458,-0.826229,-0.168033,0.157318,-1.090216,-0.285948,0.042635,-0.999106,-0.319702,-0.027728,-0.838280,-0.320115
TWO_FINGERS,-0.000000,0.000000,0.000000,-0.268132,-0.166314,-0.092994,-0.447871,-0.438328,-0.162023,-0.439321,-0.727911,-0.248853,-0.245704,-0.836595,-0.321043,-0.291347,-0.923257,0.025079,-0.424336,-1.272541,-0.059794,-0.499387,-1.485211,-0.126267,-0.563059,-1.697137,-0.183793,-0.124630,-0.992203,-0.029468,-0.197497,-1.431749,-0.146682,-0.260045,-1.653966,-0.242548,-0.312017,-1.875278,-0.307305,0.046331,-0.957321,-0.109256,-0.038861,-1.334797,-0.269168,-0.119091,-1.090232,-0.314602,-0.157515,-0.851481,-0.305534,0.222417,-0.831791,-0.207047,0.152971,-1.083183,-0.320886,0.045460,-0.969766,-0.344985,-0.011082,-0.800447,-0.339129
TWO_FINGERS,-0.000000,0.000000,0.000000,-0.262865,-0.171148,-0.088216,-0.432318,-0.461303,-0.146935,-0.402553,-0.744588,-0.223848,-0.205224,-0.803642,-0.286814,-0.276430,-0.927693,0.037306,-0.405615,-1.272350,-0.039793,-0.483161,-1.481035,-0.099667,-0.546782,-1.683577,-0.151990,-0.111259,-0.993791,-0.015148,-0.184005,-1.427409,-0.120493,-0.249304,-1.654094,-0.209729,-0.300710,-1.872472,-0.271318,0.058620,-0.954253,-0.093174,-0.016463,-1.331115,-0.245378,-0.095215,-1.090105,-0.290094,-0.133144,-0.849781,-0.280835,0.233335,-0.828241,-0.189130,0.166221,-1.074878,-0.297479,0.059559,-0.960232,-0.321204,0.003822,-0.790461,-0.315890
TWO_FINGERS,-0.000000,0.000000,0.000000,-0.257272,-0.178462,-0.090408,-0.423891,-0.477523,-0.143392,-0.381214,-0.766074,-0.214279,-0.178651,-0.811288,-0.271077,-0.264151,-0.928250,0.052204,-0.397578,-1.274113,-0.017949,-0.481619,-1.486327,-0.070172,-0.550393,-1.689893,-0.116993,-0.101193,-0.994867,0.001727,-0.172584,-1.430820,-0.096648,-0.242549,-1.661694,-0.179725,-0.296036,-1.879778,-0.236448,0.066434,-0.955331,-0.076654,0.001741,-1.330727,-0.231419,-0.078409,-1.082590,-0.278935,-0.118056,-0.842334,-0.268259,0.235499,-0.832967,-0.172938,0.171166,-1.084085,-0.285526,0.059985,-0.966917,-0.313139,-0.001366,-0.798368,-0.308709
TWO_FINGERS,-0.000000,0.000000,0.000000,-0.259978,-0.164341,-0.097350,-0.439252,-0.467378,-0.165582,-0.405288,-0.758397,-0.250802,-0.203828,-0.831963,-0.320940,-0.277283,-0.923450,0.022278,-0.417299,-1.274860,-0.060591,-0.499464,-1.492153,-0.116002,-0.568070,-1.702644,-0.164642,-0.111674,-0.993745,-0.030397,-0.185239,-1.455191,-0.146690,-0.259518,-1.708288,-0.229295,-0.320405,-1.944539,-0.283445,0.057985,-0.957141,-0.109727,-0.018258,-1.349337,-0.275867,-0.094656,-1.080569,-0.307011,-0.130885,-0.833763,-0.283027,0.228427,-0.832034,-0.207774,0.146737,-1.095468,-0.325978,0.040765,-0.954386,-0.340500,-0.013217,-0.770156,-0.324264
TWO_FINGERS,-0.000000,0.000000,0.000000,-0.254960,-0.162822,-0.098199,-0.431792,-0.452570,-0.166244,-0.405607,-0.730916,-0.251845,-0.216110,-0.806377,-0.323346,-0.281090,-0.923860,0.022446,-0.422054,-1.262069,-0.062121,-0.504461,-1.476499,-0.121178,-0.572287,-1.684319,-0.172479,-0.116655,-0.993173,-0.030366,-0.189877,-1.447390,-0.149101,-0.258219,-1.704300,-0.236405,-0.313387,-1.945006,-0.294695,0.053906,-0.953252,-0.110159,-0.018810,-1.327029,-0.276402,-0.090321,-1.062554,-0.311118,-0.125735,-0.818764,-0.291020,0.225783,-0.826708,-0.209265,0.149780,-1.071159,-0.329671,0.043124,-0.936043,-0.348981,-0.015413,-0.762291,-0.336675
TWO_FINGERS,-0.000000,0.000000,0.000000,-0.259941,-0.163899,-0.098273,-0.437581,-0.465987,-0.167615,-0.394919,-0.739612,-0.254535,-0.206603,-0.800129,-0.329197,-0.297800,-0.922856,0.014433,-0.437944,-1.273867,-0.072831,-0.524181,-1.497435,-0.136302,-0.594311,-1.711092,-0.191348,-0.129515,-0.991578,-0.038931,-0.200987,-1.450536,-0.152957,-0.264172,-1.724060,-0.243785,-0.310482,-1.972044,-0.308322,0.045315,-0.953189,-0.118642,-0.026775,-1.322444,-0.280486,-0.092103,-1.069326,-0.321512,-0.120845,-0.831461,-0.309939,0.222298,-0.830156,-0.217948,0.139202,-1.056123,-0.337886,0.041207,-0.906364,-0.359679,-0.007522,-0.723414,-0.351543
TWO_FINGERS,-0.000000,0.000000,0.000000,-0.248207,-0.150854,-0.098595,-0.416744,-0.456631,-0.169323,-0.377886,-0.754317,-0.258531,-0.208142,-0.869850,-0.333434,-0.308568,-0.914983,0.030310,-0.449564,-1.274250,-0.051695,-0.533503,-1.504355,-0.112738,-0.598129,-1.724090,-0.168034,-0.141663,-0.989915,-0.023826,-0.221629,-1.453709,-0.135744,-0.284748,-1.736983,-0.227267,-0.328356,-2.002989,-0.291499,0.032590,-0.954502,-0.105070,-0.037181,-1.323494,-0.262978,-0.100468,-1.063395,-0.300405,-0.125174,-0.825671,-0.285401,0.209509,-0.829538,-0.205825,0.125218,-1.054475,-0.322911,0.026889,-0.904514,-0.342274,-0.019666,-0.723626,-0.330901
TWO_FINGERS,-0.000000,0.000000,0.000000,-0.240827,-0.168567,-0.087031,-0.380708,-0.517564,-0.154387,-0.298519,-0.830370,-0.242361,-0.120828,-0.947991,-0.316230,-0.296021,-0.925393,0.025151,-0.446855,-1.282041,-0.058466,-0.539369,-1.514712,-0.117401,-0.607209,-1.728384,-0.170843,-0.122515,-0.992467,-0.033911,-0.204652,-1.457757,-0.145408,-0.269587,-1.741247,-0.234065,-0.311976,-2.007403,-0.296519,0.052890,-0.945834,-0.118028,-0.007276,-1.286748,-0.268809,-0.079213,-1.013135,-0.299670,-0.105755,-0.775102,-0.280965,0.225887,-0.811775,-0.221413,0.148495,-1.010969,-0.330863,0.045410,-0.857408,-0.345852,-0.001699,-0.689185,-0.331791
TWO_FINGERS,-0.000000,0.000000,0.000000,-0.226220,-0.154122,-0.105978,-0.380400,-0.480766,-0.187768,-0.320965,-0.805232,-0.286833,-0.152065,-0.973422,-0.368616,-0.295809,-0.921195,0.011312,-0.461438,-1.292012,-0.078458,-0.558771,-1.527088,-0.134830,-0.635445,-1.751347,-0.186500,-0.123256,-0.992375,-0.042715,-0.214676,-1.475257,-0.169391,-0.288358,-1.759494,-0.254786,-0.339114,-2.037481,-0.309519,0.051636,-0.947328,-0.123520,-0.035493,-1.279699,-0.292426,-0.106061,-0.964758,-0.313053,-0.126141,-0.726698,-0.279479,0.228341,-0.808132,-0.224477,0.125239,-1.032595,-0.347089,0.027550,-0.847951,-0.355347,-0.007518,-0.660413,-0.330349
TWO_FINGERS,-0.000000,0.000000,0.000000,-0.241736,-0.135947,-0.105117,-0.404693,-0.457651,-0.186376,-0.342027,-0.777312,-0.284756,-0.179867,-0.948220,-0.366756,-0.333286,-0.906125,0.007010,-0.491423,-1.272856,-0.084446,-0.585615,-1.506143,-0.143116,-0.660649,-1.727846,-0.196127,-0.159018,-0.987276,-0.046556,-0.248225,-1.479805,-0.170898,-0.319554,-1.767625,-0.255096,-0.369239,-2.038890,-0.311499,0.021175,-0.948988,-0.126980,-0.057380,-1.284133,-0.287840,-0.127365,-0.992717,-0.306177,-0.155004,-0.761359,-0.276477,0.203286,-0.816160,-0.228584,0.102568,-1.007997,-0.347630,0.007143,-0.820244,-0.355579,-0.033556,-0.635725,-0.332491
TWO_FINGERS,-0.000000,0.000000,0.000000,-0.232878,-0.162063,-0.089412,-0.379037,-0.484206,-0.161036,-0.314894,-0.802375,-0.255311,-0.167041,-0.960413,-0.334187,-0.309869,-0.920477,0.045564,-0.465791,-1.288335,-0.035161,-0.561098,-1.522682,-0.093537,-0.634719,-1.744797,-0.148448,-0.140091,-0.990139,-0.015545,-0.227438,-1.460428,-0.129966,-0.294618,-1.750551,-0.223992,-0.338411,-2.033224,-0.288603,0.034421,-0.950031,-0.103868,-0.042332,-1.282497,-0.263811,-0.111700,-0.980290,-0.299288,-0.130722,-0.738830,-0.279755,0.212571,-0.822846,-0.211309,0.122660,-1.043723,-0.330275,0.016866,-0.869487,-0.348763,-0.027286,-0.685630,-0.334579
TWO_FINGERS,-0.000000,0.000000,0.000000,-0.246620,-0.150326,-0.084657,-0.397637,-0.501327,-0.152829,-0.295237,-0.812604,-0.243353,-0.115412,-0.922309,-0.320690,-0.328924,-0.909985,0.018914,-0.486089,-1.291476,-0.070405,-0.584967,-1.532670,-0.130877,-0.659525,-1.754358,-0.185584,-0.147990,-0.988989,-0.043136,-0.247706,-1.471369,-0.159183,-0.319700,-1.763585,-0.247811,-0.362776,-2.029126,-0.310969,0.035278,-0.953090,-0.129914,-0.041924,-1.254112,-0.283229,-0.103326,-0.956226,-0.312570,-0.122205,-0.720396,-0.293269,0.217018,-0.831980,-0.237156,0.114641,-0.991141,-0.349521,0.024001,-0.791184,-0.363191,-0.010908,-0.606217,-0.347644
TWO_FINGERS,-0.000000,0.000000,0.000000,-0.238776,-0.153095,-0.099720,-0.379067,-0.507078,-0.180572,-0.245453,-0.804223,-0.284164,-0.056907,-0.937127,-0.375481,-0.301630,-0.932394,0.004276,-0.456786,-1.320653,-0.097077,-0.552307,-1.566042,-0.175725,-0.626594,-1.788363,-0.243976,-0.108759,-0.994068,-0.053808,-0.202706,-1.488784,-0.183231,-0.281456,-1.795094,-0.297700,-0.329768,-2.063763,-0.380064,0.076164,-0.940261,-0.136518,-0.010985,-1.172498,-0.289132,-0.086735,-0.868000,-0.328938,-0.109775,-0.637132,-0.320047,0.257426,-0.806603,-0.242887,0.145441,-0.951285,-0.358397,0.047573,-0.750491,-0.377116,0.009798,-0.563097,-0.365768
TWO_FINGERS,-0.000000,0.000000,0.000000,-0.234759,-0.157241,-0.086149,-0.363122,-0.537354,-0.163406,-0.213683,-0.840974,-0.263266,-0.013890,-0.981680,-0.351311,-0.297473,-0.938362,0.002783,-0.451907,-1.332143,-0.097086,-0.545698,-1.585322,-0.168507,-0.616154,-1.814036,-0.231998,-0.096197,-0.995362,-0.061777,-0.187113,-1.508505,-0.188414,-0.267069,-1.824803,-0.289682,-0.319681,-2.094072,-0.364516,0.094584,-0.933772,-0.149491,0.009182,-1.206242,-0.301671,-0.069962,-0.914429,-0.331090,-0.097673,-0.686016,-0.316692,0.276775,-0.790816,-0.259195,0.152107,-0.921086,-0.373750,0.059244,-0.702023,-0.385449,0.024035,-0.510010,-0.370154
TWO_FINGERS,-0.000000,0.000000,0.000000,-0.234815,-0.154364,-0.060812,-0.362320,-0.545088,-0.129271,-0.218688,-0.835112,-0.224720,-0.018041,-0.958211,-0.308909,-0.293353,-0.939881,0.027355,-0.445621,-1.317189,-0.068334,-0.536163,-1.563448,-0.137310,-0.601243,-1.784354,-0.199121,-0.099575,-0.995030,-0.049512,-0.191353,-1.496444,-0.169319,-0.269569,-1.811228,-0.264962,-0.319398,-2.078318,-0.337102,0.088325,-0.933244,-0.148221,0.000534,-1.220468,-0.291358,-0.078552,-0.934203,-0.312528,-0.107865,-0.711962,-0.296563,0.267624,-0.791662,-0.267190,0.122936,-0.923892,-0.375126,0.029991,-0.695342,-0.378899,-0.002264,-0.501017,-0.360509
TWO_FINGERS,-0.000000,0.000000,0.000000,-0.234369,-0.152514,-0.077647,-0.371599,-0.517005,-0.151412,-0.229641,-0.805082,-0.249845,-0.019810,-0.927813,-0.335378,-0.304107,-0.936727,0.022721,-0.458153,-1.307627,-0.072246,-0.546421,-1.547094,-0.138645,-0.607160,-1.765313,-0.199147,-0.111987,-0.993710,-0.050610,-0.213696,-1.470980,-0.169115,-0.296019,-1.773793,-0.263877,-0.348006,-2.048628,-0.334669,0.077955,-0.933810,-0.148581,-0.014880,-1.200966,-0.297766,-0.094401,-0.921533,-0.327478,-0.126398,-0.712413,-0.315241,0.262812,-0.788524,-0.267592,0.128185,-0.922363,-0.380143,0.036610,-0.699041,-0.389391,-0.000019,-0.505088,-0.373692
TWO_FINGERS,-0.000000,0.000000,0.000000,-0.230752,-0.154603,-0.085685,-0.362439,-0.525998,-0.164420,-0.230034,-0.821308,-0.267939,-0.027334,-0.964955,-0.357907,-0.296961,-0.941421,0.021949,-0.460872,-1.319502,-0.077149,-0.553682,-1.560831,-0.150462,-0.618807,-1.781900,-0.215632,-0.110153,-0.993915,-0.046568,-0.209386,-1.487604,-0.175567,-0.298171,-1.794322,-0.283123,-0.351659,-2.061204,-0.359887,0.072309,-0.929246,-0.139500,-0.031339,-1.177657,-0.294012,-0.114957,-0.873043,-0.324777,-0.138232,-0.658074,-0.309778,0.250207,-0.778743,-0.254557,0.109163,-0.941610,-0.373111,0.021401,-0.719185,-0.383921,-0.000918,-0.522215,-0.366410
TWO_FINGERS,-0.000000,0.000000,0.000000,-0.231180,-0.162875,-0.085368,-0.369899,-0.520738,-0.162981,-0.254983,-0.811788,-0.265303,-0.067422,-0.952684,-0.353767,-0.290089,-0.941328,0.021538,-0.459493,-1.320858,-0.075913,-0.554301,-1.565836,-0.147648,-0.620795,-1.790492,-0.212494,-0.108720,-0.994072,-0.049022,-0.214644,-1.488540,-0.178119,-0.298712,-1.805705,-0.286256,-0.347155,-2.084508,-0.364285,0.074462,-0.935698,-0.143956,-0.035160,-1.173136,-0.300114,-0.117692,-0.869007,-0.332907,-0.145598,-0.659367,-0.319876,0.251319,-0.794977,-0.260998,0.097080,-0.956360,-0.382490,-0.004188,-0.738555,-0.395789,-0.039710,-0.544101,-0.380376
TWO_FINGERS,-0.000000,0.000000,0.000000,-0.227873,-0.155938,-0.092675,-0.357133,-0.516261,-0.173698,-0.222152,-0.799638,-0.277949,-0.021830,-0.932783,-0.369475,-0.296213,-0.940418,0.001054,-0.463793,-1.305752,-0.099877,-0.556376,-1.545099,-0.174492,-0.619634,-1.762899,-0.241143,-0.106480,-0.994315,-0.066216,-0.207512,-1.473817,-0.194875,-0.288737,-1.777947,-0.303643,-0.334620,-2.040913,-0.384213,0.080106,-0.928638,-0.157482,-0.025877,-1.139542,-0.308826,-0.107845,-0.836469,-0.343656,-0.135509,-0.624080,-0.335311,0.259234,-0.778755,-0.271871,0.111010,-0.909471,-0.390768,0.013287,-0.694291,-0.407065,-0.024100,-0.510366,-0.395363
TWO_FINGERS,-0.000000,0.000000,0.000000,-0.229463,-0.154566,-0.081342,-0.357117,-0.536142,-0.158214,-0.226482,-0.838072,-0.260579,-0.036036,-1.001500,-0.350311,-0.286208,-0.937978,0.026884,-0.456055,-1.321376,-0.071269,-0.549658,-1.573317,-0.146335,-0.615575,-1.803219,-0.214749,-0.101042,-0.994882,-0.046081,-0.210899,-1.501971,-0.172868,-0.294926,-1.824839,-0.285324,-0.345809,-2.099228,-0.369516,0.084199,-0.939009,-0.143285,-0.025610,-1.206903,-0.297205,-0.108670,-0.904240,-0.335177,-0.139368,-0.683761,-0.329450,0.262538,-0.801333,-0.262063,0.095549,-0.954435,-0.385447,-0.001890,-0.723252,-0.401933,-0.034474,-0.519442,-0.390977
TWO_FINGERS,-0.000000,0.000000,0.000000,-0.229964,-0.142008,-0.092573,-0.364570,-0.496439,-0.177315,-0.241654,-0.776362,-0.285227,-0.049098,-0.916014,-0.381379,-0.302210,-0.933617,-0.011500,-0.471951,-1.298776,-0.119556,-0.566560,-1.540218,-0.199096,-0.633156,-1.761842,-0.269024,-0.111674,-0.993745,-0.080748,-0.218253,-1.479742,-0.216472,-0.301423,-1.786292,-0.326927,-0.351677,-2.050146,-0.409271,0.077850,-0.931252,-0.173427,-0.033677,-1.150866,-0.327871,-0.116906,-0.851133,-0.361884,-0.149579,-0.635825,-0.354552,0.258657,-0.783523,-0.289278,0.103869,-0.893852,-0.409781,0.001631,-0.677535,-0.426231,-0.040973,-0.497272,-0.415600
TWO_FINGERS,-0.000000,0.000000,0.000000,-0.227132,-0.141714,-0.084072,-0.357459,-0.514008,-0.166934,-0.233588,-0.811400,-0.275127,-0.054302,-0.976678,-0.372589,-0.293687,-0.934432,0.003153,-0.463059,-1.317391,-0.102659,-0.555956,-1.570733,-0.182370,-0.622576,-1.802099,-0.254044,-0.105934,-0.994373,-0.071739,-0.216145,-1.505681,-0.206954,-0.300189,-1.829314,-0.320578,-0.353033,-2.097867,-0.405896,0.082775,-0.936897,-0.169524,-0.025856,-1.212120,-0.328926,-0.108361,-0.925809,-0.367892,-0.141575,-0.707512,-0.364032,0.265911,-0.796929,-0.288714,0.103159,-0.933828,-0.416937,0.005796,-0.711346,-0.435851,-0.027409,-0.515532,-0.427153
TWO_FINGERS,-0.000000,0.000000,0.000000,-0.228831,-0.145795,-0.079595,-0.359841,-0.512329,-0.155461,-0.226726,-0.799558,-0.256384,-0.034159,-0.941738,-0.345921,-0.304377,-0.933644,0.021064,-0.466102,-1.292174,-0.073090,-0.555856,-1.532381,-0.143124,-0.618105,-1.751610,-0.207700,-0.117318,-0.993095,-0.052884,-0.227642,-1.467853,-0.168559,-0.307926,-1.772979,-0.267137,-0.355195,-2.034713,-0.343814,0.070122,-0.932805,-0.151475,-0.032753,-1.192322,-0.296171,-0.106902,-0.909494,-0.329097,-0.134724,-0.696410,-0.323478,0.248988,-0.789182,-0.271464,0.090006,-0.907860,-0.387164,-0.005816,-0.680359,-0.400570,-0.042461,-0.487243,-0.389528
TWO_FINGERS,-0.000000,0.000000,0.000000,-0.226371,-0.155752,-0.078948,-0.353090,-0.517577,-0.160221,-0.225340,-0.814583,-0.267430,-0.041431,-0.983348,-0.361946,-0.298638,-0.933047,0.018970,-0.468667,-1.306738,-0.075582,-0.563947,-1.555556,-0.145756,-0.632106,-1.782545,-0.211858,-0.115800,-0.993272,-0.058411,-0.228953,-1.480089,-0.178104,-0.309166,-1.794386,-0.278866,-0.355533,-2.062132,-0.356440,0.069930,-0.935621,-0.159965,-0.036121,-1.223214,-0.310273,-0.111749,-0.945619,-0.344984,-0.138657,-0.738736,-0.339826,0.247687,-0.792682,-0.281720,0.078072,-0.945348,-0.404184,-0.030573,-0.733965,-0.419903,-0.072463,-0.545594,-0.410063
TWO_FINGERS,-0.000000,0.000000,0.000000,-0.231380,-0.151081,-0.081701,-0.358712,-0.520142,-0.159926,-0.225813,-0.814707,-0.263372,-0.037389,-0.959798,-0.353947,-0.306448,-0.937354,0.018578,-0.471656,-1.309371,-0.077917,-0.566221,-1.552883,-0.149335,-0.632334,-1.774531,-0.214153,-0.118273,-0.992981,-0.053013,-0.224797,-1.473923,-0.176932,-0.304767,-1.780738,-0.279404,-0.347616,-2.046379,-0.354543,0.068062,-0.928782,-0.148573,-0.029676,-1.183081,-0.298906,-0.108558,-0.888890,-0.329429,-0.134047,-0.676182,-0.317246,0.245834,-0.780898,-0.265478,0.096350,-0.923120,-0.381540,-0.001115,-0.704482,-0.392700,-0.033510,-0.518013,-0.377405
TWO_FINGERS,-0.000000,0.000000,0.000000,-0.230417,-0.159512,-0.078833,-0.357237,-0.533660,-0.152741,-0.230191,-0.834499,-0.252093,-0.041469,-0.988215,-0.337868,-0.301734,-0.936811,0.025607,-0.466653,-1.316148,-0.069943,-0.562035,-1.561017,-0.141350,-0.629701,-1.782047,-0.205301,-0.116682,-0.993169,-0.044005,-0.222202,-1.489569,-0.170039,-0.308781,-1.803999,-0.275592,-0.358401,-2.072776,-0.351609,0.065195,-0.933595,-0.137311,-0.041790,-1.173483,-0.285399,-0.126994,-0.878605,-0.313698,-0.153157,-0.667084,-0.298699,0.239790,-0.793136,-0.252494,0.090418,-0.942229,-0.365515,-0.006799,-0.733449,-0.376232,-0.036597,-0.548900,-0.359795
TWO_FINGERS,-0.000000,0.000000,0.000000,-0.233105,-0.157326,-0.077221,-0.363843,-0.537014,-0.140964,-0.231135,-0.836309,-0.229386,-0.035820,-0.978863,-0.305150,-0.302819,-0.936618,0.040104,-0.472265,-1.310081,-0.045928,-0.572925,-1.551805,-0.112937,-0.645661,-1.769625,-0.174154,-0.115385,-0.993321,-0.025050,-0.219929,-1.481033,-0.136934,-0.307980,-1.792175,-0.240775,-0.359130,-2.056609,-0.318658,0.067865,-0.935519,-0.114437,-0.041372,-1.148704,-0.251331,-0.123076,-0.857128,-0.286606,-0.147339,-0.647881,-0.278936,0.244164,-0.801859,-0.226140,0.092031,-0.923026,-0.332980,-0.002356,-0.710554,-0.348932,-0.032201,-0.527749,-0.337835
TWO_FINGERS,-0.000000,0.000000,0.000000,-0.229304,-0.155045,-0.082058,-0.360999,-0.533478,-0.153277,-0.233282,-0.833460,-0.249989,-0.046606,-0.989097,-0.334120,-0.297311,-0.935456,0.033729,-0.466557,-1.314669,-0.056700,-0.564710,-1.562413,-0.127414,-0.635540,-1.787736,-0.192103,-0.115864,-0.993265,-0.034632,-0.222260,-1.479910,-0.149596,-0.308688,-1.790603,-0.256367,-0.360184,-2.057472,-0.336315,0.064145,-0.939085,-0.127985,-0.040366,-1.188363,-0.270313,-0.126831,-0.911016,-0.310384,-0.159396,-0.708371,-0.306871,0.238156,-0.807229,-0.242990,0.087487,-0.962650,-0.356348,-0.014204,-0.761834,-0.375308,-0.053532,-0.580002,-0.367076
TWO_FINGERS,-0.000000,0.000000,0.000000,-0.238798,-0.150999,-0.091524,-0.368562,-0.520999,-0.168206,-0.227212,-0.815900,-0.269271,-0.029216,-0.972781,-0.358169,-0.314641,-0.932530,0.023894,-0.482658,-1.306000,-0.072899,-0.580137,-1.549448,-0.149505,-0.652564,-1.772555,-0.218005,-0.123433,-0.992353,-0.041019,-0.229845,-1.478117,-0.162629,-0.320833,-1.784466,-0.276133,-0.376979,-2.041656,-0.361290,0.062293,-0.935288,-0.131740,-0.041757,-1.162164,-0.279822,-0.124954,-0.870659,-0.325729,-0.153705,-0.657323,-0.325695,0.240923,-0.799109,-0.245325,0.095129,-0.925624,-0.363151,0.001773,-0.713525,-0.386760,-0.031528,-0.527734,-0.381408
TWO_FINGERS,-0.000000,0.000000,0.000000,-0.238003,-0.151530,-0.086062,-0.371796,-0.522699,-0.160664,-0.233316,-0.822517,-0.261713,-0.041638,-0.989242,-0.350635,-0.311302,-0.927766,0.043718,-0.481208,-1.307504,-0.047190,-0.577380,-1.558744,-0.120912,-0.647349,-1.788688,-0.189424,-0.126102,-0.992017,-0.027526,-0.237189,-1.491180,-0.143547,-0.329919,-1.812708,-0.257803,-0.387225,-2.079275,-0.344518,0.058618,-0.944266,-0.125606,-0.040627,-1.224860,-0.277021,-0.125001,-0.952777,-0.331667,-0.157841,-0.747907,-0.337891,0.240488,-0.815230,-0.244758,0.084072,-0.982124,-0.369948,-0.015015,-0.772379,-0.398009,-0.051400,-0.576309,-0.396273
TWO_FINGERS,-0.000000,0.000000,0.000000,-0.239198,-0.168669,-0.077233,-0.356284,-0.543405,-0.148148,-0.216783,-0.844351,-0.244913,-0.026353,-0.996417,-0.328354,-0.302057,-0.934761,0.034682,-0.469046,-1.311191,-0.058606,-0.569888,-1.554014,-0.132322,-0.645725,-1.773352,-0.198230,-0.112436,-0.993659,-0.031691,-0.215264,-1.487228,-0.155857,-0.304157,-1.791590,-0.267722,-0.356213,-2.051739,-0.348277,0.072969,-0.934681,-0.121585,-0.031255,-1.186002,-0.267664,-0.114957,-0.894313,-0.306276,-0.136408,-0.683276,-0.298454,0.253993,-0.793445,-0.232263,0.112030,-0.954006,-0.343235,0.016859,-0.752814,-0.360476,-0.008638,-0.572163,-0.349808
TWO_FINGERS,-0.000000,0.000000,0.000000,-0.234954,-0.153418,-0.081909,-0.368166,-0.546358,-0.157860,-0.239222,-0.866159,-0.257979,-0.051934,-1.026109,-0.344684,-0.288642,-0.943312,0.026493,-0.442688,-1.314656,-0.070562,-0.535933,-1.557034,-0.138174,-0.604715,-1.781039,-0.198793,-0.096674,-0.995316,-0.041991,-0.199993,-1.483394,-0.174047,-0.283308,-1.786181,-0.274803,-0.333872,-2.054113,-0.343930,0.088984,-0.931842,-0.134422,-0.011886,-1.200130,-0.298467,-0.094601,-0.865384,-0.321470,-0.122795,-0.629203,-0.296337,0.263638,-0.783729,-0.248020,0.124711,-0.941345,-0.368985,0.037358,-0.693912,-0.372413,0.011017,-0.488727,-0.347436
TWO_FINGERS,-0.000000,0.000000,0.000000,-0.226936,-0.138587,-0.097921,-0.388180,-0.495524,-0.187983,-0.312535,-0.812867,-0.297816,-0.128675,-0.977810,-0.392912,-0.279329,-0.938896,-0.010596,-0.430117,-1.299436,-0.123080,-0.516457,-1.529466,-0.194808,-0.581137,-1.748162,-0.255756,-0.097745,-0.995211,-0.076497,-0.198326,-1.478279,-0.228003,-0.281191,-1.769817,-0.325053,-0.337931,-2.038619,-0.388115,0.087864,-0.938118,-0.166113,-0.021962,-1.224949,-0.347306,-0.092192,-0.884047,-0.356989,-0.115930,-0.641301,-0.319881,0.263643,-0.792372,-0.278037,0.120796,-0.963997,-0.407805,0.041786,-0.710371,-0.402062,0.022014,-0.493290,-0.368023
TWO_FINGERS,-0.000000,0.000000,0.000000,-0.229134,-0.150145,-0.091449,-0.388712,-0.499572,-0.163897,-0.330550,-0.824893,-0.258003,-0.176183,-0.990316,-0.338948,-0.279302,-0.938404,0.022412,-0.434488,-1.290084,-0.075930,-0.523603,-1.516963,-0.145907,-0.588206,-1.733838,-0.207467,-0.104877,-0.994485,-0.042688,-0.210107,-1.455641,-0.186508,-0.295910,-1.747475,-0.295544,-0.351989,-2.007669,-0.367781,0.076640,-0.938952,-0.131723,-0.026792,-1.178699,-0.310288,-0.100403,-0.842183,-0.339214,-0.129542,-0.595689,-0.314430,0.251316,-0.799885,-0.242230,0.122648,-0.957923,-0.374066,0.029889,-0.723201,-0.384197,-0.009557,-0.515467,-0.361311
TWO_FINGERS,-0.000000,0.000000,0.000000,-0.236010,-0.150279,-0.083947,-0.411127,-0.496325,-0.143283,-0.381985,-0.828681,-0.223973,-0.223815,-0.992312,-0.291075,-0.287118,-0.932597,0.050178,-0.433367,-1.272689,-0.034791,-0.515254,-1.491418,-0.099735,-0.573616,-1.696942,-0.159285,-0.116778,-0.993158,-0.012860,-0.219961,-1.442705,-0.142693,-0.302179,-1.733257,-0.250697,-0.355803,-1.996427,-0.325132,0.066823,-0.943768,-0.100295,-0.042542,-1.179193,-0.268057,-0.111790,-0.858623,-0.302481,-0.136683,-0.613425,-0.283765,0.248288,-0.813115,-0.208475,0.117156,-0.950825,-0.335423,0.017259,-0.733702,-0.352192,-0.025260,-0.534893,-0.335521
TWO_FINGERS,-0.000000,0.000000,0.000000,-0.232358,-0.166447,-0.078761,-0.404441,-0.497993,-0.134174,-0.383282,-0.826226,-0.212321,-0.228048,-0.972412,-0.276751,-0.279135,-0.938815,0.061794,-0.425758,-1.283830,-0.018309,-0.502555,-1.500924,-0.077463,-0.556685,-1.708343,-0.133322,-0.110692,-0.993855,-0.005206,-0.216532,-1.435568,-0.131224,-0.297850,-1.718247,-0.235947,-0.353534,-1.989801,-0.307574,0.070966,-0.942517,-0.097511,-0.041313,-1.191800,-0.272333,-0.112520,-0.855999,-0.314280,-0.136762,-0.600848,-0.296613,0.248362,-0.809900,-0.208819,0.118166,-0.956669,-0.340513,0.013285,-0.742274,-0.362858,-0.031347,-0.542384,-0.349044
TWO_FINGERS,-0.000000,0.000000,0.000000,-0.239928,-0.162880,-0.078982,-0.415024,-0.478367,-0.137158,-0.413198,-0.798105,-0.217988,-0.270447,-0.956655,-0.285207,-0.300115,-0.936235,0.056814,-0.445650,-1.271457,-0.025380,-0.521914,-1.481308,-0.087065,-0.574212,-1.683204,-0.144363,-0.137130,-0.990553,-0.010564,-0.241207,-1.429181,-0.140365,-0.319713,-1.709567,-0.246806,-0.370765,-1.977161,-0.319477,0.043231,-0.935901,-0.102711,-0.063841,-1.184739,-0.275683,-0.138531,-0.855129,-0.313826,-0.166415,-0.604226,-0.295621,0.221250,-0.798708,-0.213961,0.095823,-0.948398,-0.344475,-0.013227,-0.738339,-0.364540,-0.062142,-0.542590,-0.349796
TWO_FINGERS,-0.000000,0.000000,0.000000,-0.246737,-0.187449,-0.071988,-0.408674,-0.512368,-0.112271,-0.387592,-0.837167,-0.174490,-0.223666,-0.931142,-0.222830,-0.285612,-0.943586,0.074807,-0.425496,-1.275221,0.004039,-0.497276,-1.480171,-0.049655,-0.545930,-1.668605,-0.101447,-0.123037,-0.992402,0.010440,-0.229042,-1.414777,-0.111782,-0.303019,-1.690056,-0.219948,-0.350521,-1.956398,-0.293134,0.055543,-0.932318,-0.078086,-0.036655,-1.178389,-0.255831,-0.111873,-0.854505,-0.309595,-0.144427,-0.601631,-0.297380,0.228821,-0.792535,-0.183403,0.119283,-0.960033,-0.317230,0.008716,-0.756445,-0.347602,-0.041639,-0.556706,-0.339514
TWO_FINGERS,-0.000000,0.000000,0.000000,-0.242503,-0.181037,-0.070720,-0.402664,-0.509132,-0.110755,-0.377000,-0.834970,-0.173567,-0.220907,-0.943740,-0.221834,-0.286035,-0.934476,0.088336,-0.426259,-1.261568,0.023584,-0.501216,-1.466125,-0.025129,-0.553350,-1.655924,-0.073458,-0.124530,-0.992216,0.024299,-0.225141,-1.423896,-0.087690,-0.299771,-1.703838,-0.186701,-0.347268,-1.970344,-0.254578,0.052481,-0.938848,-0.065625,-0.038835,-1.190358,-0.230302,-0.113055,-0.873829,-0.275910,-0.142853,-0.625837,-0.260518,0.225329,-0.803621,-0.173497,0.115724,-0.955822,-0.297876,0.004965,-0.758504,-0.324252,-0.046432,-0.568202,-0.313861
TWO_FINGERS,-0.000000,0.000000,0.000000,-0.237587,-0.181530,-0.078404,-0.398605,-0.496018,-0.129526,-0.377162,-0.813748,-0.202688,-0.222283,-0.943291,-0.260801,-0.281577,-0.936633,0.070315,-0.428491,-1.259523,-0.003812,-0.505933,-1.465031,-0.060991,-0.561268,-1.657185,-0.115233,-0.118714,-0.992929,0.006876,-0.221658,-1.424503,-0.116405,-0.297862,-1.706062,-0.222757,-0.346435,-1.971982,-0.294883,0.059581,-0.937139,-0.081751,-0.032673,-1.183652,-0.250963,-0.107993,-0.871415,-0.294801,-0.138974,-0.625514,-0.279044,0.234965,-0.796637,-0.189007,0.125039,-0.957294,-0.316364,0.011907,-0.763631,-0.340134,-0.042023,-0.570945,-0.327639
TWO_FINGERS,-0.000000,0.000000,0.000000,-0.234200,-0.164822,-0.085521,-0.405212,-0.480340,-0.141113,-0.394667,-0.802539,-0.217219,-0.246696,-0.944164,-0.278670,-0.287751,-0.931608,0.056015,-0.437016,-1.266683,-0.018781,-0.517459,-1.474088,-0.073742,-0.573524,-1.667451,-0.126407,-0.126371,-0.991983,-0.005275,-0.230994,-1.432258,-0.125281,-0.309423,-1.715503,-0.226155,-0.360208,-1.983174,-0.295726,0.052119,-0.940540,-0.092038,-0.046564,-1.192758,-0.256324,-0.116668,-0.878796,-0.295142,-0.142876,-0.630394,-0.277738,0.229921,-0.804071,-0.198425,0.116166,-0.958202,-0.322866,0.001978,-0.765685,-0.344540,-0.053784,-0.575387,-0.331083
TWO_FINGERS,-0.000000,0.000000,0.000000,-0.237612,-0.176858,-0.071220,-0.398715,-0.503742,-0.115745,-0.374060,-0.824672,-0.182615,-0.218426,-0.940556,-0.235479,-0.280856,-0.933598,0.074353,-0.422992,-1.261885,0.006460,-0.498662,-1.469540,-0.042842,-0.551143,-1.661738,-0.091578,-0.119810,-0.992797,0.009063,-0.221896,-1.430893,-0.102919,-0.297631,-1.719042,-0.199412,-0.346008,-1.988310,-0.267059,0.059190,-0.939812,-0.081197,-0.032206,-1.207116,-0.242419,-0.104182,-0.890294,-0.282772,-0.133536,-0.635557,-0.266429,0.236594,-0.804525,-0.189816,0.128188,-0.960543,-0.312547,0.016308,-0.762394,-0.335330,-0.037810,-0.569612,-0.323322
TWO_FINGERS,-0.000000,0.000000,0.000000,-0.242055,-0.166590,-0.078858,-0.412454,-0.490460,-0.125022,-0.397168,-0.822079,-0.192690,-0.254385,-0.960732,-0.246244,-0.303559,-0.927520,0.078564,-0.441632,-1.267537,0.013441,-0.516766,-1.479483,-0.033786,-0.570302,-1.675931,-0.081288,-0.140506,-0.990080,0.017098,-0.242736,-1.436707,-0.092953,-0.317612,-1.725822,-0.188192,-0.366969,-1.995091,-0.253887,0.038254,-0.942286,-0.071109,-0.050667,-1.220804,-0.234466,-0.122159,-0.911346,-0.277367,-0.155380,-0.660923,-0.261340,0.215934,-0.812982,-0.177875,0.110200,-0.976624,-0.303443,0.002999,-0.782410,-0.328808,-0.051156,-0.590638,-0.317618
TWO_FINGERS,-0.000000,0.000000,0.000000,-0.257251,-0.177331,-0.071914,-0.421694,-0.499325,-0.114633,-0.408753,-0.833232,-0.178914,-0.257811,-0.964143,-0.228286,-0.297466,-0.928070,0.081477,-0.437489,-1.274022,0.017476,-0.511015,-1.489618,-0.033590,-0.561810,-1.686681,-0.085230,-0.132275,-0.991213,0.019499,-0.233107,-1.443239,-0.093988,-0.304807,-1.737891,-0.199786,-0.348817,-2.008482,-0.273311,0.049179,-0.940612,-0.066360,-0.035683,-1.229659,-0.231380,-0.112033,-0.926522,-0.282065,-0.146883,-0.673837,-0.271530,0.231433,-0.804008,-0.169023,0.129931,-0.989593,-0.296269,0.016201,-0.799888,-0.324443,-0.039344,-0.599199,-0.315772
TWO_FINGERS,-0.000000,0.000000,0.000000,-0.273496,-0.169959,-0.063873,-0.444037,-0.485283,-0.100879,-0.453267,-0.829663,-0.159006,-0.306357,-0.973263,-0.203380,-0.296426,-0.929836,0.090735,-0.435951,-1.285819,0.030388,-0.510653,-1.509786,-0.020132,-0.562950,-1.719533,-0.072734,-0.129520,-0.991577,0.026723,-0.227962,-1.448534,-0.085187,-0.295583,-1.751720,-0.193030,-0.337764,-2.032227,-0.268899,0.053506,-0.940758,-0.059960,-0.019692,-1.272998,-0.233287,-0.095509,-0.974359,-0.289910,-0.135124,-0.718869,-0.282021,0.232453,-0.806184,-0.160922,0.136365,-1.018558,-0.298743,0.024415,-0.822375,-0.330928,-0.032446,-0.611176,-0.324330
TWO_FINGERS,-0.000000,0.000000,0.000000,-0.277832,-0.162164,-0.036876,-0.447267,-0.490183,-0.059126,-0.463369,-0.835277,-0.106845,-0.335883,-0.992966,-0.143348,-0.290510,-0.927114,0.118778,-0.424689,-1.292986,0.067335,-0.500108,-1.523888,0.020518,-0.553514,-1.736594,-0.029541,-0.124886,-0.992171,0.046896,-0.214752,-1.464010,-0.052689,-0.278904,-1.771806,-0.154794,-0.320370,-2.041091,-0.227834,0.056111,-0.948309,-0.045869,-0.015736,-1.310751,-0.202828,-0.089247,-1.029982,-0.252524,-0.128395,-0.775423,-0.244903,0.236392,-0.824881,-0.151367,0.140761,-1.039910,-0.279161,0.033080,-0.846320,-0.306534,-0.021999,-0.636063,-0.298709
TWO_FINGERS,-0.000000,0.000000,0.000000,-0.275299,-0.180391,-0.032959,-0.433746,-0.488985,-0.041028,-0.456857,-0.828964,-0.075663,-0.339542,-0.977693,-0.099821,-0.283027,-0.932087,0.159086,-0.412901,-1.284080,0.123650,-0.483642,-1.508601,0.085326,-0.533235,-1.714911,0.040015,-0.119804,-0.992798,0.089292,-0.209264,-1.455012,-0.002973,-0.270978,-1.755553,-0.107172,-0.309219,-2.017006,-0.180197,0.060370,-0.943956,-0.003823,-0.007070,-1.295931,-0.169642,-0.083180,-1.008677,-0.237834,-0.120233,-0.756329,-0.237053,0.236121,-0.821025,-0.107505,0.142461,-1.033960,-0.247138,0.034515,-0.844059,-0.291223,-0.016788,-0.641923,-0.292989
TWO_FINGERS,-0.000000,0.000000,0.000000,-0.273963,-0.167086,-0.033504,-0.438953,-0.455699,-0.052143,-0.470806,-0.784270,-0.098405,-0.368751,-0.950701,-0.134661,-0.291795,-0.927341,0.138504,-0.423923,-1.286667,0.094005,-0.497473,-1.510003,0.052900,-0.552093,-1.717546,0.006558,-0.129884,-0.991529,0.064488,-0.217664,-1.460772,-0.036282,-0.284215,-1.756653,-0.137696,-0.327876,-2.012698,-0.207944,0.048974,-0.944243,-0.031749,-0.023035,-1.292323,-0.200417,-0.093729,-0.993387,-0.258457,-0.126401,-0.740644,-0.251690,0.226465,-0.818362,-0.139135,0.129549,-1.030012,-0.280018,0.027494,-0.829421,-0.317116,-0.018922,-0.624051,-0.313438
TWO_FINGERS,-0.000000,0.000000,0.000000,-0.275790,-0.157109,-0.015669,-0.442726,-0.436166,-0.018070,-0.495185,-0.755480,-0.050161,-0.399406,-0.928122,-0.072203,-0.294014,-0.928497,0.180230,-0.422138,-1.293585,0.148984,-0.497665,-1.515727,0.110332,-0.552059,-1.721370,0.065902,-0.136355,-0.990660,0.106212,-0.218678,-1.459813,0.023918,-0.280753,-1.753012,-0.076596,-0.316838,-1.999567,-0.146961,0.038517,-0.945597,0.009693,-0.029011,-1.294018,-0.138939,-0.094592,-1.016025,-0.198874,-0.124909,-0.768104,-0.196273,0.216794,-0.825946,-0.097399,0.136286,-1.029364,-0.224683,0.037415,-0.843528,-0.262757,-0.011495,-0.645030,-0.260993
TWO_FINGERS,-0.000000,0.000000,0.000000,-0.272894,-0.167050,-0.006589,-0.436106,-0.444191,-0.000667,-0.497999,-0.764784,-0.026193,-0.412940,-0.936685,-0.042159,-0.294846,-0.925288,0.196352,-0.424287,-1.283791,0.168940,-0.496070,-1.504153,0.132879,-0.549054,-1.710358,0.090532,-0.142640,-0.989775,0.120399,-0.225766,-1.457101,0.037386,-0.286082,-1.746250,-0.063425,-0.323326,-1.991090,-0.132403,0.026972,-0.946006,0.021966,-0.035547,-1.297174,-0.131867,-0.100595,-1.021685,-0.195977,-0.132038,-0.777305,-0.193341,0.200960,-0.829055,-0.085380,0.124081,-1.038895,-0.217084,0.028202,-0.859712,-0.259513,-0.018990,-0.666502,-0.259640
TWO_FINGERS,-0.000000,0.000000,0.000000,-0.263738,-0.170411,-0.001009,-0.420776,-0.451090,0.007455,-0.484554,-0.763278,-0.017446,-0.423884,-0.943748,-0.033804,-0.284548,-0.930560,0.209877,-0.408937,-1.287692,0.188977,-0.481402,-1.508696,0.152428,-0.534613,-1.716110,0.108784,-0.131633,-0.991298,0.133152,-0.209786,-1.452168,0.061230,-0.267701,-1.740984,-0.040417,-0.301854,-1.983036,-0.112551,0.036497,-0.947979,0.034048,-0.021925,-1.286304,-0.105202,-0.090066,-1.022268,-0.171026,-0.124703,-0.785569,-0.174511,0.208373,-0.836972,-0.074299,0.134617,-1.032811,-0.196397,0.038798,-0.859077,-0.239629,-0.010706,-0.672994,-0.243276
TWO_FINGERS,-0.000000,0.000000,0.000000,-0.264913,-0.168833,-0.014005,-0.424112,-0.433847,-0.019658,-0.483103,-0.732987,-0.057165,-0.424677,-0.913944,-0.086499,-0.283499,-0.934079,0.176365,-0.408733,-1.293712,0.144238,-0.482221,-1.510458,0.103285,-0.536786,-1.713542,0.057669,-0.126364,-0.991984,0.100400,-0.204188,-1.449718,0.020566,-0.260706,-1.730913,-0.080034,-0.294429,-1.968675,-0.151140,0.045459,-0.942701,0.002209,-0.006355,-1.276630,-0.139389,-0.061352,-1.004228,-0.199955,-0.089657,-0.762917,-0.200840,0.222065,-0.820031,-0.106699,0.159624,-1.008942,-0.229192,0.065223,-0.835695,-0.268380,0.011790,-0.652832,-0.268962
TWO_FINGERS,-0.000000,0.000000,0.000000,-0.275606,-0.166145,-0.005964,-0.443729,-0.435908,-0.008885,-0.516454,-0.742926,-0.045075,-0.455831,-0.916905,-0.073265,-0.295324,-0.926970,0.182097,-0.426980,-1.288469,0.149422,-0.501608,-1.506800,0.108980,-0.556984,-1.713686,0.063645,-0.142532,-0.989790,0.101747,-0.225745,-1.456028,0.017516,-0.285908,-1.742027,-0.083796,-0.322639,-1.983772,-0.154659,0.026658,-0.945082,-0.000071,-0.032780,-1.294912,-0.149618,-0.090416,-1.019707,-0.210023,-0.118219,-0.774730,-0.208375,0.199684,-0.826655,-0.111360,0.126568,-1.026995,-0.239804,0.035531,-0.846757,-0.278424,-0.010205,-0.654947,-0.277423
TWO_FINGERS,-0.000000,0.000000,0.000000,-0.267560,-0.172048,-0.017397,-0.429866,-0.443700,-0.028829,-0.492895,-0.748908,-0.072138,-0.416285,-0.918572,-0.106635,-0.279561,-0.938250,0.169019,-0.411884,-1.297027,0.127445,-0.490250,-1.513793,0.079333,-0.550046,-1.718408,0.029169,-0.123216,-0.992380,0.091053,-0.199626,-1.454776,-0.002787,-0.259677,-1.737115,-0.112380,-0.296379,-1.975222,-0.187847,0.047939,-0.939980,-0.009257,-0.012618,-1.280481,-0.166134,-0.075902,-1.005644,-0.232186,-0.106234,-0.760842,-0.233321,0.223941,-0.814451,-0.120066,0.152090,-1.023833,-0.252391,0.055014,-0.848271,-0.293928,0.005442,-0.657090,-0.295072
TWO_FINGERS,-0.000000,0.000000,0.000000,-0.266709,-0.170275,-0.061230,-0.428239,-0.468859,-0.117001,-0.439017,-0.787830,-0.194448,-0.329059,-0.961166,-0.259939,-0.289519,-0.932216,0.046947,-0.427557,-1.302057,-0.028692,-0.507799,-1.530036,-0.089056,-0.565072,-1.741589,-0.146234,-0.108705,-0.994074,-0.020145,-0.185845,-1.469127,-0.137508,-0.236532,-1.755660,-0.239229,-0.261258,-2.012728,-0.310789,0.077342,-0.939980,-0.106309,0.037818,-1.301084,-0.260694,-0.021091,-1.026476,-0.293440,-0.052022,-0.778712,-0.278384,0.265946,-0.791609,-0.207927,0.213832,-1.005801,-0.326592,0.117506,-0.827095,-0.340630,0.062787,-0.632247,-0.324569
TWO_FINGERS,-0.000000,0.000000,0.000000,-0.256022,-0.186017,-0.066617,-0.408433,-0.497651,-0.119716,-0.398871,-0.812085,-0.192856,-0.261009,-0.921174,-0.252820,-0.261280,-0.940070,0.051096,-0.404579,-1.294935,-0.022102,-0.485324,-1.515024,-0.078049,-0.542607,-1.721221,-0.131694,-0.085307,-0.996355,-0.012641,-0.167206,-1.446957,-0.124780,-0.217919,-1.724128,-0.220398,-0.242133,-1.988914,-0.287639,0.097857,-0.936473,-0.097142,0.052590,-1.297835,-0.255155,-0.005222,-1.016897,-0.290770,-0.030676,-0.769754,-0.274327,0.281477,-0.781496,-0.196991,0.220075,-1.003707,-0.315972,0.120811,-0.824609,-0.331091,0.070503,-0.627854,-0.315390
TWO_FINGERS,-0.000000,0.000000,0.000000,-0.262755,-0.185837,-0.071219,-0.424830,-0.498116,-0.123082,-0.407031,-0.814035,-0.194821,-0.254874,-0.911453,-0.252986,-0.277847,-0.938056,0.050684,-0.432238,-1.294832,-0.022056,-0.515426,-1.518036,-0.076898,-0.575244,-1.729723,-0.129851,-0.097232,-0.995262,-0.011376,-0.178752,-1.452585,-0.126498,-0.236444,-1.738474,-0.224544,-0.267672,-2.007978,-0.293434,0.086876,-0.936362,-0.094773,0.029362,-1.279694,-0.259156,-0.039362,-0.978180,-0.298678,-0.070236,-0.720441,-0.282195,0.271444,-0.785221,-0.194062,0.201022,-0.997285,-0.317585,0.093696,-0.810619,-0.336557,0.036306,-0.610225,-0.322233
TWO_FINGERS,-0.000000,0.000000,0.000000,-0.257483,-0.176909,-0.068881,-0.420117,-0.497449,-0.115848,-0.401438,-0.830288,-0.181809,-0.251016,-0.956649,-0.233579,-0.279355,-0.932587,0.068855,-0.430898,-1.300897,0.007102,-0.512714,-1.531362,-0.041181,-0.571877,-1.744442,-0.091047,-0.100797,-0.994907,0.008758,-0.185272,-1.458738,-0.089553,-0.241686,-1.751824,-0.181417,-0.274779,-2.025109,-0.248421,0.082153,-0.944426,-0.073461,0.026759,-1.310581,-0.225334,-0.031846,-1.030584,-0.265194,-0.060457,-0.780714,-0.252067,0.267212,-0.800194,-0.171197,0.191970,-1.022282,-0.289402,0.090237,-0.832864,-0.307335,0.033796,-0.621657,-0.293227
TWO_FINGERS,-0.000000,0.000000,0.000000,-0.257223,-0.171046,-0.069702,-0.421138,-0.485755,-0.117935,-0.406859,-0.819822,-0.185037,-0.261876,-0.961459,-0.238146,-0.291660,-0.930070,0.062117,-0.441731,-1.291409,-0.002375,-0.522502,-1.520485,-0.051386,-0.581096,-1.735155,-0.102083,-0.111358,-0.993780,0.000759,-0.194238,-1.456410,-0.103203,-0.251793,-1.749799,-0.196168,-0.286097,-2.022369,-0.264293,0.074895,-0.940989,-0.082584,0.014475,-1.299694,-0.241516,-0.053312,-0.999026,-0.281653,-0.088142,-0.737980,-0.267920,0.263514,-0.794443,-0.181422,0.184815,-1.005579,-0.306577,0.078606,-0.807102,-0.327024,0.018942,-0.595150,-0.314117
TWO_FINGERS,-0.000000,0.000000,0.000000,-0.251456,-0.178759,-0.072284,-0.406874,-0.496358,-0.129301,-0.383560,-0.820533,-0.206619,-0.236218,-0.946169,-0.269562,-0.276120,-0.935298,0.051883,-0.425305,-1.296476,-0.020937,-0.508366,-1.523838,-0.076548,-0.568430,-1.734724,-0.131318,-0.096859,-0.995298,-0.011186,-0.177846,-1.457189,-0.126523,-0.236927,-1.748630,-0.226635,-0.269698,-2.018771,-0.297228,0.085557,-0.940929,-0.095678,0.025049,-1.291847,-0.261245,-0.046809,-0.991167,-0.303099,-0.078974,-0.736951,-0.288687,0.269781,-0.792039,-0.195715,0.189835,-1.015177,-0.322149,0.086907,-0.819413,-0.341696,0.037055,-0.608923,-0.327997
TWO_FINGERS,-0.000000,0.000000,0.000000,-0.254732,-0.181144,-0.065881,-0.410750,-0.497696,-0.110916,-0.397550,-0.833100,-0.176948,-0.256562,-0.978325,-0.228300,-0.284971,-0.932122,0.085952,-0.433576,-1.289077,0.028055,-0.512493,-1.512537,-0.018289,-0.566560,-1.721676,-0.067353,-0.110362,-0.993891,0.023357,-0.194029,-1.455799,-0.078020,-0.250640,-1.747977,-0.172821,-0.280563,-2.016871,-0.240093,0.070474,-0.941338,-0.062265,0.009283,-1.295047,-0.220991,-0.060173,-1.000935,-0.264220,-0.091742,-0.747587,-0.250228,0.253052,-0.796254,-0.162665,0.168853,-1.020183,-0.286744,0.065442,-0.828079,-0.307672,0.013524,-0.617060,-0.294096
TWO_FINGERS,-0.000000,0.000000,0.000000,-0.264931,-0.172270,-0.080845,-0.431581,-0.472521,-0.139315,-0.428513,-0.811342,-0.216361,-0.292642,-0.975727,-0.278929,-0.307299,-0.930101,0.053289,-0.457288,-1.301938,-0.019651,-0.537281,-1.532553,-0.077477,-0.594178,-1.751425,-0.134698,-0.125331,-0.992115,-0.007460,-0.210072,-1.456057,-0.125043,-0.265046,-1.746814,-0.231379,-0.293616,-2.017776,-0.306627,0.061146,-0.940118,-0.091057,-0.002938,-1.291394,-0.264827,-0.077226,-0.983197,-0.315606,-0.113153,-0.721184,-0.306065,0.247647,-0.796098,-0.190132,0.163296,-1.021403,-0.326389,0.055655,-0.822216,-0.353253,0.000419,-0.605003,-0.343473
TWO_FINGERS,-0.000000,0.000000,0.000000,-0.260670,-0.171479,-0.074039,-0.419255,-0.476344,-0.131591,-0.417480,-0.809122,-0.209763,-0.292863,-0.968885,-0.273906,-0.290982,-0.932087,0.063195,-0.439183,-1.306012,-0.007930,-0.523441,-1.536563,-0.067418,-0.586369,-1.754337,-0.126133,-0.109610,-0.993975,0.000889,-0.193664,-1.456006,-0.112558,-0.250596,-1.742986,-0.219911,-0.282046,-2.013175,-0.296460,0.075225,-0.941892,-0.083760,0.011119,-1.303275,-0.249836,-0.059315,-0.995333,-0.299580,-0.090010,-0.730214,-0.290982,0.260814,-0.795578,-0.183610,0.179682,-1.023360,-0.313044,0.071568,-0.827642,-0.337995,0.018056,-0.612526,-0.328190
TWO_FINGERS,-0.000000,0.000000,0.000000,-0.263895,-0.180233,-0.074645,-0.420358,-0.492131,-0.129713,-0.403713,-0.824750,-0.205078,-0.263169,-0.966390,-0.266274,-0.292361,-0.931498,0.062306,-0.440148,-1.301659,-0.007761,-0.522269,-1.533971,-0.065749,-0.582663,-1.753626,-0.123346,-0.111670,-0.993745,0.000843,-0.193291,-1.457319,-0.112995,-0.251971,-1.752550,-0.220755,-0.284143,-2.027478,-0.297622,0.072803,-0.941450,-0.082834,0.010376,-1.295697,-0.250578,-0.063196,-0.992698,-0.303017,-0.096102,-0.733664,-0.295490,0.258293,-0.795108,-0.181545,0.176099,-1.024763,-0.311852,0.067830,-0.830324,-0.338613,0.014038,-0.615647,-0.330066
TWO_FINGERS,-0.000000,0.000000,0.000000,-0.264229,-0.185711,-0.060549,-0.419176,-0.495650,-0.103410,-0.408579,-0.832175,-0.168257,-0.265687,-0.969053,-0.218705,-0.284494,-0.933791,0.091436,-0.430972,-1.300507,0.032202,-0.513049,-1.531627,-0.017784,-0.572674,-1.749637,-0.070199,-0.107771,-0.994176,0.026811,-0.187036,-1.456409,-0.079389,-0.244509,-1.753295,-0.181665,-0.275573,-2.028659,-0.253851,0.074599,-0.940557,-0.059949,0.015429,-1.301660,-0.227551,-0.057797,-0.995680,-0.279547,-0.089151,-0.736298,-0.269061,0.257311,-0.795611,-0.160115,0.175929,-1.033355,-0.291592,0.069295,-0.834934,-0.318366,0.019196,-0.617128,-0.308254
TWO_FINGERS,-0.000000,0.000000,0.000000,-0.263673,-0.188279,-0.069342,-0.421695,-0.506894,-0.124891,-0.405844,-0.840730,-0.200281,-0.257059,-0.972874,-0.260669,-0.278656,-0.936968,0.056667,-0.430114,-1.307544,-0.015082,-0.515921,-1.537364,-0.070985,-0.578503,-1.753506,-0.126548,-0.098583,-0.995129,-0.006828,-0.180397,-1.459746,-0.123465,-0.239665,-1.750867,-0.225218,-0.273286,-2.022258,-0.296461,0.087060,-0.939083,-0.091109,0.024888,-1.301008,-0.259553,-0.045549,-1.003463,-0.302503,-0.076183,-0.752604,-0.287904,0.272858,-0.788795,-0.189933,0.188226,-1.023682,-0.318640,0.083594,-0.825196,-0.337608,0.035406,-0.609418,-0.322821
TWO_FINGERS,-0.000000,0.000000,0.000000,-0.267954,-0.183971,-0.072599,-0.430281,-0.504581,-0.120945,-0.414972,-0.845094,-0.188119,-0.261016,-0.986572,-0.240429,-0.287065,-0.932803,0.071662,-0.438989,-1.294267,0.007904,-0.521481,-1.520358,-0.042548,-0.580689,-1.733289,-0.094170,-0.109714,-0.993963,0.012479,-0.193174,-1.459978,-0.096963,-0.253028,-1.753209,-0.196540,-0.287098,-2.022211,-0.266231,0.073633,-0.939548,-0.069224,0.011628,-1.298949,-0.235551,-0.058255,-1.003522,-0.281677,-0.090509,-0.750324,-0.268132,0.258180,-0.791908,-0.165678,0.175244,-1.026960,-0.295154,0.071218,-0.833487,-0.317918,0.019559,-0.619775,-0.304905
TWO_FINGERS,-0.000000,0.000000,0.000000,-0.265540,-0.177005,-0.073989,-0.426805,-0.481322,-0.128202,-0.432848,-0.818958,-0.201678,-0.309787,-0.987956,-0.261575,-0.294626,-0.931259,0.057923,-0.437965,-1.305636,-0.009981,-0.517577,-1.537212,-0.065103,-0.575344,-1.754944,-0.120554,-0.118129,-0.992998,-0.002429,-0.199225,-1.459592,-0.114697,-0.254619,-1.748706,-0.217156,-0.286319,-2.016139,-0.289873,0.065960,-0.939612,-0.084472,0.009240,-1.305090,-0.248989,-0.056199,-1.019576,-0.296351,-0.088013,-0.767259,-0.286892,0.254686,-0.792465,-0.181325,0.180678,-1.022234,-0.311327,0.075039,-0.839435,-0.336815,0.019318,-0.633057,-0.327120
TWO_FINGERS,-0.000000,0.000000,0.000000,-0.268363,-0.180697,-0.071392,-0.429416,-0.480867,-0.120092,-0.435353,-0.822459,-0.187538,-0.303345,-0.988162,-0.240214,-0.295707,-0.931635,0.071109,-0.437832,-1.304555,0.007942,-0.517539,-1.532970,-0.043453,-0.576713,-1.745169,-0.096159,-0.121224,-0.992625,0.011787,-0.198753,-1.460698,-0.097040,-0.253831,-1.749890,-0.198759,-0.285992,-2.017884,-0.270252,0.061783,-0.938870,-0.069699,0.008054,-1.306263,-0.233946,-0.057212,-1.017795,-0.282911,-0.087920,-0.763276,-0.272640,0.248767,-0.792476,-0.165559,0.178775,-1.028323,-0.294980,0.073004,-0.845797,-0.321320,0.017817,-0.636354,-0.311349
TWO_FINGERS,-0.000000,0.000000,0.000000,-0.271869,-0.186323,-0.071817,-0.425918,-0.485798,-0.118333,-0.427124,-0.825667,-0.184360,-0.296879,-0.979287,-0.236595,-0.293754,-0.933776,0.077109,-0.434183,-1.304412,0.014794,-0.513259,-1.532644,-0.038370,-0.571807,-1.746298,-0.092728,-0.118871,-0.992910,0.018173,-0.200081,-1.452440,-0.091716,-0.253203,-1.739488,-0.198712,-0.282281,-2.007660,-0.273724,0.064449,-0.939091,-0.063344,0.012150,-1.301428,-0.232919,-0.053470,-1.008038,-0.290666,-0.083827,-0.752909,-0.284952,0.250410,-0.794470,-0.158674,0.178334,-1.031017,-0.293124,0.073253,-0.845887,-0.325754,0.020944,-0.636409,-0.320171
TWO_FINGERS,-0.000000,0.000000,0.000000,-0.270227,-0.188802,-0.071066,-0.423513,-0.491382,-0.117683,-0.426890,-0.832496,-0.183094,-0.296457,-0.987163,-0.234346,-0.291437,-0.933621,0.070205,-0.433984,-1.303887,0.007152,-0.515465,-1.530867,-0.045553,-0.577000,-1.743001,-0.099309,-0.118512,-0.992953,0.012062,-0.196113,-1.455530,-0.097852,-0.251386,-1.743411,-0.202982,-0.284291,-2.011336,-0.276974,0.062823,-0.936651,-0.067965,0.012237,-1.302961,-0.233937,-0.057200,-1.020427,-0.288738,-0.090814,-0.769359,-0.282267,0.247565,-0.788484,-0.161711,0.180867,-1.029037,-0.292506,0.071708,-0.853291,-0.323493,0.014424,-0.648183,-0.317568
TWO_FINGERS,-0.000000,0.000000,0.000000,-0.261181,-0.182176,-0.071107,-0.418350,-0.485589,-0.121713,-0.410246,-0.818150,-0.191759,-0.272603,-0.960894,-0.247127,-0.290442,-0.932900,0.062046,-0.435310,-1.302049,-0.004136,-0.516051,-1.532509,-0.055909,-0.573920,-1.746564,-0.108568,-0.113968,-0.993484,0.000628,-0.198008,-1.452107,-0.110197,-0.254485,-1.743479,-0.209437,-0.285683,-2.015631,-0.279341,0.070398,-0.939894,-0.082518,0.015843,-1.288850,-0.247522,-0.056660,-0.990692,-0.293328,-0.093996,-0.733966,-0.280798,0.257102,-0.795593,-0.180560,0.183995,-1.016875,-0.308135,0.075944,-0.829230,-0.331905,0.018647,-0.621174,-0.320416
TWO_FINGERS,-0.000000,0.000000,0.000000,-0.262981,-0.189826,-0.059300,-0.416482,-0.494972,-0.102648,-0.402364,-0.830181,-0.167233,-0.250486,-0.964679,-0.216836,-0.289287,-0.933222,0.082946,-0.437335,-1.299688,0.022645,-0.517757,-1.528987,-0.026106,-0.574518,-1.745017,-0.077418,-0.112763,-0.993622,0.017458,-0.195648,-1.451362,-0.088911,-0.250144,-1.744573,-0.187711,-0.277811,-2.019072,-0.257691,0.070534,-0.939234,-0.069457,0.012834,-1.293455,-0.235935,-0.062157,-0.988738,-0.285457,-0.097060,-0.732087,-0.274203,0.254193,-0.794010,-0.169641,0.169113,-1.021533,-0.299416,0.063044,-0.822322,-0.324676,0.012930,-0.605910,-0.314073
TWO_FINGERS,-0.000000,0.000000,0.000000,-0.267404,-0.187094,-0.066343,-0.423764,-0.487275,-0.112375,-0.413800,-0.825536,-0.178576,-0.263896,-0.964403,-0.230234,-0.296956,-0.931414,0.073270,-0.448976,-1.301585,0.008708,-0.530958,-1.532635,-0.042702,-0.589503,-1.751443,-0.095560,-0.120140,-0.992757,0.010034,-0.204821,-1.455129,-0.103321,-0.260611,-1.749813,-0.206699,-0.289521,-2.025437,-0.279111,0.063376,-0.939796,-0.074986,0.003618,-1.294684,-0.250398,-0.071485,-0.982854,-0.304867,-0.105894,-0.720054,-0.294828,0.247120,-0.797635,-0.173437,0.164676,-1.026992,-0.310165,0.058460,-0.827915,-0.340168,0.008502,-0.611207,-0.331965
TWO_FINGERS,-0.000000,0.000000,0.000000,-0.265394,-0.187462,-0.066607,-0.426278,-0.490073,-0.114060,-0.420649,-0.829337,-0.180694,-0.263463,-0.955307,-0.232008,-0.297429,-0.931879,0.063042,-0.450865,-1.304607,-0.003321,-0.531229,-1.534254,-0.054173,-0.587218,-1.750614,-0.106454,-0.120608,-0.992700,-0.000605,-0.205449,-1.451865,-0.114021,-0.261520,-1.742775,-0.214747,-0.289543,-2.022105,-0.285585,0.062907,-0.937974,-0.085122,0.003314,-1.290402,-0.257928,-0.070843,-0.977011,-0.308264,-0.102194,-0.712019,-0.295800,0.245703,-0.790660,-0.183249,0.164064,-1.016876,-0.315618,0.054240,-0.821019,-0.341981,0.003436,-0.604354,-0.331530
TWO_FINGERS,-0.000000,0.000000,0.000000,-0.260803,-0.189669,-0.065361,-0.415716,-0.498744,-0.113585,-0.402936,-0.839563,-0.181315,-0.243602,-0.975827,-0.233018,-0.288839,-0.933495,0.071092,-0.438348,-1.305310,0.006878,-0.518301,-1.536345,-0.044185,-0.574748,-1.753377,-0.096658,-0.114019,-0.993479,0.008387,-0.196232,-1.450795,-0.100761,-0.250889,-1.740518,-0.199987,-0.279130,-2.018533,-0.269250,0.066454,-0.940310,-0.075479,0.013477,-1.299099,-0.241376,-0.056539,-0.999965,-0.288291,-0.085931,-0.746206,-0.274604,0.247339,-0.793519,-0.172947,0.168303,-1.030465,-0.299112,0.062494,-0.840326,-0.321372,0.014473,-0.626369,-0.308506
TWO_FINGERS,-0.000000,0.000000,0.000000,-0.269844,-0.184358,-0.061167,-0.429648,-0.485412,-0.099795,-0.425999,-0.823782,-0.158436,-0.275652,-0.959413,-0.202511,-0.300823,-0.931472,0.087537,-0.444516,-1.297108,0.031380,-0.521444,-1.525320,-0.015224,-0.576442,-1.738768,-0.064798,-0.128584,-0.991699,0.025691,-0.207920,-1.448565,-0.076262,-0.262191,-1.736107,-0.173585,-0.292445,-2.002825,-0.242346,0.051950,-0.938098,-0.058185,-0.003198,-1.293334,-0.222304,-0.074942,-0.999960,-0.275045,-0.109166,-0.746372,-0.265948,0.234893,-0.796297,-0.155186,0.157301,-1.019574,-0.284192,0.052661,-0.830026,-0.313412,0.001219,-0.620086,-0.305756
TWO_FINGERS,-0.000000,0.000000,0.000000,-0.271019,-0.191889,-0.063640,-0.422539,-0.496209,-0.103038,-0.409748,-0.835456,-0.163234,-0.261818,-0.970973,-0.209067,-0.293723,-0.933168,0.095998,-0.431774,-1.306570,0.041048,-0.508133,-1.536016,-0.008014,-0.564579,-1.750226,-0.060143,-0.117032,-0.993128,0.035328,-0.193949,-1.453414,-0.065419,-0.247000,-1.745366,-0.170199,-0.275284,-2.015529,-0.245124,0.064997,-0.940883,-0.048211,0.010532,-1.304139,-0.213115,-0.062192,-1.006736,-0.274680,-0.093453,-0.747378,-0.271890,0.247943,-0.801112,-0.144916,0.167617,-1.033618,-0.275707,0.060425,-0.841974,-0.310239,0.010148,-0.627145,-0.307265
TWO_FINGERS,-0.000000,0.000000,0.000000,-0.272422,-0.188670,-0.064737,-0.425963,-0.490906,-0.103690,-0.419334,-0.828520,-0.162405,-0.278147,-0.963443,-0.207226,-0.297689,-0.932524,0.087811,-0.433514,-1.301542,0.031501,-0.510062,-1.528881,-0.017541,-0.568492,-1.740169,-0.068827,-0.124716,-0.992192,0.028982,-0.201318,-1.445514,-0.071007,-0.253306,-1.730805,-0.172447,-0.283739,-1.996481,-0.245100,0.055059,-0.938564,-0.052440,0.006722,-1.301183,-0.214214,-0.060593,-1.017604,-0.272510,-0.094359,-0.764718,-0.268815,0.237358,-0.797666,-0.147146,0.167991,-1.026429,-0.275013,0.062896,-0.844206,-0.308261,0.007864,-0.636577,-0.304966
TWO_FINGERS,-0.000000,0.000000,0.000000,-0.272658,-0.186746,-0.064028,-0.426520,-0.488579,-0.100538,-0.416734,-0.824436,-0.157369,-0.267523,-0.954540,-0.200773,-0.295895,-0.931271,0.092008,-0.430086,-1.295819,0.035907,-0.506857,-1.523786,-0.014348,-0.564717,-1.732808,-0.066586,-0.123011,-0.992405,0.031849,-0.199498,-1.450833,-0.067616,-0.252788,-1.739585,-0.172720,-0.284729,-2.004633,-0.248946,0.057525,-0.941235,-0.051362,0.008647,-1.304696,-0.213148,-0.062982,-1.021370,-0.276389,-0.101585,-0.762371,-0.277093,0.240721,-0.804588,-0.148188,0.172220,-1.028759,-0.277649,0.064845,-0.847662,-0.314636,0.005660,-0.638585,-0.314694
TWO_FINGERS,-0.000000,0.000000,0.000000,-0.267713,-0.195015,-0.060115,-0.415072,-0.499046,-0.096690,-0.411096,-0.838901,-0.154742,-0.274902,-0.978192,-0.198984,-0.286199,-0.933506,0.098077,-0.421228,-1.303221,0.043894,-0.496722,-1.533483,-0.005027,-0.552594,-1.747196,-0.056896,-0.114180,-0.993460,0.036294,-0.190490,-1.452793,-0.064797,-0.243756,-1.743554,-0.169773,-0.274974,-2.012961,-0.244770,0.065589,-0.941823,-0.048127,0.014835,-1.310721,-0.213477,-0.059606,-1.025228,-0.276199,-0.096658,-0.767212,-0.274361,0.248723,-0.803886,-0.145117,0.178684,-1.040973,-0.276896,0.069438,-0.862487,-0.313318,0.013050,-0.653485,-0.311856
TWO_FINGERS,-0.000000,0.000000,0.000000,-0.270311,-0.180363,-0.060462,-0.426541,-0.480060,-0.098463,-0.419375,-0.809024,-0.158057,-0.278715,-0.945444,-0.204327,-0.298481,-0.930425,0.089244,-0.431989,-1.297603,0.031315,-0.509836,-1.525979,-0.018722,-0.568680,-1.737224,-0.070439,-0.122707,-0.992443,0.026630,-0.198343,-1.455377,-0.075725,-0.253785,-1.742480,-0.176954,-0.287108,-2.002661,-0.249502,0.059837,-0.940727,-0.058505,0.006678,-1.292130,-0.218760,-0.066468,-1.005983,-0.274548,-0.106541,-0.753330,-0.270375,0.244949,-0.803400,-0.157650,0.171781,-1.014606,-0.285010,0.066440,-0.832559,-0.317811,0.008799,-0.630792,-0.314360
TWO_FINGERS,-0.000000,0.000000,0.000000,-0.269852,-0.185651,-0.061561,-0.423060,-0.478893,-0.102387,-0.430712,-0.821714,-0.163673,-0.297978,-0.971673,-0.210732,-0.295067,-0.929865,0.085257,-0.437395,-1.304800,0.026566,-0.514134,-1.536469,-0.022500,-0.569646,-1.752668,-0.074157,-0.122542,-0.992463,0.023025,-0.206013,-1.453200,-0.085965,-0.256885,-1.740299,-0.189179,-0.284345,-2.012121,-0.261011,0.056687,-0.941560,-0.060772,-0.000122,-1.307051,-0.232744,-0.070600,-1.007794,-0.289343,-0.101664,-0.747560,-0.280918,0.236431,-0.801331,-0.156935,0.159422,-1.034062,-0.291662,0.052518,-0.846720,-0.324060,0.001455,-0.635908,-0.317888
TWO_FINGERS,-0.000000,0.000000,0.000000,-0.274897,-0.188167,-0.059506,-0.429966,-0.493311,-0.089054,-0.422030,-0.834141,-0.139107,-0.273472,-0.963187,-0.175916,-0.292705,-0.932169,0.105441,-0.424922,-1.301715,0.056745,-0.502357,-1.530364,0.013250,-0.561126,-1.740764,-0.034456,-0.120428,-0.992722,0.045256,-0.198111,-1.450091,-0.047969,-0.253157,-1.738462,-0.146916,-0.286186,-2.000702,-0.218169,0.060090,-0.941646,-0.038339,0.004740,-1.306684,-0.199812,-0.064476,-1.025214,-0.262805,-0.098750,-0.769110,-0.261482,0.240916,-0.807220,-0.134736,0.166343,-1.032512,-0.264881,0.061830,-0.850266,-0.302300,0.008433,-0.641287,-0.301635
TWO_FINGERS,-0.000000,0.000000,0.000000,-0.300000,-0.154328,-0.081190,-0.485273,-0.454946,-0.146881,-0.493604,-0.789217,-0.229811,-0.351099,-0.951116,-0.299050,-0.340711,-0.919305,0.017195,-0.482020,-1.309971,-0.070947,-0.560512,-1.550416,-0.141539,-0.619877,-1.773543,-0.206677,-0.154496,-0.987993,-0.043686,-0.231889,-1.473640,-0.173300,-0.287484,-1.772462,-0.287447,-0.321870,-2.043064,-0.369202,0.038555,-0.939410,-0.124162,-0.016317,-1.316525,-0.292302,-0.085420,-1.026112,-0.337695,-0.124095,-0.757457,-0.330038,0.233755,-0.794242,-0.221033,0.162770,-1.017769,-0.350469,0.047695,-0.834601,-0.373673,-0.020648,-0.623049,-0.364369
TWO_FINGERS,-0.000000,0.000000,0.000000,-0.274591,-0.169789,-0.083415,-0.444054,-0.474779,-0.147718,-0.442724,-0.807020,-0.230585,-0.293139,-0.954091,-0.298290,-0.305712,-0.932862,0.040998,-0.445759,-1.308097,-0.040799,-0.524126,-1.541643,-0.108099,-0.582339,-1.757720,-0.171393,-0.127334,-0.991860,-0.019587,-0.197057,-1.463420,-0.143638,-0.250598,-1.761830,-0.258725,-0.284636,-2.039198,-0.339612,0.058502,-0.938966,-0.102480,0.002224,-1.306100,-0.273439,-0.070203,-1.016273,-0.327380,-0.105671,-0.755253,-0.321553,0.247210,-0.791719,-0.201628,0.177734,-1.028962,-0.332757,0.065064,-0.851414,-0.360627,0.005046,-0.641310,-0.353361
TWO_FINGERS,-0.000000,0.000000,0.000000,-0.284485,-0.201428,-0.065291,-0.440601,-0.480768,-0.107274,-0.443113,-0.800777,-0.169589,-0.298221,-0.895803,-0.219587,-0.301784,-0.938768,0.068565,-0.450630,-1.304446,-0.000867,-0.530648,-1.532102,-0.061399,-0.591200,-1.742866,-0.119641,-0.130099,-0.991501,0.007090,-0.212023,-1.442440,-0.114379,-0.262499,-1.728518,-0.231579,-0.290980,-1.991043,-0.313028,0.050975,-0.930333,-0.075295,0.000094,-1.294239,-0.258528,-0.076535,-1.004605,-0.329500,-0.115633,-0.738223,-0.330278,0.233329,-0.787047,-0.170062,0.172183,-1.032457,-0.312764,0.059772,-0.859330,-0.355985,0.000968,-0.651261,-0.358850
TWO_FINGERS,-0.000000,0.000000,0.000000,-0.268661,-0.160531,-0.066781,-0.442507,-0.456876,-0.116220,-0.433087,-0.784383,-0.185449,-0.276723,-0.906548,-0.239495,-0.337149,-0.920478,0.064186,-0.487277,-1.266573,-0.002640,-0.566167,-1.486745,-0.052437,-0.623619,-1.694949,-0.102506,-0.160123,-0.987097,0.000571,-0.249715,-1.429056,-0.110410,-0.306451,-1.703734,-0.201778,-0.338727,-1.964123,-0.264548,0.023905,-0.936449,-0.085276,-0.040857,-1.274127,-0.253576,-0.110442,-0.963567,-0.293081,-0.142356,-0.704937,-0.273773,0.207104,-0.794981,-0.185724,0.115194,-0.998775,-0.312331,0.016149,-0.795256,-0.331570,-0.029668,-0.584247,-0.316265
TWO_FINGERS,-0.000000,0.000000,0.000000,-0.267832,-0.202053,-0.072578,-0.420966,-0.516911,-0.110479,-0.363679,-0.852598,-0.169600,-0.177931,-0.967752,-0.211448,-0.333673,-0.931995,0.115551,-0.480191,-1.277793,0.067882,-0.558853,-1.494102,0.031098,-0.617160,-1.701197,-0.010840,-0.158033,-0.987434,0.056785,-0.252335,-1.415706,-0.036845,-0.315767,-1.692873,-0.126933,-0.351693,-1.971229,-0.187125,0.026483,-0.935315,-0.030026,-0.033315,-1.244221,-0.199691,-0.104238,-0.918596,-0.257155,-0.127164,-0.670560,-0.242660,0.203186,-0.802916,-0.131476,0.112091,-1.019849,-0.258939,0.007781,-0.810818,-0.289662,-0.031557,-0.602500,-0.280312
TWO_FINGERS,-0.000000,0.000000,0.000000,-0.275508,-0.176040,-0.073997,-0.441633,-0.505315,-0.116849,-0.362796,-0.835199,-0.181710,-0.170356,-0.957210,-0.229986,-0.355121,-0.914942,0.108866,-0.506332,-1.252433,0.053934,-0.593619,-1.469612,0.012729,-0.661391,-1.677546,-0.030865,-0.176577,-0.984287,0.049098,-0.271773,-1.421064,-0.043397,-0.341889,-1.698815,-0.130190,-0.385587,-1.969054,-0.189742,0.005928,-0.945469,-0.039940,-0.061304,-1.258629,-0.201652,-0.125766,-0.928542,-0.249297,-0.147707,-0.680957,-0.232919,0.184816,-0.826810,-0.145451,0.083480,-1.035294,-0.267614,-0.009692,-0.810493,-0.290800,-0.047285,-0.595543,-0.278077
TWO_FINGERS,-0.000000,0.000000,0.000000,-0.282639,-0.166355,-0.082780,-0.453230,-0.488676,-0.127514,-0.377418,-0.834020,-0.193262,-0.195665,-0.981202,-0.242904,-0.373529,-0.908718,0.107712,-0.531855,-1.256714,0.054521,-0.627365,-1.479795,0.013550,-0.704448,-1.692582,-0.031507,-0.192836,-0.981231,0.050554,-0.293754,-1.423115,-0.041689,-0.367446,-1.708241,-0.132994,-0.416130,-1.987301,-0.196593,-0.007926,-0.945444,-0.036979,-0.079222,-1.273622,-0.205842,-0.141764,-0.944273,-0.264177,-0.163352,-0.690963,-0.253851,0.174327,-0.830322,-0.140775,0.071649,-1.047129,-0.272111,-0.024807,-0.825395,-0.304399,-0.065093,-0.607488,-0.297444
TWO_FINGERS,-0.000000,0.000000,0.000000,-0.276700,-0.143604,-0.085080,-0.440791,-0.490777,-0.140981,-0.340169,-0.832367,-0.218553,-0.156935,-0.992026,-0.280253,-0.372699,-0.911462,0.092268,-0.530064,-1.269817,0.034584,-0.622514,-1.496964,-0.012244,-0.693997,-1.704233,-0.061525,-0.183811,-0.982962,0.034882,-0.287148,-1.423402,-0.053798,-0.358268,-1.707171,-0.145560,-0.402861,-1.972559,-0.210419,0.001278,-0.946304,-0.051327,-0.066698,-1.279876,-0.206150,-0.126306,-0.965093,-0.255830,-0.145625,-0.714250,-0.244682,0.183017,-0.825771,-0.154844,0.078385,-1.043957,-0.273409,-0.011718,-0.822019,-0.293952,-0.045937,-0.599954,-0.280922
TWO_FINGERS,-0.000000,0.000000,0.000000,-0.276155,-0.163537,-0.076203,-0.423379,-0.510582,-0.128127,-0.319309,-0.851783,-0.204006,-0.134878,-1.006286,-0.263323,-0.364164,-0.913665,0.109500,-0.524267,-1.268296,0.052586,-0.619445,-1.493192,0.006867,-0.692673,-1.701874,-0.041851,-0.178991,-0.983851,0.047513,-0.286804,-1.430707,-0.046614,-0.363276,-1.713005,-0.141938,-0.410087,-1.980543,-0.207718,0.003496,-0.944358,-0.043570,-0.066434,-1.282431,-0.207422,-0.131081,-0.949052,-0.262384,-0.150377,-0.698722,-0.251206,0.183874,-0.819759,-0.150292,0.077581,-1.049897,-0.275307,-0.009547,-0.820591,-0.300156,-0.037106,-0.598101,-0.288952
TWO_FINGERS,-0.000000,0.000000,0.000000,-0.283563,-0.177007,-0.080485,-0.421064,-0.523759,-0.135706,-0.315500,-0.872529,-0.214306,-0.143384,-1.056118,-0.277349,-0.370461,-0.915806,0.095820,-0.531636,-1.267679,0.029711,-0.630699,-1.499975,-0.024997,-0.711241,-1.717396,-0.080067,-0.187170,-0.982328,0.035264,-0.293071,-1.432847,-0.074627,-0.366827,-1.725746,-0.182105,-0.414250,-2.002216,-0.255701,-0.003618,-0.937755,-0.053409,-0.067332,-1.275280,-0.229341,-0.138878,-0.943131,-0.289477,-0.169531,-0.693899,-0.281720,0.178216,-0.811117,-0.157785,0.076266,-1.049584,-0.293982,-0.016781,-0.824112,-0.324899,-0.052719,-0.605807,-0.317641
TWO_FINGERS,-0.000000,0.000000,0.000000,-0.274263,-0.163055,-0.083073,-0.417618,-0.521720,-0.147359,-0.307555,-0.870705,-0.234553,-0.131916,-1.054267,-0.306085,-0.357067,-0.915112,0.072432,-0.518698,-1.272101,-0.000491,-0.617857,-1.503635,-0.057326,-0.696949,-1.718720,-0.113431,-0.171675,-0.985154,0.009881,-0.278120,-1.442688,-0.100948,-0.355411,-1.732912,-0.202712,-0.405899,-2.004971,-0.273320,0.013223,-0.945103,-0.079669,-0.054174,-1.290540,-0.247254,-0.119925,-0.962152,-0.294779,-0.144863,-0.710238,-0.282190,0.196323,-0.817818,-0.186262,0.090227,-1.044891,-0.313413,-0.001654,-0.817736,-0.333763,-0.036395,-0.597998,-0.320605
TWO_FINGERS,-0.000000,0.000000,0.000000,-0.276473,-0.157889,-0.086956,-0.422910,-0.520221,-0.151751,-0.303559,-0.868292,-0.237788,-0.121981,-1.046585,-0.307623,-0.365098,-0.912365,0.068860,-0.531043,-1.280882,0.000127,-0.633891,-1.516769,-0.051464,-0.713317,-1.733266,-0.104052,-0.176700,-0.984265,0.010091,-0.283416,-1.452786,-0.092495,-0.362354,-1.749808,-0.186617,-0.411738,-2.020005,-0.253015,0.012504,-0.944006,-0.075713,-0.052196,-1.292473,-0.235046,-0.118808,-0.975166,-0.277724,-0.144680,-0.732194,-0.263527,0.200848,-0.815976,-0.179129,0.089882,-1.040867,-0.301535,0.000017,-0.809971,-0.318074,-0.033347,-0.587594,-0.302350
TWO_FINGERS,-0.000000,0.000000,0.000000,-0.279338,-0.166267,-0.095454,-0.423464,-0.517814,-0.161680,-0.308008,-0.870464,-0.248130,-0.127268,-1.046348,-0.318110,-0.362620,-0.914555,0.069843,-0.532151,-1.281951,0.000985,-0.637371,-1.522391,-0.051074,-0.719810,-1.742581,-0.104444,-0.177265,-0.984163,0.013159,-0.289295,-1.446802,-0.094228,-0.366687,-1.751090,-0.194889,-0.415589,-2.035450,-0.264789,0.010099,-0.942993,-0.071898,-0.054261,-1.293915,-0.244260,-0.118056,-0.967105,-0.298951,-0.142535,-0.715793,-0.288357,0.195653,-0.815284,-0.174133,0.089616,-1.051662,-0.306159,-0.006800,-0.828475,-0.332231,-0.045637,-0.607672,-0.321760
TWO_FINGERS,-0.000000,0.000000,0.000000,-0.273060,-0.152624,-0.079616,-0.420118,-0.516657,-0.137134,-0.306647,-0.873341,-0.216326,-0.127404,-1.043523,-0.279361,-0.363613,-0.907751,0.078482,-0.533098,-1.292969,0.015480,-0.640010,-1.535466,-0.032152,-0.722497,-1.753902,-0.082816,-0.177580,-0.984106,0.018501,-0.286238,-1.460171,-0.077419,-0.363956,-1.763480,-0.169529,-0.411327,-2.039071,-0.235440,0.010377,-0.947225,-0.068028,-0.052851,-1.302379,-0.223222,-0.119037,-0.984692,-0.269218,-0.145180,-0.737872,-0.257391,0.196581,-0.821830,-0.171289,0.085814,-1.042727,-0.290798,-0.010051,-0.811728,-0.310442,-0.048813,-0.588206,-0.297555
TWO_FINGERS,-0.000000,0.000000,0.000000,-0.259535,-0.144604,-0.091549,-0.407804,-0.497525,-0.163322,-0.311405,-0.849832,-0.254964,-0.142173,-1.030065,-0.330571,-0.354149,-0.909339,0.048450,-0.521070,-1.283792,-0.026498,-0.623567,-1.525882,-0.080936,-0.701369,-1.746531,-0.135716,-0.171923,-0.985110,-0.011338,-0.282272,-1.449340,-0.118684,-0.355340,-1.743865,-0.211377,-0.399916,-2.018891,-0.276665,0.012252,-0.947593,-0.097489,-0.049734,-1.307006,-0.260607,-0.110242,-0.994383,-0.300898,-0.134486,-0.750863,-0.285304,0.193922,-0.816990,-0.201160,0.087681,-1.036657,-0.325562,-0.004127,-0.810580,-0.341564,-0.041494,-0.592182,-0.325610
TWO_FINGERS,-0.000000,0.000000,0.000000,-0.258823,-0.152891,-0.090616,-0.402818,-0.497511,-0.166311,-0.300918,-0.834107,-0.262145,-0.129472,-1.001764,-0.342060,-0.347840,-0.911243,0.037391,-0.513804,-1.283369,-0.042374,-0.617584,-1.524115,-0.099888,-0.696837,-1.743204,-0.155783,-0.164056,-0.986451,-0.023020,-0.272209,-1.448307,-0.132689,-0.343084,-1.739452,-0.223995,-0.386476,-2.010627,-0.288330,0.020656,-0.947469,-0.109069,-0.038326,-1.303393,-0.268431,-0.098117,-1.007061,-0.304551,-0.122047,-0.771586,-0.288054,0.202950,-0.812852,-0.213021,0.101259,-1.028697,-0.332358,0.012604,-0.814805,-0.345055,-0.022199,-0.603303,-0.327807
TWO_FINGERS,-0.000000,0.000000,0.000000,-0.256953,-0.150522,-0.095440,-0.401364,-0.497628,-0.173594,-0.303509,-0.841970,-0.269922,-0.133903,-1.027281,-0.350681,-0.343553,-0.911433,0.028261,-0.513860,-1.289349,-0.051919,-0.620662,-1.532488,-0.111586,-0.703521,-1.754465,-0.170055,-0.160510,-0.987034,-0.029036,-0.264923,-1.457156,-0.139174,-0.337721,-1.753472,-0.234658,-0.382263,-2.020219,-0.303670,0.023934,-0.945931,-0.111278,-0.035244,-1.306087,-0.270049,-0.102566,-1.022913,-0.310827,-0.132209,-0.791649,-0.300027,0.207477,-0.808525,-0.211167,0.103705,-1.029955,-0.333392,0.010246,-0.815962,-0.349704,-0.028698,-0.598321,-0.336129
TWO_FINGERS,-0.000000,0.000000,0.000000,-0.259866,-0.164607,-0.092568,-0.398719,-0.499962,-0.168869,-0.299657,-0.831292,-0.264318,-0.126047,-0.989290,-0.342898,-0.344717,-0.914917,0.033714,-0.515970,-1.283149,-0.045849,-0.620853,-1.520821,-0.103950,-0.700271,-1.736854,-0.160487,-0.161533,-0.986867,-0.025167,-0.264829,-1.448100,-0.135601,-0.331925,-1.738471,-0.229256,-0.371545,-2.008912,-0.295681,0.023094,-0.940744,-0.109430,-0.030897,-1.288303,-0.268460,-0.096991,-1.007741,-0.308613,-0.126810,-0.779861,-0.295252,0.205532,-0.796795,-0.211255,0.112544,-1.013971,-0.330391,0.016881,-0.813808,-0.346043,-0.026873,-0.606021,-0.331194
TWO_FINGERS,-0.000000,0.000000,0.000000,-0.258949,-0.157769,-0.098922,-0.406093,-0.493496,-0.173932,-0.312701,-0.830557,-0.266567,-0.143962,-0.999681,-0.343187,-0.345953,-0.910333,0.033373,-0.516553,-1.282144,-0.042836,-0.622740,-1.522738,-0.099843,-0.705983,-1.743841,-0.156397,-0.164101,-0.986444,-0.021361,-0.267492,-1.448389,-0.126158,-0.336433,-1.742079,-0.220459,-0.378517,-2.012187,-0.289463,0.020045,-0.945182,-0.102302,-0.036327,-1.291003,-0.258580,-0.102196,-1.004780,-0.303763,-0.133994,-0.770602,-0.295546,0.203180,-0.807937,-0.201426,0.106453,-1.017967,-0.322500,0.005689,-0.813277,-0.343808,-0.045912,-0.602867,-0.333633
TWO_FINGERS,-0.000000,0.000000,0.000000,-0.262170,-0.166744,-0.086656,-0.396790,-0.512961,-0.158077,-0.300699,-0.847844,-0.250434,-0.135164,-1.015302,-0.326739,-0.338114,-0.919226,0.047990,-0.503680,-1.281020,-0.030073,-0.608770,-1.516575,-0.089888,-0.689173,-1.731072,-0.147508,-0.158089,-0.987425,-0.012276,-0.257613,-1.442879,-0.122771,-0.324339,-1.728721,-0.220133,-0.363478,-1.995833,-0.288342,0.022107,-0.939191,-0.098207,-0.028094,-1.289612,-0.257249,-0.100745,-1.012327,-0.300442,-0.134795,-0.787423,-0.289112,0.199603,-0.795534,-0.201064,0.111818,-1.021184,-0.320323,0.014258,-0.827098,-0.338286,-0.029881,-0.624866,-0.325560
TWO_FINGERS,-0.000000,0.000000,0.000000,-0.265907,-0.149269,-0.091944,-0.413186,-0.499746,-0.164954,-0.312463,-0.831414,-0.256788,-0.143029,-1.012409,-0.333127,-0.360190,-0.915137,0.034389,-0.517498,-1.279075,-0.045689,-0.618901,-1.514356,-0.106756,-0.697359,-1.728402,-0.163840,-0.176370,-0.984324,-0.020669,-0.269655,-1.446592,-0.127032,-0.337870,-1.733976,-0.219841,-0.378660,-1.992758,-0.285850,0.007415,-0.935700,-0.101028,-0.038445,-1.270688,-0.246485,-0.106680,-1.004983,-0.278468,-0.140608,-0.786900,-0.264095,0.191090,-0.795232,-0.200440,0.108564,-1.004269,-0.309989,0.020018,-0.808129,-0.320342,-0.022431,-0.610537,-0.303342
TWO_FINGERS,-0.000000,0.000000,0.000000,-0.273099,-0.144813,-0.091686,-0.418166,-0.489830,-0.162983,-0.312098,-0.817522,-0.254046,-0.139185,-0.988286,-0.330435,-0.360829,-0.912553,0.043048,-0.519521,-1.266110,-0.035623,-0.615529,-1.497811,-0.098197,-0.687729,-1.707801,-0.157780,-0.173641,-0.984809,-0.014439,-0.272273,-1.436116,-0.123883,-0.333725,-1.720165,-0.224375,-0.367762,-1.975119,-0.296033,0.011514,-0.937745,-0.097850,-0.035918,-1.277707,-0.255080,-0.100637,-0.981896,-0.300382,-0.132024,-0.740499,-0.292165,0.194091,-0.796535,-0.199389,0.104229,-0.998457,-0.320103,0.008299,-0.785087,-0.339784,-0.041010,-0.576602,-0.328329
TWO_FINGERS,-0.000000,0.000000,0.000000,-0.266466,-0.150567,-0.078622,-0.408158,-0.498844,-0.143450,-0.299492,-0.825221,-0.229819,-0.128717,-0.982464,-0.300718,-0.354258,-0.918209,0.058770,-0.511577,-1.277231,-0.011783,-0.606496,-1.505614,-0.064431,-0.674333,-1.710107,-0.116899,-0.165635,-0.986187,-0.003739,-0.269519,-1.430317,-0.100967,-0.326293,-1.708731,-0.187862,-0.356376,-1.972506,-0.250277,0.017806,-0.938693,-0.091972,-0.028262,-1.292477,-0.241299,-0.091303,-1.002370,-0.277405,-0.122806,-0.767532,-0.262818,0.195770,-0.797708,-0.196985,0.107062,-1.011359,-0.308975,0.015992,-0.797749,-0.319895,-0.028973,-0.586128,-0.302601
TWO_FINGERS,-0.000000,0.000000,0.000000,-0.268067,-0.161997,-0.087996,-0.412140,-0.516298,-0.150665,-0.303926,-0.846788,-0.233617,-0.133245,-1.010392,-0.301608,-0.353715,-0.922797,0.062631,-0.506543,-1.274886,-0.004819,-0.600552,-1.506065,-0.055755,-0.670780,-1.714954,-0.106349,-0.169580,-0.985516,0.005711,-0.266547,-1.426669,-0.088159,-0.324003,-1.710062,-0.175444,-0.355785,-1.975447,-0.237962,0.013043,-0.938316,-0.079009,-0.030281,-1.282836,-0.228862,-0.094374,-1.000922,-0.271268,-0.128435,-0.770662,-0.260211,0.192139,-0.804766,-0.181563,0.110666,-1.021504,-0.295509,0.017239,-0.819388,-0.312917,-0.032299,-0.616899,-0.300115
TWO_FINGERS,-0.000000,0.000000,0.000000,-0.270015,-0.153984,-0.082965,-0.413484,-0.502259,-0.144998,-0.309921,-0.831308,-0.228291,-0.138076,-0.982950,-0.296297,-0.351530,-0.919303,0.059803,-0.508433,-1.269908,-0.011345,-0.599651,-1.498283,-0.064418,-0.666329,-1.703546,-0.116541,-0.166269,-0.986080,-0.000034,-0.265423,-1.428910,-0.104114,-0.321773,-1.707344,-0.196107,-0.353460,-1.974283,-0.259595,0.013495,-0.938350,-0.086275,-0.031091,-1.283957,-0.246090,-0.105583,-0.979422,-0.289367,-0.145057,-0.735866,-0.274957,0.188134,-0.799619,-0.189203,0.107901,-1.019685,-0.308666,0.009288,-0.813460,-0.326852,-0.041983,-0.608399,-0.312631
TWO_FINGERS,-0.000000,0.000000,0.000000,-0.278411,-0.154618,-0.084346,-0.431349,-0.515048,-0.141355,-0.333092,-0.849582,-0.219164,-0.166026,-1.008899,-0.282197,-0.368599,-0.917103,0.069764,-0.517082,-1.269705,0.002359,-0.605390,-1.499640,-0.051692,-0.670757,-1.705912,-0.104060,-0.181866,-0.983323,0.014092,-0.276632,-1.433087,-0.084043,-0.334743,-1.715459,-0.178048,-0.367689,-1.972530,-0.243840,0.001152,-0.936783,-0.068511,-0.043054,-1.279862,-0.219285,-0.113862,-1.001928,-0.263922,-0.151706,-0.764808,-0.253348,0.182468,-0.803457,-0.168788,0.104631,-1.020754,-0.283364,0.010983,-0.826514,-0.302304,-0.038693,-0.624326,-0.289682
TWO_FINGERS,-0.000000,0.000000,0.000000,-0.275552,-0.169571,-0.067063,-0.419389,-0.555527,-0.109392,-0.302439,-0.886288,-0.176796,-0.131152,-1.017744,-0.229655,-0.349364,-0.929353,0.107229,-0.492403,-1.279490,0.054068,-0.576611,-1.502767,0.010031,-0.638465,-1.696994,-0.034192,-0.160613,-0.987017,0.047589,-0.241428,-1.437993,-0.032078,-0.300271,-1.710900,-0.116038,-0.333200,-1.941154,-0.173702,0.020964,-0.938411,-0.040187,-0.025608,-1.279205,-0.174927,-0.102004,-1.006857,-0.217391,-0.136890,-0.771869,-0.205210,0.195841,-0.813646,-0.145169,0.121327,-1.035306,-0.245939,0.028482,-0.851253,-0.262413,-0.017866,-0.658536,-0.249293
TWO_FINGERS,-0.000000,0.000000,0.000000,-0.266321,-0.163063,-0.064091,-0.428066,-0.545343,-0.095523,-0.325638,-0.879825,-0.151463,-0.156204,-1.032344,-0.191586,-0.350016,-0.924343,0.132795,-0.492376,-1.261134,0.096444,-0.573998,-1.477068,0.069950,-0.633534,-1.668789,0.037948,-0.168710,-0.985666,0.075962,-0.247262,-1.421510,0.016077,-0.302974,-1.691625,-0.049121,-0.335597,-1.940722,-0.095009,0.004859,-0.939883,-0.011396,-0.038490,-1.265937,-0.134275,-0.119365,-0.989210,-0.167114,-0.161830,-0.762256,-0.148746,0.173066,-0.820505,-0.116234,0.096242,-1.035632,-0.210835,-0.006822,-0.851849,-0.223934,-0.068300,-0.664976,-0.207404
TWO_FINGERS,-0.000000,0.000000,0.000000,-0.270730,-0.165568,-0.068083,-0.442393,-0.539143,-0.093741,-0.354100,-0.878325,-0.142695,-0.177386,-1.007367,-0.177378,-0.348532,-0.927356,0.132652,-0.489364,-1.264889,0.098901,-0.570681,-1.481472,0.075140,-0.630470,-1.671451,0.045584,-0.170247,-0.985401,0.076842,-0.247045,-1.416968,0.017190,-0.303159,-1.685833,-0.048801,-0.339954,-1.928582,-0.094548,0.002491,-0.942783,-0.010464,-0.049536,-1.279119,-0.144165,-0.117554,-1.008739,-0.189167,-0.147038,-0.771392,-0.174910,0.167489,-0.832489,-0.114625,0.091631,-1.052363,-0.217227,-0.008377,-0.884076,-0.240352,-0.065400,-0.699551,-0.230256
TWO_FINGERS,-0.000000,0.000000,0.000000,-0.279430,-0.168790,-0.067264,-0.449273,-0.547555,-0.089670,-0.369954,-0.895058,-0.136129,-0.204820,-1.039441,-0.169478,-0.365776,-0.923327,0.141323,-0.504188,-1.262520,0.105432,-0.584279,-1.483962,0.073426,-0.644315,-1.679863,0.037541,-0.187513,-0.982262,0.086708,-0.262139,-1.415051,0.021738,-0.319631,-1.688252,-0.059278,-0.358412,-1.929787,-0.116161,-0.014420,-0.942394,0.000760,-0.065546,-1.278968,-0.138006,-0.141173,-1.013947,-0.197096,-0.175855,-0.776377,-0.193218,0.150543,-0.839916,-0.101373,0.074716,-1.064101,-0.209959,-0.029745,-0.898610,-0.243105,-0.089849,-0.713999,-0.241312
TWO_FINGERS,-0.000000,0.000000,0.000000,-0.276163,-0.169264,-0.066557,-0.440395,-0.545111,-0.093097,-0.352782,-0.887782,-0.143706,-0.185356,-1.012920,-0.180612,-0.357778,-0.926406,0.134267,-0.495450,-1.264377,0.098465,-0.576273,-1.479234,0.069671,-0.634570,-1.667066,0.036463,-0.179249,-0.983804,0.077805,-0.258874,-1.408690,0.015596,-0.316573,-1.669187,-0.057329,-0.352787,-1.903041,-0.107380,-0.007049,-0.940404,-0.009575,-0.057600,-1.284455,-0.145471,-0.126476,-1.017241,-0.196795,-0.153405,-0.779535,-0.186757,0.156940,-0.828520,-0.112948,0.080816,-1.061933,-0.216657,-0.016353,-0.891811,-0.242127,-0.066401,-0.701415,-0.234398
TWO_FINGERS,-0.000000,0.000000,0.000000,-0.273376,-0.190392,-0.059156,-0.426130,-0.565242,-0.080248,-0.353577,-0.913998,-0.126933,-0.193502,-1.051087,-0.158966,-0.351051,-0.923806,0.152121,-0.495175,-1.261631,0.119488,-0.575418,-1.476055,0.090996,-0.633923,-1.667909,0.057554,-0.177784,-0.984070,0.093466,-0.254581,-1.415689,0.029122,-0.309598,-1.676759,-0.050247,-0.346470,-1.920788,-0.104368,-0.009245,-0.942503,0.003812,-0.060344,-1.289961,-0.135690,-0.137701,-1.021723,-0.194769,-0.168681,-0.783932,-0.188122,0.153018,-0.832607,-0.100340,0.084311,-1.079910,-0.206263,-0.025515,-0.922905,-0.237991,-0.085416,-0.739346,-0.234568
TWO_FINGERS,-0.000000,0.000000,0.000000,-0.276509,-0.171577,-0.066414,-0.441028,-0.542784,-0.096340,-0.365076,-0.889816,-0.150382,-0.199439,-1.034203,-0.188500,-0.360745,-0.920554,0.131311,-0.503191,-1.257359,0.091301,-0.581944,-1.467332,0.062253,-0.639583,-1.655125,0.029699,-0.185749,-0.982597,0.074102,-0.267066,-1.413649,0.003791,-0.325562,-1.670258,-0.069708,-0.366251,-1.915286,-0.117890,-0.018330,-0.940344,-0.013944,-0.073287,-1.275055,-0.152614,-0.145573,-0.996006,-0.197093,-0.174970,-0.763010,-0.180205,0.141652,-0.824717,-0.118067,0.069049,-1.065119,-0.219838,-0.030649,-0.896110,-0.240064,-0.083497,-0.709762,-0.227148
TWO_FINGERS,-0.000000,0.000000,0.000000,-0.263954,-0.171015,-0.068553,-0.424850,-0.545434,-0.103780,-0.352102,-0.887850,-0.164394,-0.194265,-1.047161,-0.210358,-0.352347,-0.922931,0.125665,-0.499248,-1.254617,0.077739,-0.578376,-1.465028,0.041165,-0.635358,-1.654060,0.003249,-0.178792,-0.983887,0.065506,-0.264507,-1.417583,-0.014363,-0.324291,-1.673655,-0.096499,-0.365733,-1.914316,-0.150756,-0.010019,-0.943830,-0.025869,-0.072174,-1.270841,-0.171006,-0.146021,-0.982358,-0.220108,-0.176016,-0.743877,-0.207105,0.153881,-0.833473,-0.133772,0.076565,-1.064360,-0.242360,-0.025775,-0.886319,-0.266692,-0.080377,-0.697695,-0.256919
TWO_FINGERS,-0.000000,0.000000,0.000000,-0.273087,-0.175687,-0.067781,-0.436136,-0.548583,-0.097094,-0.364124,-0.899383,-0.151028,-0.202782,-1.055909,-0.190316,-0.358949,-0.920692,0.135952,-0.504323,-1.260259,0.095024,-0.585197,-1.473955,0.062977,-0.644349,-1.666106,0.027431,-0.185745,-0.982598,0.077241,-0.267168,-1.417451,0.004630,-0.324130,-1.675910,-0.075882,-0.363029,-1.920152,-0.130042,-0.017192,-0.943266,-0.013054,-0.074303,-1.280783,-0.157842,-0.148929,-0.997844,-0.212770,-0.179497,-0.759382,-0.203155,0.144941,-0.834379,-0.119135,0.071144,-1.070137,-0.229564,-0.033707,-0.898497,-0.258905,-0.090392,-0.710813,-0.252650
TWO_FINGERS,-0.000000,0.000000,0.000000,-0.268914,-0.177481,-0.063793,-0.427771,-0.560430,-0.087951,-0.347741,-0.908668,-0.137002,-0.185867,-1.044174,-0.172386,-0.344871,-0.926178,0.142153,-0.489565,-1.270945,0.106913,-0.571630,-1.487193,0.077810,-0.630126,-1.676036,0.044122,-0.169851,-0.985470,0.084146,-0.252802,-1.421844,0.020043,-0.311412,-1.682580,-0.056491,-0.348535,-1.913113,-0.108879,0.000167,-0.945758,-0.004995,-0.059180,-1.294291,-0.142752,-0.129624,-1.024668,-0.198084,-0.155033,-0.783171,-0.190416,0.163724,-0.838185,-0.109710,0.082686,-1.074231,-0.215403,-0.018871,-0.903056,-0.244116,-0.069860,-0.709675,-0.238661
TWO_FINGERS,-0.000000,0.000000,0.000000,-0.267331,-0.175767,-0.060860,-0.427721,-0.545179,-0.086592,-0.359238,-0.892432,-0.137094,-0.196608,-1.045179,-0.171528,-0.353273,-0.917716,0.142899,-0.499217,-1.253097,0.107474,-0.577615,-1.466259,0.079102,-0.633274,-1.656991,0.045926,-0.181749,-0.983345,0.084207,-0.261032,-1.417949,0.017876,-0.318500,-1.680304,-0.057912,-0.356736,-1.925758,-0.109331,-0.014864,-0.943015,-0.004832,-0.067796,-1.272775,-0.138611,-0.143212,-0.995350,-0.185712,-0.174152,-0.760985,-0.172509,0.145458,-0.829806,-0.109531,0.073407,-1.061462,-0.210211,-0.032154,-0.895695,-0.233505,-0.090645,-0.712457,-0.223501
TWO_FINGERS,-0.000000,0.000000,0.000000,-0.265280,-0.182849,-0.057214,-0.421337,-0.565282,-0.074709,-0.343024,-0.914113,-0.117869,-0.180389,-1.054517,-0.146727,-0.338392,-0.922713,0.160504,-0.479500,-1.262113,0.131731,-0.560442,-1.477836,0.106449,-0.619410,-1.667751,0.075103,-0.167706,-0.985837,0.101989,-0.247380,-1.423477,0.044026,-0.307049,-1.689143,-0.031797,-0.347473,-1.927589,-0.084510,-0.000179,-0.948885,0.012004,-0.053713,-1.294431,-0.120868,-0.126846,-1.026856,-0.177017,-0.157934,-0.789489,-0.170500,0.162588,-0.845724,-0.093103,0.086653,-1.080874,-0.196391,-0.019146,-0.914474,-0.226658,-0.078802,-0.726381,-0.222741
TWO_FINGERS,-0.000000,0.000000,0.000000,-0.262540,-0.173157,-0.060821,-0.425166,-0.546256,-0.084399,-0.352249,-0.892141,-0.132779,-0.189184,-1.033971,-0.164879,-0.344061,-0.920856,0.148953,-0.485553,-1.256451,0.117398,-0.564861,-1.467464,0.096140,-0.621714,-1.655051,0.068543,-0.170758,-0.985313,0.090215,-0.249825,-1.418752,0.029974,-0.309870,-1.679879,-0.035602,-0.351040,-1.928421,-0.079476,-0.002906,-0.946249,-0.000286,-0.056428,-1.283341,-0.133184,-0.128994,-1.002331,-0.174916,-0.159423,-0.767899,-0.156686,0.158056,-0.836095,-0.106716,0.082316,-1.064377,-0.206117,-0.019927,-0.893923,-0.226005,-0.076143,-0.709996,-0.212820
TWO_FINGERS,-0.000000,0.000000,0.000000,-0.267428,-0.188687,-0.054431,-0.422127,-0.560648,-0.071727,-0.355385,-0.908776,-0.114596,-0.194527,-1.036059,-0.142559,-0.342555,-0.922309,0.155765,-0.486937,-1.265755,0.125440,-0.569081,-1.482953,0.100491,-0.628514,-1.673977,0.069730,-0.172726,-0.984970,0.095864,-0.249751,-1.422567,0.033806,-0.306437,-1.687413,-0.041045,-0.344594,-1.931974,-0.092024,-0.005889,-0.945815,0.005278,-0.056836,-1.295957,-0.132047,-0.130324,-1.029030,-0.187596,-0.159152,-0.791697,-0.178569,0.154499,-0.839261,-0.099692,0.084228,-1.078745,-0.203686,-0.024098,-0.921675,-0.233846,-0.083394,-0.739662,-0.229162
TWO_FINGERS,-0.000000,0.000000,0.000000,-0.272198,-0.188949,-0.057787,-0.429030,-0.563568,-0.079058,-0.353319,-0.910838,-0.125988,-0.185430,-1.041460,-0.157065,-0.344199,-0.925248,0.151468,-0.484473,-1.261132,0.118531,-0.563133,-1.471260,0.093677,-0.621000,-1.659231,0.063623,-0.169632,-0.985507,0.092372,-0.243923,-1.417089,0.027668,-0.301874,-1.676927,-0.045838,-0.342447,-1.927056,-0.094693,-0.001588,-0.943797,0.002167,-0.058245,-1.276370,-0.135521,-0.136472,-0.996382,-0.185152,-0.167142,-0.760761,-0.170939,0.159510,-0.834400,-0.103206,0.086438,-1.071806,-0.204916,-0.020266,-0.909743,-0.229938,-0.076925,-0.728475,-0.220835
TWO_FINGERS,-0.000000,0.000000,0.000000,-0.267072,-0.186183,-0.054267,-0.425728,-0.567880,-0.067928,-0.348686,-0.914853,-0.108120,-0.181698,-1.042522,-0.133367,-0.339624,-0.924952,0.171740,-0.481466,-1.261053,0.145480,-0.560795,-1.474027,0.122464,-0.618424,-1.662770,0.092856,-0.166809,-0.985989,0.112181,-0.243801,-1.419115,0.055039,-0.302237,-1.683486,-0.020085,-0.341885,-1.929034,-0.071369,0.000573,-0.947204,0.020502,-0.054361,-1.283223,-0.114513,-0.131172,-1.004346,-0.170814,-0.163359,-0.765400,-0.161975,0.161567,-0.844279,-0.086131,0.085700,-1.074565,-0.189850,-0.022754,-0.906789,-0.220068,-0.083806,-0.721586,-0.214940
TWO_FINGERS,-0.000000,0.000000,0.000000,-0.264778,-0.183328,-0.050820,-0.422705,-0.568105,-0.064567,-0.345992,-0.917926,-0.105012,-0.181734,-1.053708,-0.130133,-0.337124,-0.925896,0.172561,-0.473993,-1.263267,0.147471,-0.552472,-1.477146,0.127446,-0.609798,-1.666218,0.099589,-0.164580,-0.986364,0.110982,-0.240418,-1.425511,0.055371,-0.300734,-1.694227,-0.014677,-0.344110,-1.943461,-0.062949,0.004182,-0.946892,0.017537,-0.048736,-1.292223,-0.116292,-0.123764,-1.014657,-0.166890,-0.157836,-0.778320,-0.154960,0.165690,-0.842551,-0.090629,0.086218,-1.070038,-0.193837,-0.020312,-0.894874,-0.220072,-0.081076,-0.707141,-0.212138
TWO_FINGERS,-0.000000,0.000000,0.000000,-0.262746,-0.181995,-0.052926,-0.423004,-0.562048,-0.068752,-0.350871,-0.909251,-0.110828,-0.187966,-1.041171,-0.137827,-0.336790,-0.924452,0.165127,-0.475940,-1.264516,0.137227,-0.557675,-1.477854,0.115490,-0.618191,-1.666350,0.087031,-0.165082,-0.986280,0.104166,-0.240645,-1.423788,0.047024,-0.300716,-1.687845,-0.022946,-0.343305,-1.932660,-0.070838,0.002107,-0.947870,0.011475,-0.050036,-1.293458,-0.122574,-0.123387,-1.019807,-0.173037,-0.155834,-0.783850,-0.161099,0.162475,-0.842993,-0.096149,0.086537,-1.072707,-0.198469,-0.016948,-0.903340,-0.224591,-0.075394,-0.717297,-0.216795
TWO_FINGERS,-0.000000,0.000000,0.000000,-0.262723,-0.176620,-0.055478,-0.425237,-0.563159,-0.074320,-0.344223,-0.909753,-0.119277,-0.176991,-1.044978,-0.148871,-0.338992,-0.924958,0.160579,-0.476492,-1.263403,0.132236,-0.556116,-1.475431,0.112142,-0.614467,-1.663914,0.084928,-0.163239,-0.986586,0.099826,-0.240427,-1.422042,0.043706,-0.300560,-1.685577,-0.022333,-0.342475,-1.932077,-0.067479,0.006420,-0.948386,0.007091,-0.049473,-1.289478,-0.125420,-0.122247,-1.004367,-0.170288,-0.152980,-0.765641,-0.154529,0.167938,-0.844020,-0.101244,0.085502,-1.067341,-0.201792,-0.017850,-0.889324,-0.223582,-0.074749,-0.701673,-0.212295
TWO_FINGERS,-0.000000,0.000000,0.000000,-0.267178,-0.185369,-0.054973,-0.421710,-0.560023,-0.073321,-0.348166,-0.908727,-0.118298,-0.187101,-1.047174,-0.148250,-0.341589,-0.924683,0.162480,-0.482393,-1.267801,0.131774,-0.563231,-1.482540,0.106742,-0.622937,-1.674031,0.075347,-0.168406,-0.985718,0.101166,-0.245825,-1.421436,0.037138,-0.306669,-1.686873,-0.039654,-0.348595,-1.936321,-0.091731,-0.000266,-0.945331,0.008301,-0.056152,-1.286117,-0.133573,-0.135247,-1.003163,-0.190022,-0.167150,-0.765025,-0.180495,0.161104,-0.838831,-0.098944,0.082137,-1.073756,-0.207553,-0.023998,-0.901520,-0.238184,-0.078221,-0.713358,-0.232923
TWO_FINGERS,-0.000000,0.000000,0.000000,-0.272301,-0.179560,-0.059336,-0.431960,-0.561761,-0.084996,-0.349200,-0.908557,-0.136839,-0.181898,-1.047590,-0.172752,-0.344680,-0.926291,0.147268,-0.482542,-1.266294,0.111400,-0.559180,-1.478814,0.085372,-0.615938,-1.669652,0.054168,-0.167707,-0.985837,0.087001,-0.244926,-1.422160,0.019134,-0.306414,-1.685580,-0.053719,-0.349762,-1.936986,-0.101833,0.001182,-0.942712,-0.004326,-0.059123,-1.276056,-0.143448,-0.136249,-0.985624,-0.187933,-0.166022,-0.749009,-0.170309,0.161934,-0.829818,-0.111317,0.080912,-1.065996,-0.214683,-0.022104,-0.889140,-0.235362,-0.073821,-0.701165,-0.222358
TWO_FINGERS,-0.000000,0.000000,0.000000,-0.274677,-0.186006,-0.061540,-0.430275,-0.557153,-0.083890,-0.356388,-0.906919,-0.131222,-0.188781,-1.039474,-0.163829,-0.342508,-0.924499,0.144733,-0.488213,-1.269250,0.107107,-0.569274,-1.485712,0.077122,-0.629836,-1.679005,0.042633,-0.168256,-0.985743,0.085973,-0.246373,-1.428826,0.012466,-0.305176,-1.693211,-0.070238,-0.346930,-1.941510,-0.125601,0.000863,-0.941935,-0.003646,-0.056453,-1.287175,-0.153148,-0.135759,-1.004260,-0.213455,-0.168022,-0.762506,-0.205257,0.163500,-0.829107,-0.107719,0.088950,-1.072224,-0.222144,-0.022031,-0.905255,-0.256264,-0.081563,-0.718351,-0.252824
TWO_FINGERS,-0.000000,0.000000,0.000000,-0.269442,-0.184174,-0.062265,-0.427668,-0.558490,-0.083738,-0.355614,-0.909665,-0.129617,-0.188368,-1.044415,-0.160741,-0.337979,-0.925561,0.145862,-0.481066,-1.266284,0.110718,-0.562331,-1.480829,0.084011,-0.622711,-1.671933,0.051990,-0.165184,-0.986263,0.087873,-0.243394,-1.426415,0.018841,-0.302473,-1.690783,-0.058658,-0.344820,-1.938624,-0.110790,0.004028,-0.943791,-0.001363,-0.051515,-1.291160,-0.147943,-0.127446,-1.010354,-0.204360,-0.159526,-0.768598,-0.193964,0.167298,-0.833270,-0.105388,0.092096,-1.072481,-0.217874,-0.016942,-0.903894,-0.249295,-0.076891,-0.716471,-0.243889
TWO_FINGERS,-0.000000,0.000000,0.000000,-0.267677,-0.177494,-0.056984,-0.429140,-0.551138,-0.079742,-0.360899,-0.901220,-0.128559,-0.200107,-1.048055,-0.162004,-0.346162,-0.924198,0.152339,-0.488340,-1.269352,0.116697,-0.568002,-1.485216,0.089904,-0.627475,-1.678578,0.057717,-0.172509,-0.985008,0.090434,-0.252098,-1.425091,0.020876,-0.311212,-1.687841,-0.053998,-0.352874,-1.937624,-0.103394,-0.004347,-0.943491,-0.002615,-0.057920,-1.287410,-0.147258,-0.135495,-0.999880,-0.196675,-0.170326,-0.761479,-0.181623,0.156917,-0.832637,-0.110476,0.077369,-1.070211,-0.220327,-0.029447,-0.892415,-0.245670,-0.087168,-0.701611,-0.235449
TWO_FINGERS,-0.000000,0.000000,0.000000,-0.274035,-0.187642,-0.057856,-0.428849,-0.566365,-0.077145,-0.350435,-0.916105,-0.122628,-0.185767,-1.041950,-0.153244,-0.345813,-0.926435,0.155287,-0.485620,-1.271124,0.120989,-0.563679,-1.486385,0.091261,-0.620994,-1.677276,0.057172,-0.169153,-0.985590,0.096373,-0.242841,-1.420729,0.028175,-0.299393,-1.680695,-0.054049,-0.337824,-1.924591,-0.108780,-0.000364,-0.942418,0.006527,-0.053827,-1.273265,-0.135225,-0.133037,-0.996253,-0.194282,-0.164943,-0.759355,-0.186206,0.161541,-0.832288,-0.098133,0.088678,-1.069216,-0.205168,-0.018910,-0.905053,-0.236859,-0.075974,-0.720320,-0.232374
TWO_FINGERS,-0.000000,0.000000,0.000000,-0.273225,-0.187472,-0.059272,-0.429272,-0.562806,-0.078661,-0.352097,-0.914767,-0.123786,-0.189349,-1.045290,-0.154241,-0.346435,-0.925425,0.155686,-0.487331,-1.273442,0.124288,-0.566244,-1.490786,0.098598,-0.624995,-1.682826,0.066944,-0.170735,-0.985317,0.096814,-0.245915,-1.422902,0.032020,-0.302248,-1.684845,-0.045633,-0.341542,-1.929991,-0.097609,-0.001959,-0.943289,0.006526,-0.054538,-1.286150,-0.136462,-0.131383,-1.009785,-0.195451,-0.162566,-0.771496,-0.186867,0.159738,-0.833217,-0.098275,0.085853,-1.074385,-0.207609,-0.023000,-0.909035,-0.240066,-0.081574,-0.722045,-0.235749
TWO_FINGERS,-0.000000,0.000000,0.000000,-0.269294,-0.178800,-0.055160,-0.430151,-0.555362,-0.075456,-0.351964,-0.902342,-0.121960,-0.185850,-1.031499,-0.153119,-0.348447,-0.924347,0.154340,-0.487022,-1.267264,0.123331,-0.563847,-1.481829,0.100636,-0.620220,-1.671218,0.071475,-0.173644,-0.984809,0.093097,-0.248456,-1.420186,0.031059,-0.304579,-1.683658,-0.038871,-0.343536,-1.930203,-0.085384,-0.005216,-0.943506,0.000785,-0.058102,-1.282081,-0.137378,-0.131325,-1.000579,-0.185551,-0.161408,-0.764869,-0.170335,0.155359,-0.833639,-0.106363,0.077164,-1.068015,-0.210574,-0.026315,-0.892648,-0.234486,-0.081169,-0.703302,-0.223985
THREE_FINGERS,-0.000000,0.000000,0.000000,-0.252660,-0.122589,-0.121208,-0.405995,-0.415026,-0.179391,-0.319542,-0.718287,-0.242270,-0.181933,-0.890337,-0.306068,-0.346603,-0.868937,0.029738,-0.496715,-1.220641,-0.013290,-0.589367,-1.430220,-0.053532,-0.670223,-1.632947,-0.095145,-0.194939,-0.980815,0.004308,-0.269488,-1.410024,-0.008374,-0.303579,-1.657329,-0.066562,-0.345756,-1.881967,-0.127579,-0.032885,-0.991370,-0.050970,-0.067555,-1.400883,-0.137982,-0.104019,-1.669785,-0.254976,-0.155114,-1.917164,-0.335751,0.138696,-0.890996,-0.120528,0.042434,-1.150481,-0.197646,-0.038340,-1.065413,-0.244221,-0.100878,-0.920210,-0.280331
THREE_FINGERS,-0.000000,0.000000,0.000000,-0.255255,-0.109927,-0.115601,-0.423418,-0.386667,-0.173674,-0.396509,-0.701492,-0.237791,-0.309235,-0.893710,-0.304075,-0.369029,-0.861933,0.035378,-0.521510,-1.224673,-0.003120,-0.618716,-1.439785,-0.042919,-0.704527,-1.645006,-0.087250,-0.225882,-0.974155,0.003787,-0.301340,-1.415793,-0.010802,-0.336750,-1.677379,-0.077281,-0.379082,-1.914337,-0.145178,-0.062583,-0.982849,-0.055963,-0.100337,-1.392538,-0.148489,-0.139337,-1.677443,-0.278602,-0.196491,-1.943553,-0.368820,0.119591,-0.877336,-0.127782,0.020107,-1.146390,-0.212307,-0.058396,-1.063199,-0.267472,-0.118825,-0.912312,-0.310220
THREE_FINGERS,-0.000000,0.000000,0.000000,-0.250285,-0.137835,-0.098974,-0.401242,-0.442556,-0.148464,-0.308808,-0.744144,-0.204159,-0.142455,-0.863410,-0.261547,-0.331188,-0.870357,0.023401,-0.485503,-1.229746,-0.022414,-0.581161,-1.444752,-0.063471,-0.662211,-1.647432,-0.107775,-0.180280,-0.983615,-0.015196,-0.256069,-1.423257,-0.032871,-0.295207,-1.684838,-0.094859,-0.337337,-1.919966,-0.161211,-0.018218,-0.986695,-0.079574,-0.049510,-1.394786,-0.174913,-0.094465,-1.680255,-0.302427,-0.155700,-1.949877,-0.391355,0.153312,-0.868134,-0.154880,0.048026,-1.119385,-0.238937,-0.040234,-1.014328,-0.289612,-0.106935,-0.844705,-0.329984
THREE_FINGERS,-0.000000,0.000000,0.000000,-0.268277,-0.125094,-0.092144,-0.439811,-0.429334,-0.139535,-0.357914,-0.729124,-0.192955,-0.175271,-0.841916,-0.248936,-0.350568,-0.861712,0.014295,-0.506548,-1.226706,-0.035050,-0.601403,-1.452457,-0.077439,-0.675726,-1.661206,-0.122727,-0.193970,-0.981007,-0.028137,-0.266669,-1.438722,-0.051483,-0.307911,-1.713230,-0.116428,-0.345320,-1.956538,-0.185418,-0.026437,-0.987798,-0.094429,-0.055476,-1.409113,-0.195363,-0.106109,-1.698944,-0.327075,-0.164711,-1.968493,-0.419064,0.147732,-0.872901,-0.170227,0.044048,-1.117643,-0.257852,-0.046943,-1.009642,-0.310848,-0.111949,-0.838006,-0.353275
THREE_FINGERS,-0.000000,0.000000,0.000000,-0.271821,-0.137901,-0.073967,-0.444839,-0.433630,-0.129549,-0.362227,-0.730114,-0.195568,-0.180764,-0.834727,-0.264675,-0.359596,-0.868917,0.001674,-0.517911,-1.245136,-0.054264,-0.612658,-1.471904,-0.100128,-0.690442,-1.685126,-0.149505,-0.200773,-0.979638,-0.056338,-0.278073,-1.440649,-0.088866,-0.319553,-1.716095,-0.153725,-0.355819,-1.961929,-0.222165,-0.030824,-0.977032,-0.134189,-0.060710,-1.399231,-0.240728,-0.113588,-1.690579,-0.366288,-0.173313,-1.962699,-0.453383,0.146858,-0.845975,-0.219275,0.035830,-1.114005,-0.308082,-0.053285,-0.999163,-0.352844,-0.110290,-0.811755,-0.389571
THREE_FINGERS,-0.000000,0.000000,0.000000,-0.265862,-0.125476,-0.085081,-0.450890,-0.419496,-0.149933,-0.387328,-0.712462,-0.224449,-0.223947,-0.827373,-0.304190,-0.387862,-0.859845,-0.019872,-0.552257,-1.243100,-0.086060,-0.645276,-1.470498,-0.142051,-0.719352,-1.685953,-0.200103,-0.232531,-0.972589,-0.078373,-0.316127,-1.440192,-0.122978,-0.354274,-1.720046,-0.201786,-0.386052,-1.968489,-0.282155,-0.059130,-0.974570,-0.157247,-0.087844,-1.404666,-0.278934,-0.136849,-1.705236,-0.422589,-0.194096,-1.982981,-0.522937,0.126087,-0.853966,-0.242766,0.007969,-1.107677,-0.347737,-0.095461,-0.989277,-0.406558,-0.164958,-0.804017,-0.454671
THREE_FINGERS,-0.000000,0.000000,0.000000,-0.266181,-0.144788,-0.079025,-0.432387,-0.452292,-0.133100,-0.332692,-0.749641,-0.198453,-0.143845,-0.852275,-0.267518,-0.349719,-0.873609,0.016029,-0.506552,-1.243543,-0.040095,-0.604828,-1.465310,-0.089785,-0.686626,-1.673718,-0.141969,-0.192319,-0.981332,-0.040256,-0.273776,-1.432516,-0.070677,-0.320109,-1.706684,-0.142016,-0.361122,-1.952029,-0.215906,-0.023774,-0.978526,-0.119057,-0.054220,-1.399419,-0.226935,-0.108838,-1.691762,-0.362050,-0.173822,-1.963299,-0.456203,0.154418,-0.851766,-0.205897,0.044672,-1.116961,-0.298237,-0.045933,-1.004573,-0.350429,-0.107233,-0.820457,-0.393536
THREE_FINGERS,-0.000000,0.000000,0.000000,-0.264095,-0.155233,-0.080937,-0.411993,-0.473722,-0.125704,-0.290723,-0.778478,-0.178899,-0.095524,-0.901444,-0.233938,-0.320692,-0.881838,0.027193,-0.463412,-1.249500,-0.018889,-0.548367,-1.473875,-0.058770,-0.617013,-1.677509,-0.103298,-0.158459,-0.987366,-0.021236,-0.229796,-1.434586,-0.040871,-0.266836,-1.706151,-0.103255,-0.302783,-1.945952,-0.170795,0.009435,-0.981911,-0.093266,-0.012007,-1.397666,-0.190690,-0.056433,-1.686226,-0.320671,-0.112119,-1.953571,-0.412340,0.184153,-0.853020,-0.173918,0.084014,-1.098225,-0.258713,-0.007359,-0.992023,-0.310533,-0.077313,-0.820670,-0.352933
THREE_FINGERS,-0.000000,0.000000,0.000000,-0.257658,-0.133362,-0.092518,-0.428124,-0.426140,-0.150468,-0.342633,-0.715942,-0.217021,-0.176033,-0.839354,-0.286035,-0.350784,-0.871175,0.014007,-0.511489,-1.239920,-0.037295,-0.604184,-1.457002,-0.079353,-0.683434,-1.659178,-0.124881,-0.195662,-0.980671,-0.033076,-0.273291,-1.434959,-0.056957,-0.312782,-1.700752,-0.118897,-0.355161,-1.938448,-0.185196,-0.030100,-0.983702,-0.104915,-0.057975,-1.405955,-0.206896,-0.101587,-1.693378,-0.334605,-0.160143,-1.965455,-0.423375,0.146871,-0.864960,-0.186271,0.047106,-1.125062,-0.272875,-0.042234,-1.007511,-0.320660,-0.110988,-0.827034,-0.359443
THREE_FINGERS,-0.000000,0.000000,0.000000,-0.258991,-0.115360,-0.105766,-0.435743,-0.382480,-0.171971,-0.360611,-0.664490,-0.243593,-0.197364,-0.797052,-0.316756,-0.358370,-0.872114,-0.008748,-0.516730,-1.234712,-0.066576,-0.611775,-1.453260,-0.110392,-0.695917,-1.655336,-0.154877,-0.203255,-0.979126,-0.048868,-0.286005,-1.433836,-0.079848,-0.331923,-1.701085,-0.139063,-0.380808,-1.948326,-0.200650,-0.036116,-0.982144,-0.113902,-0.067756,-1.406957,-0.217281,-0.108902,-1.692405,-0.333956,-0.162908,-1.959666,-0.412857,0.144795,-0.864430,-0.190013,0.056480,-1.146504,-0.275899,-0.021993,-1.047939,-0.317551,-0.079884,-0.879108,-0.349749
THREE_FINGERS,-0.000000,0.000000,0.000000,-0.263041,-0.118844,-0.096390,-0.448607,-0.395896,-0.155275,-0.390068,-0.697300,-0.221727,-0.250200,-0.846297,-0.289305,-0.357327,-0.873317,0.016187,-0.505414,-1.221222,-0.034516,-0.588383,-1.433786,-0.074716,-0.663164,-1.637689,-0.116199,-0.193690,-0.981063,-0.025204,-0.270381,-1.416223,-0.050685,-0.310161,-1.669970,-0.105009,-0.358398,-1.897802,-0.160839,-0.022791,-0.978679,-0.091828,-0.039503,-1.395828,-0.190747,-0.073058,-1.670665,-0.298820,-0.123113,-1.919716,-0.369598,0.156091,-0.856615,-0.169483,0.091669,-1.130202,-0.253104,0.014774,-1.036135,-0.291132,-0.048974,-0.880135,-0.318649
THREE_FINGERS,-0.000000,0.000000,0.000000,-0.261141,-0.104104,-0.099120,-0.443636,-0.379240,-0.161177,-0.387465,-0.672417,-0.229900,-0.237121,-0.823919,-0.300192,-0.356691,-0.876823,0.001666,-0.508803,-1.214788,-0.056992,-0.597702,-1.425086,-0.101174,-0.674010,-1.628996,-0.144241,-0.198585,-0.980084,-0.041936,-0.276814,-1.417826,-0.075366,-0.311276,-1.670752,-0.130197,-0.350794,-1.901462,-0.186093,-0.028452,-0.976090,-0.110396,-0.055539,-1.393473,-0.215352,-0.089667,-1.669279,-0.319672,-0.136961,-1.917587,-0.387796,0.147705,-0.856321,-0.190384,0.075861,-1.123399,-0.275151,0.006794,-1.025639,-0.308035,-0.043248,-0.862822,-0.331951
THREE_FINGERS,-0.000000,0.000000,0.000000,-0.263513,-0.105980,-0.093541,-0.458697,-0.395440,-0.146047,-0.400078,-0.698462,-0.207031,-0.245687,-0.843871,-0.268596,-0.364392,-0.873631,0.032868,-0.518099,-1.215271,-0.015659,-0.602787,-1.422159,-0.053484,-0.676966,-1.628124,-0.092207,-0.207511,-0.978233,-0.009016,-0.286309,-1.400173,-0.030394,-0.324192,-1.639367,-0.080727,-0.367435,-1.860343,-0.132321,-0.042187,-0.976815,-0.077860,-0.061228,-1.383892,-0.177506,-0.090147,-1.654576,-0.286337,-0.130327,-1.906182,-0.355263,0.129677,-0.864181,-0.157814,0.052873,-1.118622,-0.239136,-0.021296,-1.017977,-0.276156,-0.075885,-0.862655,-0.301879
THREE_FINGERS,-0.000000,0.000000,0.000000,-0.254846,-0.099088,-0.069495,-0.449403,-0.410407,-0.107542,-0.391324,-0.724244,-0.157258,-0.234625,-0.875895,-0.207674,-0.357207,-0.872997,0.063560,-0.507950,-1.207269,0.022885,-0.595178,-1.407199,-0.009983,-0.671483,-1.602139,-0.045107,-0.200084,-0.979779,0.013580,-0.277272,-1.405101,0.000134,-0.316827,-1.644489,-0.045660,-0.365100,-1.857798,-0.094851,-0.033124,-0.982046,-0.061899,-0.059120,-1.400374,-0.153519,-0.091780,-1.674630,-0.255080,-0.137069,-1.914444,-0.320573,0.138539,-0.878741,-0.147231,0.049975,-1.120677,-0.220684,-0.024793,-1.016404,-0.251120,-0.079419,-0.854796,-0.273610
THREE_FINGERS,-0.000000,0.000000,0.000000,-0.255187,-0.097279,-0.065961,-0.447934,-0.424069,-0.100173,-0.396353,-0.734268,-0.148339,-0.256376,-0.881592,-0.198846,-0.374156,-0.867248,0.069126,-0.513303,-1.192658,0.027712,-0.597901,-1.387754,-0.009213,-0.668295,-1.584725,-0.046627,-0.216881,-0.976198,0.019189,-0.287752,-1.396617,0.006509,-0.324876,-1.630637,-0.045052,-0.368839,-1.844100,-0.099406,-0.047939,-0.986221,-0.056641,-0.069353,-1.400179,-0.142451,-0.098538,-1.669709,-0.248664,-0.137897,-1.905267,-0.319580,0.123625,-0.900553,-0.142393,0.032398,-1.126174,-0.212402,-0.050051,-1.040536,-0.248857,-0.113533,-0.907743,-0.277509
THREE_FINGERS,-0.000000,0.000000,0.000000,-0.244676,-0.093471,-0.072513,-0.431014,-0.409229,-0.117842,-0.383643,-0.716783,-0.176372,-0.259002,-0.871356,-0.237726,-0.369346,-0.872294,0.047593,-0.509929,-1.200320,0.000456,-0.594860,-1.398610,-0.039746,-0.669829,-1.596321,-0.079964,-0.210887,-0.977511,-0.003055,-0.283833,-1.401738,-0.024798,-0.320568,-1.639579,-0.076836,-0.367550,-1.853684,-0.130563,-0.043638,-0.982419,-0.078567,-0.070556,-1.399066,-0.170777,-0.100986,-1.661198,-0.271715,-0.143657,-1.890358,-0.338054,0.126269,-0.886345,-0.164498,0.039765,-1.130872,-0.238479,-0.030061,-1.036700,-0.270696,-0.081030,-0.890332,-0.295672
THREE_FINGERS,-0.000000,0.000000,0.000000,-0.234567,-0.080389,-0.063969,-0.428361,-0.374947,-0.106174,-0.434990,-0.681044,-0.163378,-0.356506,-0.860576,-0.223821,-0.359637,-0.872174,0.056317,-0.501401,-1.197289,0.013799,-0.588890,-1.390450,-0.023474,-0.665090,-1.585319,-0.061697,-0.207295,-0.978278,0.001913,-0.277204,-1.399634,-0.019497,-0.314377,-1.637959,-0.070407,-0.363023,-1.855308,-0.122583,-0.041910,-0.981999,-0.076514,-0.072593,-1.386893,-0.166162,-0.103439,-1.648795,-0.261989,-0.147210,-1.874118,-0.324888,0.126906,-0.890672,-0.164733,0.038735,-1.125829,-0.237755,-0.042383,-1.045368,-0.269150,-0.107596,-0.914922,-0.293180
THREE_FINGERS,-0.000000,0.000000,0.000000,-0.240717,-0.087481,-0.061692,-0.431790,-0.384176,-0.097367,-0.431353,-0.691721,-0.148590,-0.342776,-0.864886,-0.202437,-0.358518,-0.872905,0.075601,-0.499235,-1.192153,0.038981,-0.586276,-1.381487,0.004098,-0.660533,-1.571948,-0.032377,-0.209618,-0.977783,0.022303,-0.277094,-1.395586,0.007946,-0.313124,-1.631976,-0.043321,-0.357733,-1.848826,-0.095936,-0.047689,-0.982382,-0.056249,-0.078390,-1.379984,-0.139551,-0.114121,-1.636265,-0.238030,-0.161886,-1.858230,-0.303015,0.117690,-0.894274,-0.144776,0.028342,-1.126064,-0.213645,-0.053212,-1.047544,-0.247109,-0.119466,-0.917308,-0.272566
THREE_FINGERS,-0.000000,0.000000,0.000000,-0.245347,-0.084421,-0.057435,-0.444022,-0.414012,-0.085454,-0.419378,-0.739134,-0.128960,-0.293684,-0.895158,-0.174714,-0.354344,-0.870615,0.086397,-0.496881,-1.191828,0.051630,-0.585871,-1.381418,0.019443,-0.661781,-1.571577,-0.015473,-0.205685,-0.978618,0.031787,-0.275466,-1.396734,0.021752,-0.318548,-1.634214,-0.028967,-0.370081,-1.846313,-0.082097,-0.043291,-0.986227,-0.048545,-0.071163,-1.394356,-0.134610,-0.111619,-1.653156,-0.238617,-0.164376,-1.872625,-0.306126,0.123259,-0.900800,-0.138015,0.028145,-1.127543,-0.208969,-0.061677,-1.035714,-0.244524,-0.134420,-0.890430,-0.271350
THREE_FINGERS,-0.000000,0.000000,0.000000,-0.240284,-0.086205,-0.048043,-0.441164,-0.402949,-0.073532,-0.433149,-0.725997,-0.116170,-0.313728,-0.895911,-0.160621,-0.346459,-0.871768,0.100789,-0.489765,-1.195103,0.069875,-0.579140,-1.385591,0.040159,-0.656447,-1.577522,0.006109,-0.201905,-0.979405,0.040986,-0.269774,-1.407533,0.032427,-0.309128,-1.647523,-0.016450,-0.358595,-1.864235,-0.068302,-0.040205,-0.987101,-0.044229,-0.065178,-1.405476,-0.130917,-0.100111,-1.667088,-0.232805,-0.149856,-1.890010,-0.298506,0.128134,-0.901489,-0.137694,0.029750,-1.133443,-0.209729,-0.060122,-1.037386,-0.243285,-0.132046,-0.885237,-0.268182
THREE_FINGERS,-0.000000,0.000000,0.000000,-0.240689,-0.090188,-0.048099,-0.438551,-0.390575,-0.077026,-0.440246,-0.702746,-0.122255,-0.326926,-0.882378,-0.168926,-0.348219,-0.878581,0.090087,-0.490748,-1.195097,0.054740,-0.578818,-1.388088,0.021720,-0.656427,-1.585107,-0.013603,-0.202593,-0.979263,0.031323,-0.272386,-1.403045,0.015321,-0.309940,-1.644644,-0.033923,-0.358603,-1.864890,-0.084172,-0.039746,-0.979490,-0.051442,-0.069165,-1.395753,-0.141176,-0.105405,-1.658502,-0.236162,-0.155976,-1.881357,-0.296071,0.129733,-0.888368,-0.142629,0.039216,-1.126359,-0.214299,-0.048934,-1.038359,-0.243065,-0.119831,-0.894105,-0.263702
THREE_FINGERS,-0.000000,0.000000,0.000000,-0.234619,-0.085294,-0.041105,-0.425141,-0.366531,-0.069817,-0.451445,-0.669547,-0.118344,-0.374983,-0.862888,-0.169924,-0.342386,-0.876260,0.105592,-0.487906,-1.190830,0.072754,-0.580699,-1.379436,0.039132,-0.662509,-1.575001,0.002192,-0.203358,-0.979104,0.039922,-0.273560,-1.400922,0.023576,-0.315064,-1.638475,-0.028829,-0.367031,-1.855539,-0.081374,-0.044388,-0.981792,-0.050219,-0.075438,-1.396199,-0.142763,-0.113351,-1.655323,-0.242966,-0.166326,-1.880840,-0.306593,0.122964,-0.891268,-0.147690,0.027636,-1.130723,-0.223836,-0.059291,-1.039024,-0.256200,-0.128421,-0.891027,-0.279473
THREE_FINGERS,-0.000000,0.000000,0.000000,-0.235401,-0.089684,-0.044763,-0.427633,-0.382200,-0.074589,-0.440779,-0.686888,-0.123485,-0.352359,-0.873404,-0.175317,-0.345175,-0.875751,0.100269,-0.489157,-1.197145,0.068504,-0.578003,-1.387854,0.035806,-0.652829,-1.581703,-0.001143,-0.201982,-0.979389,0.036200,-0.270292,-1.407391,0.023218,-0.308693,-1.649685,-0.029821,-0.354749,-1.869300,-0.084400,-0.040734,-0.984034,-0.052501,-0.066308,-1.399874,-0.141505,-0.102771,-1.663966,-0.246021,-0.152618,-1.892971,-0.314303,0.126455,-0.894677,-0.148698,0.028189,-1.126622,-0.223274,-0.063979,-1.036229,-0.258651,-0.138340,-0.891701,-0.285237
THREE_FINGERS,-0.000000,0.000000,0.000000,-0.238265,-0.086304,-0.046812,-0.433674,-0.387667,-0.075873,-0.442332,-0.704261,-0.122896,-0.346010,-0.889688,-0.172662,-0.343619,-0.873248,0.098695,-0.489347,-1.201663,0.065904,-0.582758,-1.394601,0.033495,-0.664111,-1.588674,-0.003277,-0.202485,-0.979285,0.035821,-0.271292,-1.414003,0.022066,-0.315136,-1.657000,-0.031561,-0.368402,-1.876774,-0.086498,-0.042927,-0.986037,-0.051793,-0.067497,-1.410868,-0.143976,-0.105498,-1.678212,-0.250676,-0.158477,-1.909982,-0.319643,0.124404,-0.896621,-0.146687,0.021821,-1.138744,-0.223754,-0.071140,-1.042775,-0.259892,-0.144468,-0.887825,-0.286703
THREE_FINGERS,-0.000000,0.000000,0.000000,-0.239139,-0.082682,-0.047315,-0.438381,-0.376284,-0.077409,-0.455543,-0.686204,-0.125583,-0.363494,-0.870258,-0.176678,-0.353236,-0.873223,0.093898,-0.498862,-1.198712,0.060273,-0.592570,-1.390698,0.027660,-0.673932,-1.584514,-0.008558,-0.211991,-0.977272,0.031207,-0.278984,-1.409963,0.017422,-0.321255,-1.653194,-0.034187,-0.372791,-1.874152,-0.087544,-0.052528,-0.982935,-0.056056,-0.081717,-1.399791,-0.145258,-0.122240,-1.662861,-0.247613,-0.177074,-1.890665,-0.314130,0.113773,-0.894922,-0.151249,0.015320,-1.134272,-0.224672,-0.073083,-1.042404,-0.258126,-0.143404,-0.893021,-0.283145
THREE_FINGERS,-0.000000,0.000000,0.000000,-0.238141,-0.077803,-0.048612,-0.439590,-0.368684,-0.080914,-0.458419,-0.680750,-0.131690,-0.371368,-0.868829,-0.185621,-0.359351,-0.869987,0.093696,-0.507006,-1.195939,0.059551,-0.599294,-1.388842,0.025765,-0.680494,-1.584357,-0.012038,-0.215333,-0.976541,0.029878,-0.284369,-1.410752,0.013883,-0.324536,-1.655107,-0.039105,-0.374245,-1.873410,-0.093224,-0.054222,-0.982741,-0.058706,-0.086501,-1.398743,-0.151124,-0.127216,-1.661412,-0.254294,-0.181337,-1.889757,-0.320724,0.112823,-0.892356,-0.155281,0.012602,-1.134405,-0.231594,-0.076415,-1.037011,-0.265420,-0.145495,-0.881838,-0.290323
THREE_FINGERS,-0.000000,0.000000,0.000000,-0.235263,-0.075904,-0.056627,-0.437966,-0.369074,-0.090385,-0.446886,-0.683602,-0.139791,-0.343952,-0.870879,-0.191851,-0.355109,-0.870790,0.082272,-0.501694,-1.185445,0.044528,-0.591375,-1.380874,0.009342,-0.670988,-1.577981,-0.028219,-0.211414,-0.977397,0.024110,-0.283489,-1.401740,0.005649,-0.323493,-1.646770,-0.046973,-0.374578,-1.865185,-0.100043,-0.051728,-0.982209,-0.059035,-0.085038,-1.397792,-0.153598,-0.128755,-1.655797,-0.255080,-0.186316,-1.873716,-0.319229,0.112569,-0.892141,-0.151028,0.020361,-1.129051,-0.228460,-0.065578,-1.032817,-0.262240,-0.134590,-0.878775,-0.286174
THREE_FINGERS,-0.000000,0.000000,0.000000,-0.243018,-0.076891,-0.065225,-0.446728,-0.392290,-0.097912,-0.428085,-0.720795,-0.143101,-0.291762,-0.893766,-0.189413,-0.356091,-0.871809,0.073180,-0.502511,-1.188806,0.034122,-0.593893,-1.385813,0.001834,-0.674723,-1.583115,-0.031582,-0.210672,-0.977557,0.022874,-0.286361,-1.399197,0.008554,-0.329080,-1.642120,-0.037519,-0.380458,-1.860569,-0.085392,-0.051616,-0.982833,-0.053304,-0.088845,-1.396376,-0.143644,-0.133198,-1.655646,-0.240453,-0.188988,-1.874765,-0.300367,0.112572,-0.895975,-0.139576,0.024331,-1.136819,-0.210956,-0.053878,-1.042563,-0.240786,-0.115075,-0.888989,-0.261324
THREE_FINGERS,-0.000000,0.000000,0.000000,-0.249604,-0.090499,-0.063028,-0.446050,-0.427339,-0.090561,-0.394486,-0.769542,-0.130914,-0.231131,-0.924087,-0.170407,-0.354658,-0.874118,0.086994,-0.502449,-1.199727,0.053841,-0.596426,-1.395987,0.029200,-0.679285,-1.584170,0.001536,-0.205432,-0.978671,0.036978,-0.287342,-1.400489,0.031075,-0.338605,-1.643854,-0.008176,-0.395780,-1.857518,-0.050284,-0.045455,-0.981681,-0.039666,-0.084315,-1.399384,-0.125038,-0.134382,-1.654031,-0.216766,-0.194140,-1.869363,-0.271521,0.120557,-0.885523,-0.126515,0.036708,-1.148955,-0.191577,-0.030158,-1.042539,-0.214510,-0.077628,-0.867253,-0.229169
THREE_FINGERS,-0.000000,0.000000,0.000000,-0.257158,-0.093762,-0.064030,-0.451902,-0.437732,-0.091846,-0.402112,-0.788388,-0.132224,-0.241818,-0.943491,-0.173279,-0.343049,-0.875210,0.080989,-0.497290,-1.207950,0.049303,-0.591639,-1.413099,0.024262,-0.672644,-1.605804,-0.004987,-0.197028,-0.980398,0.031008,-0.281881,-1.415323,0.024238,-0.333402,-1.669917,-0.020621,-0.389549,-1.886366,-0.067596,-0.038491,-0.987663,-0.044007,-0.084346,-1.412970,-0.130817,-0.144209,-1.674183,-0.230321,-0.211439,-1.889583,-0.291406,0.126346,-0.894839,-0.128427,0.033997,-1.169781,-0.197057,-0.039960,-1.069140,-0.225584,-0.091372,-0.891324,-0.244787
THREE_FINGERS,-0.000000,0.000000,0.000000,-0.249410,-0.102739,-0.050990,-0.442190,-0.456441,-0.066039,-0.381479,-0.807390,-0.097425,-0.219978,-0.946748,-0.128914,-0.336024,-0.877099,0.128029,-0.483831,-1.204612,0.109472,-0.576868,-1.406693,0.092391,-0.657549,-1.597696,0.068851,-0.191797,-0.981435,0.074011,-0.271047,-1.404809,0.081426,-0.321951,-1.649957,0.043237,-0.376123,-1.855645,0.001903,-0.038459,-0.988791,-0.007809,-0.078903,-1.410871,-0.090019,-0.133655,-1.665542,-0.189197,-0.195417,-1.874865,-0.247397,0.121088,-0.901213,-0.098539,0.029537,-1.169158,-0.162536,-0.042416,-1.056181,-0.189728,-0.093816,-0.867853,-0.207264
THREE_FINGERS,-0.000000,0.000000,0.000000,-0.250072,-0.112477,-0.038863,-0.427076,-0.476702,-0.044928,-0.338005,-0.820068,-0.071510,-0.166650,-0.931203,-0.098360,-0.331597,-0.872290,0.158101,-0.475377,-1.193195,0.145161,-0.571185,-1.396837,0.130300,-0.653496,-1.588696,0.107976,-0.184884,-0.982760,0.097724,-0.263046,-1.404644,0.111290,-0.315414,-1.656063,0.072490,-0.370473,-1.870372,0.030276,-0.033418,-0.994242,0.008396,-0.081446,-1.414234,-0.072590,-0.140887,-1.664261,-0.174669,-0.205274,-1.878015,-0.234723,0.126520,-0.910067,-0.089386,0.026383,-1.167006,-0.150028,-0.031631,-1.030223,-0.175912,-0.067656,-0.824982,-0.193650
THREE_FINGERS,-0.000000,0.000000,0.000000,-0.243224,-0.112125,-0.037327,-0.420630,-0.471018,-0.046681,-0.341066,-0.818781,-0.076595,-0.176207,-0.933903,-0.106780,-0.322788,-0.872512,0.154790,-0.474946,-1.199384,0.137321,-0.571175,-1.404432,0.120943,-0.653982,-1.594770,0.096757,-0.182186,-0.983264,0.090153,-0.258908,-1.411423,0.094734,-0.309444,-1.668144,0.051549,-0.361213,-1.882984,0.007007,-0.033320,-0.993043,-0.003171,-0.076274,-1.419548,-0.099458,-0.132847,-1.675034,-0.209598,-0.194618,-1.898442,-0.272312,0.127412,-0.901725,-0.103234,0.027246,-1.169382,-0.176464,-0.032849,-1.018756,-0.206367,-0.067604,-0.795741,-0.225518
THREE_FINGERS,-0.000000,0.000000,0.000000,-0.243611,-0.112185,-0.037777,-0.415534,-0.472808,-0.050805,-0.325509,-0.815677,-0.085696,-0.160686,-0.944423,-0.121095,-0.327971,-0.874035,0.153653,-0.474609,-1.193888,0.134689,-0.569974,-1.399642,0.115704,-0.652156,-1.592930,0.089749,-0.183334,-0.983051,0.087584,-0.259530,-1.412877,0.092737,-0.311300,-1.671518,0.048799,-0.363857,-1.890330,0.002569,-0.034157,-0.991973,-0.007458,-0.075439,-1.426445,-0.098091,-0.136170,-1.672491,-0.204549,-0.199963,-1.884667,-0.267302,0.123738,-0.901518,-0.110299,0.028776,-1.164112,-0.178487,-0.030506,-1.015730,-0.206247,-0.065877,-0.800533,-0.225334
THREE_FINGERS,-0.000000,0.000000,0.000000,-0.248184,-0.119352,-0.037461,-0.409146,-0.482898,-0.052489,-0.303744,-0.815873,-0.089921,-0.140429,-0.928228,-0.128765,-0.326475,-0.876575,0.145165,-0.475337,-1.193938,0.123250,-0.573704,-1.398397,0.100030,-0.655299,-1.585625,0.070650,-0.178767,-0.983891,0.078235,-0.255394,-1.409069,0.079831,-0.310377,-1.667324,0.030420,-0.362756,-1.882117,-0.020301,-0.028278,-0.991142,-0.016763,-0.068856,-1.419935,-0.107007,-0.134842,-1.666178,-0.217916,-0.199755,-1.879524,-0.285309,0.129122,-0.897253,-0.119286,0.037469,-1.164759,-0.188449,-0.025727,-1.021786,-0.219666,-0.062948,-0.810409,-0.242335
THREE_FINGERS,-0.000000,0.000000,0.000000,-0.235502,-0.126218,-0.027949,-0.388180,-0.503601,-0.027978,-0.279588,-0.843776,-0.051445,-0.105567,-0.914817,-0.075546,-0.305812,-0.873652,0.172667,-0.453642,-1.206476,0.162586,-0.550865,-1.411032,0.151681,-0.627969,-1.595401,0.131313,-0.161086,-0.986940,0.104690,-0.241415,-1.410454,0.117343,-0.298543,-1.660083,0.078446,-0.348093,-1.856252,0.037063,-0.012810,-0.994502,0.007420,-0.059503,-1.423286,-0.084204,-0.128558,-1.671331,-0.195927,-0.193806,-1.883171,-0.258984,0.145901,-0.898308,-0.096136,0.046620,-1.171762,-0.166366,-0.012260,-1.022194,-0.198681,-0.042450,-0.797004,-0.219925
THREE_FINGERS,-0.000000,0.000000,0.000000,-0.239045,-0.137988,-0.022783,-0.385787,-0.514969,-0.024038,-0.274301,-0.853551,-0.049915,-0.101444,-0.941710,-0.075314,-0.302853,-0.877535,0.178863,-0.458338,-1.214490,0.170499,-0.555746,-1.422916,0.160497,-0.634065,-1.616709,0.140964,-0.155076,-0.987902,0.109714,-0.236313,-1.412465,0.122630,-0.290545,-1.664046,0.085564,-0.336737,-1.867199,0.046398,-0.008769,-0.993658,0.012139,-0.061913,-1.429227,-0.077245,-0.136798,-1.673314,-0.181741,-0.202810,-1.880925,-0.239042,0.150869,-0.899469,-0.091498,0.053873,-1.188619,-0.157125,-0.004936,-1.041913,-0.183396,-0.034407,-0.816474,-0.199849
THREE_FINGERS,-0.000000,0.000000,0.000000,-0.231758,-0.147398,-0.025982,-0.377729,-0.515196,-0.029659,-0.265159,-0.851502,-0.056837,-0.084530,-0.939602,-0.083265,-0.294394,-0.879479,0.173465,-0.449947,-1.215883,0.164680,-0.545458,-1.426839,0.157915,-0.622913,-1.622248,0.141098,-0.150247,-0.988648,0.105812,-0.238757,-1.411060,0.118548,-0.296438,-1.663772,0.086069,-0.345918,-1.872600,0.051049,-0.005159,-0.993321,0.009718,-0.068360,-1.431553,-0.083064,-0.138327,-1.673891,-0.185080,-0.199378,-1.888977,-0.239217,0.160438,-0.897790,-0.092261,0.057996,-1.191193,-0.160397,0.014564,-1.039457,-0.184802,-0.000387,-0.814529,-0.198858
THREE_FINGERS,-0.000000,0.000000,0.000000,-0.226080,-0.146489,-0.019861,-0.365104,-0.525113,-0.017578,-0.245817,-0.863355,-0.039556,-0.065006,-0.950594,-0.060241,-0.287417,-0.880469,0.184953,-0.436575,-1.213517,0.181187,-0.528381,-1.423105,0.178302,-0.601976,-1.616148,0.164491,-0.144305,-0.989533,0.116797,-0.232101,-1.407301,0.136869,-0.285673,-1.656948,0.109567,-0.333184,-1.863443,0.077552,0.000590,-0.994612,0.020090,-0.057781,-1.429833,-0.064279,-0.124656,-1.673129,-0.160227,-0.187433,-1.885297,-0.211581,0.164608,-0.901211,-0.082611,0.068175,-1.187736,-0.143839,0.024385,-1.039324,-0.164375,0.004562,-0.817260,-0.176285
THREE_FINGERS,-0.000000,0.000000,0.000000,-0.230024,-0.160243,-0.032669,-0.372055,-0.519669,-0.044357,-0.249269,-0.854094,-0.078314,-0.065871,-0.962053,-0.109831,-0.295045,-0.882302,0.160469,-0.451127,-1.218353,0.149958,-0.543007,-1.431184,0.142894,-0.616399,-1.628527,0.126320,-0.146485,-0.989213,0.096078,-0.235061,-1.412197,0.106786,-0.286815,-1.663744,0.076877,-0.329878,-1.878914,0.044542,-0.001670,-0.989753,0.003546,-0.061697,-1.422539,-0.083612,-0.133448,-1.660161,-0.175085,-0.195672,-1.870096,-0.222725,0.167199,-0.887635,-0.096171,0.078399,-1.196919,-0.159587,0.034716,-1.060955,-0.178280,0.015224,-0.845827,-0.187579
THREE_FINGERS,-0.000000,0.000000,0.000000,-0.223791,-0.165287,-0.029826,-0.354218,-0.536555,-0.041024,-0.223782,-0.862341,-0.075212,-0.043526,-0.960071,-0.108848,-0.284964,-0.890850,0.151863,-0.439346,-1.221903,0.137152,-0.534777,-1.433964,0.123107,-0.608512,-1.628886,0.100703,-0.134202,-0.990954,0.084946,-0.212445,-1.412369,0.091294,-0.262497,-1.664548,0.052219,-0.305280,-1.874747,0.011169,0.013492,-0.988794,-0.009178,-0.034846,-1.419208,-0.096602,-0.110753,-1.665613,-0.199090,-0.176369,-1.878095,-0.257610,0.178584,-0.888191,-0.109831,0.096535,-1.185835,-0.174184,0.038752,-1.058512,-0.201706,0.005679,-0.855487,-0.220563
THREE_FINGERS,-0.000000,0.000000,0.000000,-0.227009,-0.161857,-0.044281,-0.350753,-0.551429,-0.054819,-0.203358,-0.879419,-0.084485,-0.024270,-0.976417,-0.113324,-0.275133,-0.895379,0.150312,-0.426875,-1.228575,0.138118,-0.525472,-1.434037,0.127815,-0.603369,-1.622556,0.108828,-0.123731,-0.992316,0.093851,-0.203380,-1.401034,0.111176,-0.256120,-1.637828,0.077859,-0.307237,-1.833665,0.038857,0.026954,-0.986269,0.007534,0.008492,-1.423963,-0.074460,-0.036847,-1.688720,-0.182665,-0.085815,-1.921396,-0.247201,0.188629,-0.879831,-0.085998,0.124463,-1.164214,-0.147265,0.063065,-1.043122,-0.178439,0.017372,-0.852674,-0.201353
THREE_FINGERS,-0.000000,0.000000,0.000000,-0.243507,-0.177773,-0.061274,-0.355466,-0.545253,-0.084705,-0.204664,-0.871747,-0.125236,-0.037821,-0.976860,-0.162646,-0.301051,-0.894515,0.133262,-0.454513,-1.250492,0.114854,-0.550816,-1.458960,0.097808,-0.624408,-1.651719,0.074259,-0.130920,-0.991393,0.084443,-0.198935,-1.405278,0.088973,-0.243081,-1.636217,0.049919,-0.282426,-1.843369,0.011880,0.029587,-0.979263,0.005303,0.026248,-1.420634,-0.077193,-0.014351,-1.649845,-0.173129,-0.049548,-1.853887,-0.224862,0.200967,-0.860268,-0.082992,0.145231,-1.188297,-0.145258,0.084673,-1.089283,-0.171545,0.046384,-0.913666,-0.186758
THREE_FINGERS,-0.000000,0.000000,0.000000,-0.230324,-0.171551,-0.088085,-0.339643,-0.503255,-0.132914,-0.192465,-0.813349,-0.191152,-0.035900,-0.932124,-0.245010,-0.285031,-0.908159,0.091342,-0.439915,-1.241927,0.060964,-0.534441,-1.437525,0.040033,-0.609233,-1.625292,0.014020,-0.110855,-0.993837,0.047682,-0.175528,-1.386026,0.038491,-0.218288,-1.607918,0.000438,-0.262734,-1.826094,-0.035875,0.053910,-0.962118,-0.027727,0.071251,-1.379347,-0.123429,0.050182,-1.605501,-0.215095,0.031886,-1.823542,-0.261880,0.225306,-0.814662,-0.114417,0.188647,-1.144259,-0.189310,0.127815,-1.056572,-0.214874,0.092957,-0.900423,-0.226993
THREE_FINGERS,-0.000000,0.000000,0.000000,-0.224638,-0.131220,-0.097381,-0.337173,-0.449487,-0.145464,-0.199747,-0.761371,-0.205516,-0.066541,-0.918878,-0.263312,-0.293421,-0.894245,0.086877,-0.441389,-1.226266,0.051408,-0.539716,-1.421714,0.022017,-0.624402,-1.614073,-0.011841,-0.131101,-0.991369,0.043659,-0.186107,-1.388570,0.025557,-0.233520,-1.612540,-0.029865,-0.288836,-1.806390,-0.079595,0.037590,-0.963020,-0.031542,0.109063,-1.366276,-0.143423,0.134060,-1.629770,-0.262545,0.139833,-1.883797,-0.329063,0.215885,-0.813177,-0.116732,0.203795,-1.105685,-0.205717,0.147255,-1.004211,-0.247371,0.106470,-0.842311,-0.272374
THREE_FINGERS,-0.000000,0.000000,0.000000,-0.220403,-0.127659,-0.108164,-0.331092,-0.452618,-0.163574,-0.181284,-0.763645,-0.231140,-0.045861,-0.914215,-0.296259,-0.289352,-0.894259,0.080601,-0.435866,-1.226250,0.039435,-0.530288,-1.418572,0.000963,-0.612442,-1.616280,-0.040688,-0.121514,-0.992590,0.038930,-0.169937,-1.377354,0.012633,-0.207136,-1.596643,-0.053931,-0.257611,-1.794743,-0.111931,0.048984,-0.962185,-0.035650,0.135166,-1.344488,-0.155628,0.184597,-1.619793,-0.284809,0.210236,-1.891751,-0.358546,0.225078,-0.810896,-0.121331,0.210563,-1.083467,-0.216561,0.149229,-0.987596,-0.264475,0.105853,-0.839840,-0.295122
THREE_FINGERS,-0.000000,0.000000,0.000000,-0.223827,-0.128891,-0.105988,-0.333839,-0.453852,-0.156945,-0.173114,-0.767499,-0.219904,-0.031824,-0.916064,-0.280235,-0.290830,-0.887245,0.090673,-0.438127,-1.227228,0.056837,-0.534124,-1.420027,0.025516,-0.618916,-1.617078,-0.012056,-0.122115,-0.992516,0.049446,-0.170620,-1.398095,0.029854,-0.210090,-1.628682,-0.032892,-0.259523,-1.827335,-0.088895,0.049570,-0.965434,-0.024858,0.141306,-1.362824,-0.144311,0.196851,-1.643357,-0.275185,0.231388,-1.924333,-0.349127,0.229576,-0.811164,-0.109540,0.213272,-1.094145,-0.205621,0.150707,-0.988329,-0.253825,0.110682,-0.827619,-0.284030
THREE_FINGERS,-0.000000,0.000000,0.000000,-0.216760,-0.122390,-0.098809,-0.326476,-0.457782,-0.146219,-0.163596,-0.755816,-0.206693,-0.010974,-0.880263,-0.265275,-0.280374,-0.889259,0.091908,-0.430751,-1.216480,0.051832,-0.532120,-1.402825,0.012117,-0.619189,-1.599771,-0.030964,-0.110094,-0.993921,0.047330,-0.151732,-1.391037,0.024001,-0.187122,-1.616573,-0.046629,-0.232675,-1.823574,-0.110529,0.059745,-0.963843,-0.030144,0.159435,-1.345274,-0.148749,0.221084,-1.632404,-0.287327,0.258939,-1.922234,-0.370401,0.230406,-0.813300,-0.118124,0.209240,-1.053971,-0.211757,0.138164,-0.950251,-0.264843,0.087071,-0.807765,-0.302026
THREE_FINGERS,-0.000000,0.000000,0.000000,-0.220258,-0.110983,-0.107714,-0.336125,-0.443577,-0.162816,-0.176134,-0.752580,-0.229651,-0.027019,-0.897837,-0.295034,-0.292945,-0.883818,0.078731,-0.449406,-1.224185,0.034305,-0.556373,-1.420095,-0.005649,-0.647788,-1.626820,-0.049504,-0.121227,-0.992625,0.033520,-0.167053,-1.405875,0.003812,-0.209289,-1.639406,-0.066659,-0.261195,-1.847724,-0.129503,0.053472,-0.966092,-0.045072,0.156358,-1.362667,-0.174272,0.220815,-1.646647,-0.314573,0.261325,-1.938293,-0.396557,0.229235,-0.815541,-0.134072,0.207286,-1.058420,-0.234896,0.141113,-0.936834,-0.287667,0.098196,-0.781675,-0.323193
THREE_FINGERS,-0.000000,0.000000,0.000000,-0.224782,-0.108370,-0.104799,-0.346588,-0.436102,-0.162824,-0.187148,-0.747652,-0.232841,-0.020935,-0.886741,-0.300887,-0.291575,-0.884720,0.069861,-0.453817,-1.228913,0.015375,-0.560991,-1.424690,-0.031498,-0.650044,-1.630790,-0.079179,-0.117732,-0.993045,0.021730,-0.158270,-1.404233,-0.019658,-0.190335,-1.638697,-0.095650,-0.228720,-1.852563,-0.160759,0.056044,-0.963788,-0.058714,0.160109,-1.359015,-0.196362,0.218232,-1.641660,-0.336129,0.254559,-1.931705,-0.416050,0.230309,-0.813053,-0.149374,0.212538,-1.050100,-0.252683,0.146615,-0.917438,-0.302520,0.103748,-0.754659,-0.335133
THREE_FINGERS,-0.000000,0.000000,0.000000,-0.227331,-0.104193,-0.108262,-0.351659,-0.433439,-0.166689,-0.196685,-0.745341,-0.236776,-0.038801,-0.888556,-0.305690,-0.297370,-0.883539,0.068665,-0.456305,-1.225585,0.017151,-0.561952,-1.420617,-0.026496,-0.648873,-1.624152,-0.072365,-0.124300,-0.992245,0.021424,-0.165358,-1.404861,-0.014769,-0.195861,-1.645134,-0.088230,-0.231915,-1.861484,-0.153247,0.049611,-0.964617,-0.058794,0.150337,-1.360285,-0.194041,0.212168,-1.639182,-0.334429,0.250707,-1.925346,-0.415957,0.224159,-0.815947,-0.149442,0.206856,-1.048749,-0.253258,0.142179,-0.913180,-0.304347,0.097013,-0.747591,-0.338299
THREE_FINGERS,-0.000000,0.000000,0.000000,-0.219360,-0.102001,-0.108984,-0.341436,-0.424634,-0.167139,-0.199759,-0.735276,-0.237154,-0.057844,-0.884579,-0.305934,-0.289772,-0.886963,0.070881,-0.446996,-1.229490,0.017956,-0.551161,-1.425798,-0.028766,-0.638442,-1.631248,-0.077236,-0.121226,-0.992625,0.024196,-0.163589,-1.407589,-0.017408,-0.194410,-1.648858,-0.096217,-0.230836,-1.866523,-0.163833,0.051074,-0.962171,-0.055427,0.155399,-1.362288,-0.196253,0.214348,-1.645520,-0.339730,0.249931,-1.934002,-0.421669,0.227051,-0.809586,-0.145174,0.216503,-1.053603,-0.255422,0.147229,-0.925769,-0.310177,0.097760,-0.763914,-0.345499
THREE_FINGERS,-0.000000,0.000000,0.000000,-0.223429,-0.114822,-0.101054,-0.342738,-0.453655,-0.152868,-0.194580,-0.763240,-0.217399,-0.040856,-0.899398,-0.280904,-0.277416,-0.890032,0.081999,-0.433207,-1.231118,0.034559,-0.536356,-1.430029,-0.010494,-0.622287,-1.635297,-0.058052,-0.109749,-0.993959,0.034937,-0.146496,-1.401615,0.001701,-0.177772,-1.640660,-0.075751,-0.214596,-1.852572,-0.143967,0.059509,-0.963714,-0.044310,0.162251,-1.356517,-0.175350,0.216269,-1.643110,-0.318949,0.247815,-1.928431,-0.403764,0.230109,-0.813553,-0.133321,0.215960,-1.051181,-0.236092,0.145784,-0.928980,-0.290787,0.094534,-0.768072,-0.327991
THREE_FINGERS,-0.000000,0.000000,0.000000,-0.225182,-0.109542,-0.108859,-0.348163,-0.435293,-0.156314,-0.199272,-0.745046,-0.213727,-0.050233,-0.878581,-0.269169,-0.288899,-0.881644,0.077325,-0.444325,-1.221642,0.036344,-0.549143,-1.422729,0.001526,-0.638716,-1.627227,-0.037575,-0.125157,-0.992137,0.037107,-0.172445,-1.406623,0.013169,-0.215194,-1.648807,-0.052141,-0.265126,-1.856553,-0.111640,0.043522,-0.966840,-0.036556,0.144189,-1.356830,-0.161357,0.199157,-1.629568,-0.298291,0.226731,-1.900684,-0.376871,0.218073,-0.816970,-0.121069,0.213436,-1.060581,-0.222979,0.148919,-0.950004,-0.278961,0.096601,-0.794908,-0.314615
THREE_FINGERS,-0.000000,0.000000,0.000000,-0.222235,-0.114920,-0.091169,-0.350944,-0.427966,-0.138482,-0.243153,-0.752176,-0.197646,-0.121538,-0.898122,-0.255412,-0.298262,-0.887012,0.070363,-0.458503,-1.227886,0.025599,-0.555058,-1.434593,-0.008214,-0.636815,-1.635462,-0.044622,-0.139540,-0.990216,0.022300,-0.212203,-1.398864,-0.001922,-0.252895,-1.641097,-0.057621,-0.299565,-1.854479,-0.110097,0.021405,-0.964861,-0.056182,0.037255,-1.367686,-0.174260,0.041547,-1.634145,-0.291742,0.023922,-1.882285,-0.358390,0.188003,-0.817112,-0.144195,0.155552,-1.103983,-0.240319,0.089793,-0.989193,-0.280013,0.028449,-0.804473,-0.303237
THREE_FINGERS,-0.000000,0.000000,0.000000,-0.235989,-0.116591,-0.073963,-0.369255,-0.447710,-0.108475,-0.259978,-0.788354,-0.159511,-0.123147,-0.935981,-0.209455,-0.301696,-0.888110,0.101109,-0.434383,-1.240202,0.071310,-0.502401,-1.463811,0.048948,-0.558385,-1.675528,0.020664,-0.146303,-0.989240,0.048513,-0.233220,-1.405744,0.040981,-0.267589,-1.659103,-0.003286,-0.303361,-1.888879,-0.047637,0.007116,-0.978479,-0.033430,-0.034375,-1.395184,-0.133172,-0.077289,-1.640350,-0.235334,-0.126956,-1.860715,-0.292740,0.171068,-0.856400,-0.125552,0.099713,-1.145873,-0.205075,0.042722,-1.030568,-0.235633,0.001150,-0.840997,-0.252828
THREE_FINGERS,-0.000000,0.000000,0.000000,-0.236063,-0.121663,-0.083091,-0.378086,-0.431183,-0.130717,-0.273796,-0.766411,-0.192653,-0.124649,-0.916163,-0.251575,-0.302455,-0.900586,0.072119,-0.394180,-1.284026,0.031152,-0.431077,-1.522478,0.001113,-0.461710,-1.739087,-0.032649,-0.148546,-0.988905,0.022365,-0.236642,-1.404834,-0.000416,-0.280058,-1.661395,-0.048462,-0.321107,-1.896613,-0.092637,-0.000592,-0.971836,-0.054878,-0.053285,-1.386462,-0.163548,-0.115225,-1.603139,-0.255708,-0.175632,-1.801459,-0.303860,0.160097,-0.841630,-0.143174,0.082335,-1.140503,-0.226361,0.030721,-1.007340,-0.248083,0.002874,-0.799652,-0.256733
THREE_FINGERS,-0.000000,0.000000,0.000000,-0.237779,-0.132485,-0.063281,-0.372860,-0.436437,-0.104239,-0.256269,-0.762408,-0.163752,-0.094278,-0.877726,-0.219250,-0.289498,-0.912382,0.082359,-0.364328,-1.307257,0.049017,-0.387112,-1.548707,0.028543,-0.402242,-1.765330,0.000394,-0.137617,-0.990485,0.020396,-0.227839,-1.410291,0.004455,-0.270886,-1.670293,-0.031876,-0.305958,-1.907770,-0.067355,0.010178,-0.965498,-0.067186,-0.041184,-1.378855,-0.168585,-0.105634,-1.588627,-0.250380,-0.162594,-1.785680,-0.290471,0.164214,-0.823317,-0.164611,0.089388,-1.125499,-0.239746,0.028765,-0.998485,-0.254136,0.000519,-0.797782,-0.256995
THREE_FINGERS,-0.000000,0.000000,0.000000,-0.248137,-0.141451,-0.056024,-0.389327,-0.461372,-0.089818,-0.273231,-0.789193,-0.142798,-0.105480,-0.905024,-0.192076,-0.297524,-0.912544,0.098380,-0.357228,-1.316670,0.071189,-0.379413,-1.565074,0.050723,-0.394368,-1.789886,0.022230,-0.142676,-0.989769,0.037406,-0.222416,-1.426801,0.027508,-0.269193,-1.696906,-0.011391,-0.305140,-1.939067,-0.049565,0.008087,-0.969253,-0.048321,-0.045200,-1.390895,-0.138547,-0.115926,-1.593766,-0.218364,-0.171963,-1.783557,-0.259083,0.164334,-0.842221,-0.144235,0.081813,-1.141780,-0.210043,0.021545,-1.019048,-0.223674,-0.000562,-0.826224,-0.227603
THREE_FINGERS,-0.000000,0.000000,0.000000,-0.251387,-0.143915,-0.061281,-0.392323,-0.460907,-0.099415,-0.264606,-0.790000,-0.155970,-0.085743,-0.905074,-0.209277,-0.295616,-0.909649,0.091395,-0.357856,-1.313273,0.059468,-0.377406,-1.564468,0.035826,-0.388652,-1.786605,0.005009,-0.137091,-0.990559,0.030728,-0.217785,-1.428115,0.014062,-0.265322,-1.703027,-0.030876,-0.300829,-1.943279,-0.073000,0.014933,-0.973372,-0.055040,-0.038898,-1.396947,-0.155776,-0.118091,-1.612943,-0.246228,-0.181999,-1.811984,-0.293654,0.174949,-0.847111,-0.150638,0.086563,-1.148071,-0.224596,0.025825,-1.015990,-0.244106,0.002343,-0.809466,-0.252579
THREE_FINGERS,-0.000000,0.000000,0.000000,-0.244285,-0.143353,-0.056790,-0.386192,-0.453278,-0.099883,-0.267993,-0.786965,-0.162673,-0.097313,-0.916456,-0.222026,-0.291419,-0.909559,0.079443,-0.357280,-1.325504,0.042199,-0.375995,-1.579163,0.016492,-0.387005,-1.801544,-0.016198,-0.138137,-0.990413,0.013565,-0.224058,-1.435843,-0.011485,-0.269740,-1.712220,-0.057825,-0.304037,-1.952518,-0.100002,0.010581,-0.973849,-0.075452,-0.048293,-1.393235,-0.181811,-0.126654,-1.610419,-0.268328,-0.192710,-1.813187,-0.312627,0.169516,-0.842514,-0.173571,0.078933,-1.156359,-0.251191,0.019557,-1.020757,-0.266706,-0.002478,-0.804004,-0.271370
THREE_FINGERS,-0.000000,0.000000,0.000000,-0.245218,-0.143830,-0.049748,-0.391660,-0.456700,-0.094212,-0.283090,-0.783082,-0.160070,-0.114617,-0.921644,-0.223149,-0.291369,-0.915802,0.084847,-0.351388,-1.311110,0.046753,-0.369548,-1.559618,0.017170,-0.381307,-1.777375,-0.018459,-0.139399,-0.990236,0.014542,-0.216959,-1.434067,-0.013968,-0.266997,-1.708864,-0.065313,-0.304857,-1.943873,-0.111264,0.006379,-0.968277,-0.078268,-0.054273,-1.392994,-0.183669,-0.142933,-1.589900,-0.269027,-0.211522,-1.771633,-0.313594,0.159341,-0.833814,-0.179868,0.067625,-1.152258,-0.257798,0.004072,-1.014159,-0.272867,-0.017276,-0.797752,-0.277741
THREE_FINGERS,-0.000000,0.000000,0.000000,-0.247674,-0.145392,-0.050177,-0.394088,-0.464309,-0.089173,-0.278497,-0.796434,-0.149263,-0.107889,-0.925619,-0.206896,-0.293525,-0.909724,0.098208,-0.353782,-1.306323,0.066373,-0.370051,-1.555969,0.042918,-0.379688,-1.777842,0.011684,-0.140656,-0.990059,0.029077,-0.222737,-1.432962,0.009376,-0.270531,-1.707156,-0.035675,-0.306134,-1.941192,-0.077171,0.005930,-0.972020,-0.063920,-0.054723,-1.402159,-0.168280,-0.137335,-1.610334,-0.256201,-0.202413,-1.806905,-0.301282,0.160214,-0.840132,-0.165458,0.062798,-1.153802,-0.243190,0.003502,-1.011394,-0.259093,-0.014444,-0.792471,-0.264028
THREE_FINGERS,-0.000000,0.000000,0.000000,-0.239459,-0.144670,-0.050108,-0.379929,-0.461860,-0.091302,-0.262041,-0.790715,-0.154132,-0.095359,-0.918995,-0.214428,-0.286747,-0.915635,0.095155,-0.345929,-1.316745,0.060964,-0.361581,-1.564112,0.036819,-0.370380,-1.782740,0.005444,-0.135224,-0.990815,0.025047,-0.216273,-1.429465,0.004076,-0.262246,-1.697410,-0.039976,-0.295904,-1.928213,-0.080301,0.009853,-0.968971,-0.069090,-0.048155,-1.393744,-0.173651,-0.128516,-1.599444,-0.260500,-0.191316,-1.797335,-0.304844,0.161390,-0.834561,-0.171845,0.066614,-1.144687,-0.249070,0.009463,-1.000936,-0.264303,-0.006341,-0.784673,-0.268809
THREE_FINGERS,-0.000000,0.000000,0.000000,-0.242156,-0.144507,-0.057529,-0.390825,-0.450209,-0.102805,-0.285629,-0.781295,-0.168419,-0.120281,-0.912792,-0.231130,-0.298861,-0.911868,0.085890,-0.364676,-1.316013,0.050837,-0.383836,-1.565075,0.025211,-0.393903,-1.784668,-0.008375,-0.150595,-0.988596,0.016414,-0.233538,-1.437858,-0.009564,-0.282819,-1.713195,-0.058823,-0.316469,-1.946677,-0.102747,-0.005369,-0.968647,-0.077311,-0.067218,-1.399807,-0.188577,-0.148770,-1.591372,-0.279505,-0.209749,-1.771138,-0.324812,0.149644,-0.832987,-0.179763,0.053766,-1.156862,-0.264733,-0.007116,-1.012315,-0.284177,-0.025553,-0.788175,-0.290135
THREE_FINGERS,-0.000000,0.000000,0.000000,-0.247178,-0.140842,-0.076186,-0.392605,-0.441733,-0.142292,-0.295920,-0.763558,-0.227994,-0.157932,-0.937587,-0.311036,-0.293296,-0.925639,0.052065,-0.358320,-1.324174,0.001206,-0.381843,-1.571916,-0.039153,-0.403344,-1.794800,-0.082603,-0.139805,-0.990179,-0.011867,-0.217433,-1.443992,-0.055591,-0.269894,-1.716855,-0.117103,-0.313261,-1.953450,-0.169105,0.008027,-0.960632,-0.100052,-0.063010,-1.390588,-0.212015,-0.149584,-1.539345,-0.295309,-0.212173,-1.685612,-0.337715,0.160917,-0.820269,-0.199687,0.061374,-1.146913,-0.286963,-0.005755,-1.013261,-0.305501,-0.025009,-0.813022,-0.311110
THREE_FINGERS,-0.000000,0.000000,0.000000,-0.241506,-0.162520,-0.070665,-0.386985,-0.462678,-0.131241,-0.289436,-0.783247,-0.212594,-0.136548,-0.928720,-0.290211,-0.287969,-0.925392,0.061029,-0.351462,-1.328381,0.013983,-0.375124,-1.575739,-0.023516,-0.394402,-1.795614,-0.065983,-0.134575,-0.990903,-0.006689,-0.207367,-1.449305,-0.050978,-0.264805,-1.721354,-0.112558,-0.310621,-1.956200,-0.164204,0.012433,-0.962337,-0.098752,-0.053857,-1.392220,-0.214467,-0.142783,-1.497244,-0.294296,-0.206673,-1.598045,-0.331073,0.165376,-0.818075,-0.202261,0.071993,-1.160954,-0.294153,-0.000064,-1.019060,-0.312991,-0.027042,-0.800800,-0.316368
THREE_FINGERS,-0.000000,0.000000,0.000000,-0.238973,-0.150374,-0.070908,-0.387308,-0.447079,-0.129295,-0.294698,-0.773986,-0.207355,-0.149102,-0.933351,-0.282216,-0.291854,-0.919677,0.069322,-0.359153,-1.319224,0.026856,-0.382505,-1.567169,-0.005134,-0.401458,-1.792417,-0.043550,-0.140237,-0.990118,0.002558,-0.219435,-1.443373,-0.033356,-0.273988,-1.716473,-0.087764,-0.318207,-1.956754,-0.135049,0.006242,-0.965365,-0.089525,-0.062585,-1.399982,-0.204976,-0.149785,-1.548550,-0.290270,-0.213834,-1.696707,-0.331255,0.160699,-0.826163,-0.191997,0.060331,-1.158669,-0.283119,-0.007766,-1.015312,-0.302930,-0.030832,-0.800336,-0.307883
THREE_FINGERS,-0.000000,0.000000,0.000000,-0.229580,-0.140079,-0.063126,-0.383258,-0.440539,-0.116673,-0.299225,-0.770632,-0.189797,-0.151614,-0.920217,-0.260621,-0.288085,-0.916358,0.069836,-0.356157,-1.315324,0.027808,-0.379821,-1.561887,-0.003651,-0.397087,-1.782588,-0.041609,-0.139244,-0.990258,0.001100,-0.218901,-1.439091,-0.033512,-0.272737,-1.709833,-0.087147,-0.314553,-1.943014,-0.134401,0.006274,-0.968484,-0.091490,-0.060621,-1.399210,-0.207777,-0.147121,-1.572811,-0.297083,-0.213000,-1.739786,-0.341895,0.160584,-0.832684,-0.193194,0.057066,-1.154976,-0.283825,-0.008608,-1.004679,-0.303728,-0.030346,-0.781112,-0.309864
THREE_FINGERS,-0.000000,0.000000,0.000000,-0.237652,-0.137851,-0.060830,-0.392234,-0.453606,-0.106793,-0.304434,-0.796556,-0.171351,-0.158924,-0.951345,-0.233444,-0.290941,-0.910414,0.079238,-0.355566,-1.319933,0.044905,-0.376749,-1.573655,0.018242,-0.392610,-1.801589,-0.017109,-0.142878,-0.989740,0.014310,-0.220470,-1.440075,-0.008758,-0.269313,-1.719226,-0.059342,-0.306863,-1.956958,-0.106784,0.003200,-0.972279,-0.073941,-0.061137,-1.395501,-0.180130,-0.143570,-1.590712,-0.272879,-0.209395,-1.778618,-0.322969,0.158684,-0.842658,-0.170917,0.055211,-1.148975,-0.253911,-0.011325,-1.001012,-0.275209,-0.036298,-0.780252,-0.284300
THREE_FINGERS,-0.000000,0.000000,0.000000,-0.239118,-0.128158,-0.053919,-0.394140,-0.452395,-0.095818,-0.307590,-0.792073,-0.156472,-0.161332,-0.942095,-0.215772,-0.294960,-0.910864,0.079871,-0.361225,-1.312443,0.043535,-0.382994,-1.563687,0.013769,-0.396945,-1.787700,-0.023889,-0.145693,-0.989330,0.012452,-0.227558,-1.427188,-0.010315,-0.273747,-1.705022,-0.063919,-0.307979,-1.941701,-0.115732,0.004689,-0.969165,-0.077271,-0.056866,-1.389967,-0.183209,-0.135146,-1.604496,-0.282513,-0.198796,-1.801217,-0.340048,0.162935,-0.841124,-0.174754,0.056936,-1.115567,-0.255762,-0.015206,-0.964550,-0.279971,-0.045785,-0.746108,-0.293917
THREE_FINGERS,-0.000000,0.000000,0.000000,-0.244980,-0.120113,-0.054264,-0.407413,-0.420622,-0.096699,-0.327780,-0.758888,-0.157386,-0.175206,-0.900888,-0.215644,-0.317367,-0.901957,0.067499,-0.396510,-1.313792,0.025906,-0.418353,-1.565709,-0.003887,-0.429072,-1.789834,-0.039837,-0.168725,-0.985663,0.000371,-0.262466,-1.419560,-0.026274,-0.300667,-1.688750,-0.075650,-0.324179,-1.924465,-0.122165,-0.015842,-0.963576,-0.088143,-0.073953,-1.371573,-0.196331,-0.141300,-1.596180,-0.288688,-0.199004,-1.798974,-0.339198,0.149238,-0.827468,-0.184499,0.051443,-1.103546,-0.264620,-0.015120,-0.960560,-0.283151,-0.044385,-0.742201,-0.290866
THREE_FINGERS,-0.000000,0.000000,0.000000,-0.242720,-0.095917,-0.082368,-0.407948,-0.383059,-0.138337,-0.338751,-0.709619,-0.207820,-0.198708,-0.888162,-0.277329,-0.331031,-0.895334,0.041207,-0.436548,-1.265881,-0.010938,-0.489703,-1.505487,-0.051095,-0.533579,-1.726434,-0.093133,-0.177628,-0.984098,-0.015694,-0.263951,-1.424138,-0.050049,-0.304495,-1.695807,-0.107481,-0.343732,-1.938265,-0.161573,-0.017080,-0.967140,-0.097375,-0.060312,-1.394466,-0.210799,-0.114301,-1.632951,-0.310901,-0.172935,-1.841206,-0.369224,0.150930,-0.837192,-0.189423,0.068743,-1.109583,-0.278177,0.006964,-0.979807,-0.304907,-0.030323,-0.782087,-0.319818
THREE_FINGERS,-0.000000,0.000000,0.000000,-0.232955,-0.099423,-0.080013,-0.397639,-0.391983,-0.131657,-0.340939,-0.728376,-0.194974,-0.204782,-0.912271,-0.257871,-0.318242,-0.892964,0.042298,-0.438901,-1.281266,-0.003827,-0.497816,-1.521098,-0.037358,-0.547618,-1.739851,-0.076390,-0.171214,-0.985234,-0.013298,-0.257176,-1.435118,-0.040768,-0.297605,-1.706675,-0.094025,-0.338688,-1.948756,-0.146533,-0.013996,-0.971156,-0.092910,-0.051248,-1.407122,-0.205976,-0.101384,-1.662904,-0.312933,-0.161090,-1.894578,-0.376446,0.154828,-0.837277,-0.180893,0.071096,-1.123944,-0.272386,0.008943,-0.993264,-0.303283,-0.029260,-0.786739,-0.321473
THREE_FINGERS,-0.000000,0.000000,0.000000,-0.235449,-0.099226,-0.091120,-0.408629,-0.376887,-0.148937,-0.356905,-0.706467,-0.215967,-0.219521,-0.886053,-0.282936,-0.336198,-0.889873,0.021566,-0.454327,-1.274106,-0.029383,-0.511588,-1.512746,-0.065070,-0.559905,-1.733195,-0.104475,-0.184397,-0.982852,-0.029171,-0.269219,-1.430261,-0.058930,-0.308082,-1.693913,-0.109383,-0.350838,-1.934537,-0.160033,-0.025047,-0.970311,-0.104649,-0.064302,-1.392112,-0.217351,-0.108518,-1.650740,-0.322363,-0.164735,-1.887231,-0.385139,0.143790,-0.838077,-0.189817,0.057277,-1.114025,-0.281420,-0.002686,-0.991397,-0.313064,-0.041660,-0.796921,-0.331717
THREE_FINGERS,-0.000000,0.000000,0.000000,-0.230196,-0.096515,-0.082252,-0.401407,-0.381041,-0.134618,-0.343511,-0.704074,-0.198353,-0.195340,-0.867909,-0.261996,-0.322711,-0.891065,0.037809,-0.436685,-1.261078,-0.011395,-0.496217,-1.494840,-0.049127,-0.546067,-1.712242,-0.090450,-0.175359,-0.984505,-0.016789,-0.253759,-1.420226,-0.044532,-0.293697,-1.684410,-0.098747,-0.334391,-1.925295,-0.152820,-0.018470,-0.969425,-0.096060,-0.049606,-1.387707,-0.205793,-0.098882,-1.639787,-0.312677,-0.157109,-1.868805,-0.377851,0.146674,-0.837502,-0.184848,0.067519,-1.098903,-0.273960,0.002202,-0.972662,-0.306443,-0.041100,-0.779307,-0.326878
THREE_FINGERS,-0.000000,0.000000,0.000000,-0.239224,-0.092163,-0.081836,-0.409767,-0.372730,-0.135384,-0.346129,-0.702353,-0.199858,-0.197542,-0.875035,-0.263806,-0.336396,-0.883412,0.035102,-0.454015,-1.263343,-0.012925,-0.510057,-1.501539,-0.047863,-0.557871,-1.724139,-0.087653,-0.184816,-0.982773,-0.020318,-0.264783,-1.425977,-0.047301,-0.298625,-1.692134,-0.098307,-0.333818,-1.932076,-0.150407,-0.026518,-0.969473,-0.100012,-0.062222,-1.388386,-0.211710,-0.106343,-1.643917,-0.318469,-0.159934,-1.880086,-0.383211,0.139082,-0.835091,-0.188681,0.048789,-1.092699,-0.277780,-0.013999,-0.955398,-0.308722,-0.052948,-0.752173,-0.327981
THREE_FINGERS,-0.000000,0.000000,0.000000,-0.233892,-0.086266,-0.095347,-0.406964,-0.354935,-0.159278,-0.358688,-0.686302,-0.232396,-0.226594,-0.879240,-0.305758,-0.341800,-0.879445,0.015070,-0.461116,-1.258498,-0.040235,-0.520310,-1.499439,-0.081616,-0.571025,-1.726284,-0.126631,-0.192720,-0.981254,-0.037924,-0.273879,-1.431225,-0.073694,-0.309782,-1.703034,-0.132732,-0.347156,-1.949109,-0.190878,-0.033401,-0.970711,-0.115602,-0.068051,-1.394134,-0.234772,-0.112962,-1.652259,-0.347748,-0.168482,-1.889751,-0.417029,0.135895,-0.837222,-0.202804,0.048608,-1.102584,-0.300170,-0.013361,-0.969020,-0.336421,-0.052196,-0.767860,-0.359375
THREE_FINGERS,-0.000000,0.000000,0.000000,-0.235967,-0.098601,-0.088902,-0.406766,-0.380195,-0.149762,-0.349057,-0.717855,-0.220913,-0.209713,-0.902414,-0.292009,-0.339055,-0.881694,0.022506,-0.462904,-1.262747,-0.029722,-0.525494,-1.501936,-0.068262,-0.578123,-1.724883,-0.111267,-0.189456,-0.981889,-0.032461,-0.271274,-1.428400,-0.065023,-0.309309,-1.699272,-0.121991,-0.345471,-1.942459,-0.178095,-0.030566,-0.970553,-0.111593,-0.062965,-1.392568,-0.228109,-0.108004,-1.651754,-0.339880,-0.160357,-1.890397,-0.407523,0.137978,-0.834391,-0.199542,0.049414,-1.113638,-0.294319,-0.013187,-0.983553,-0.328955,-0.047647,-0.779309,-0.350523
THREE_FINGERS,-0.000000,0.000000,0.000000,-0.234446,-0.103701,-0.083808,-0.402923,-0.387742,-0.141321,-0.353497,-0.724665,-0.210238,-0.219773,-0.918204,-0.279303,-0.330649,-0.887360,0.032648,-0.460070,-1.261938,-0.016345,-0.529882,-1.497840,-0.053558,-0.589442,-1.717798,-0.095144,-0.183431,-0.983033,-0.022565,-0.264141,-1.436450,-0.053204,-0.305250,-1.709223,-0.110641,-0.344931,-1.953100,-0.166645,-0.026293,-0.970500,-0.101789,-0.060184,-1.400383,-0.213238,-0.114526,-1.657992,-0.322562,-0.174110,-1.891684,-0.388958,0.140330,-0.838637,-0.189821,0.054871,-1.125433,-0.280250,-0.014646,-1.005177,-0.314698,-0.056650,-0.810372,-0.336517
THREE_FINGERS,-0.000000,0.000000,0.000000,-0.240980,-0.106063,-0.079210,-0.408918,-0.400133,-0.128518,-0.343559,-0.742009,-0.189627,-0.194207,-0.908223,-0.250126,-0.320549,-0.886695,0.045515,-0.450850,-1.268808,0.003235,-0.522562,-1.503766,-0.027310,-0.585806,-1.721031,-0.063944,-0.170590,-0.985342,-0.009323,-0.248846,-1.441986,-0.031945,-0.292494,-1.713727,-0.083125,-0.334608,-1.953239,-0.134283,-0.016086,-0.971227,-0.088491,-0.044762,-1.400959,-0.194881,-0.096329,-1.657080,-0.301336,-0.154814,-1.889457,-0.364559,0.144680,-0.832512,-0.176478,0.063871,-1.130777,-0.262846,-0.004801,-1.012583,-0.295138,-0.047300,-0.813777,-0.314516
THREE_FINGERS,-0.000000,0.000000,0.000000,-0.237704,-0.090213,-0.089886,-0.416478,-0.374981,-0.143933,-0.360760,-0.699629,-0.206898,-0.205944,-0.878478,-0.269339,-0.326490,-0.889775,0.032897,-0.447586,-1.238209,-0.017899,-0.518487,-1.465377,-0.058242,-0.582941,-1.681535,-0.099176,-0.175598,-0.984462,-0.013841,-0.249071,-1.423361,-0.043331,-0.288341,-1.688446,-0.098553,-0.332603,-1.929842,-0.152186,-0.017355,-0.971255,-0.085756,-0.047158,-1.393532,-0.189757,-0.096835,-1.638944,-0.286682,-0.154959,-1.845991,-0.344938,0.145736,-0.848216,-0.169202,0.079774,-1.122338,-0.251351,0.013159,-1.010807,-0.278798,-0.034657,-0.827883,-0.295252
THREE_FINGERS,-0.000000,0.000000,0.000000,-0.236166,-0.098686,-0.073582,-0.409163,-0.416674,-0.119422,-0.349092,-0.744532,-0.177151,-0.197216,-0.907301,-0.235269,-0.312278,-0.895956,0.049693,-0.445171,-1.237257,0.004602,-0.528938,-1.453962,-0.030372,-0.603830,-1.660867,-0.066551,-0.161805,-0.986823,-0.001373,-0.228430,-1.420612,-0.024996,-0.272297,-1.682224,-0.075743,-0.320196,-1.912137,-0.125560,-0.005318,-0.973841,-0.076131,-0.022923,-1.412606,-0.174909,-0.083759,-1.656350,-0.266760,-0.149858,-1.855779,-0.321098,0.153464,-0.857750,-0.161049,0.107997,-1.148353,-0.234576,0.037630,-1.027575,-0.255437,-0.014188,-0.834073,-0.268346
THREE_FINGERS,-0.000000,0.000000,0.000000,-0.236614,-0.094001,-0.076686,-0.417832,-0.406513,-0.121392,-0.356968,-0.738993,-0.176378,-0.187999,-0.889344,-0.230529,-0.314013,-0.892334,0.047759,-0.448768,-1.243738,0.003516,-0.536817,-1.463844,-0.028814,-0.615603,-1.672500,-0.063570,-0.161881,-0.986810,-0.002131,-0.226853,-1.429995,-0.022340,-0.275244,-1.692262,-0.070409,-0.326824,-1.926526,-0.119288,-0.004316,-0.974906,-0.076477,-0.019820,-1.404213,-0.173739,-0.080711,-1.648449,-0.267161,-0.149361,-1.857980,-0.322593,0.155923,-0.856660,-0.161183,0.104356,-1.143559,-0.233938,0.035427,-1.017696,-0.255898,-0.016313,-0.819412,-0.269299
THREE_FINGERS,-0.000000,0.000000,0.000000,-0.236272,-0.093342,-0.072863,-0.411356,-0.410002,-0.114389,-0.348927,-0.736309,-0.167012,-0.186418,-0.872490,-0.219042,-0.306976,-0.889146,0.052463,-0.440519,-1.235566,0.009996,-0.529255,-1.455174,-0.022802,-0.607363,-1.662465,-0.057602,-0.156532,-0.987673,0.003077,-0.216049,-1.430002,-0.016682,-0.263019,-1.695354,-0.065972,-0.313341,-1.928824,-0.115259,-0.000816,-0.979302,-0.070057,-0.009135,-1.406978,-0.164189,-0.067069,-1.654774,-0.256141,-0.132700,-1.862174,-0.310784,0.156260,-0.864334,-0.153579,0.116502,-1.154025,-0.222857,0.047801,-1.034975,-0.243614,-0.005051,-0.839381,-0.256546
THREE_FINGERS,-0.000000,0.000000,0.000000,-0.240231,-0.100090,-0.073583,-0.409404,-0.409900,-0.117844,-0.335177,-0.728729,-0.174207,-0.171118,-0.862141,-0.230122,-0.306110,-0.893976,0.053601,-0.436557,-1.242293,0.009097,-0.523587,-1.461003,-0.024543,-0.601940,-1.668855,-0.059449,-0.151835,-0.988406,0.002749,-0.213001,-1.426968,-0.018371,-0.260272,-1.688146,-0.066027,-0.312135,-1.919986,-0.113557,0.004446,-0.974839,-0.072581,-0.007916,-1.403050,-0.169134,-0.064489,-1.646469,-0.258354,-0.130224,-1.851422,-0.310222,0.161553,-0.853613,-0.158740,0.119083,-1.148062,-0.230243,0.054384,-1.031065,-0.249330,0.003611,-0.837498,-0.260281
THREE_FINGERS,-0.000000,0.000000,0.000000,-0.236001,-0.090845,-0.080709,-0.402181,-0.393657,-0.126455,-0.332275,-0.715604,-0.183155,-0.175924,-0.864920,-0.239203,-0.301292,-0.892375,0.056564,-0.434271,-1.234655,0.013677,-0.521586,-1.450059,-0.019940,-0.601685,-1.656942,-0.055234,-0.151818,-0.988409,0.009274,-0.211521,-1.421285,-0.010197,-0.255809,-1.677306,-0.059584,-0.306154,-1.907461,-0.108499,0.001138,-0.976404,-0.063840,-0.012684,-1.397597,-0.160091,-0.066978,-1.638834,-0.253558,-0.131147,-1.849150,-0.308751,0.156686,-0.855890,-0.148127,0.111808,-1.145509,-0.220479,0.047478,-1.024632,-0.243127,-0.002670,-0.831041,-0.256862
THREE_FINGERS,-0.000000,0.000000,0.000000,-0.237275,-0.088361,-0.084590,-0.404440,-0.386936,-0.135699,-0.334480,-0.711164,-0.197516,-0.181638,-0.864643,-0.258643,-0.308203,-0.891819,0.047156,-0.446213,-1.237774,-0.000382,-0.536515,-1.454738,-0.035909,-0.617416,-1.664248,-0.072251,-0.156220,-0.987722,-0.000980,-0.218941,-1.425473,-0.025848,-0.262146,-1.681602,-0.076565,-0.309004,-1.915030,-0.125543,-0.001881,-0.976069,-0.074990,-0.020748,-1.403146,-0.178114,-0.074236,-1.647366,-0.273423,-0.134641,-1.863766,-0.328292,0.154736,-0.855388,-0.159966,0.102758,-1.153754,-0.236746,0.041364,-1.030572,-0.259473,-0.001817,-0.833318,-0.272534
THREE_FINGERS,-0.000000,0.000000,0.000000,-0.240020,-0.089997,-0.109404,-0.414178,-0.345052,-0.179903,-0.355055,-0.652035,-0.256349,-0.201524,-0.827223,-0.332218,-0.324172,-0.889278,-0.000829,-0.466150,-1.231905,-0.060546,-0.552910,-1.445827,-0.102588,-0.629541,-1.651034,-0.143383,-0.173268,-0.984875,-0.041754,-0.243904,-1.422026,-0.081752,-0.284551,-1.675460,-0.137845,-0.328202,-1.912370,-0.190119,-0.018765,-0.971004,-0.108420,-0.040567,-1.385186,-0.222521,-0.085457,-1.636512,-0.322657,-0.138686,-1.865935,-0.381321,0.141893,-0.837396,-0.187242,0.088670,-1.141204,-0.274599,0.028905,-1.029494,-0.302366,-0.013299,-0.840288,-0.318371
THREE_FINGERS,-0.000000,0.000000,0.000000,-0.237539,-0.085082,-0.108686,-0.410799,-0.360718,-0.175742,-0.344345,-0.666773,-0.248632,-0.191149,-0.837498,-0.321750,-0.330661,-0.887814,0.007313,-0.469122,-1.222969,-0.054059,-0.555091,-1.435166,-0.100907,-0.631143,-1.642932,-0.144868,-0.173455,-0.984842,-0.032332,-0.240412,-1.419167,-0.071908,-0.274819,-1.675415,-0.131437,-0.313798,-1.911556,-0.187022,-0.013162,-0.970844,-0.098710,-0.030683,-1.394397,-0.212261,-0.067082,-1.652901,-0.315028,-0.113016,-1.880087,-0.376551,0.149334,-0.843166,-0.177701,0.099151,-1.131071,-0.265341,0.038938,-1.020740,-0.295322,-0.004963,-0.839054,-0.314174
THREE_FINGERS,-0.000000,0.000000,0.000000,-0.243283,-0.085372,-0.109522,-0.413851,-0.366647,-0.176450,-0.346098,-0.679166,-0.249209,-0.200715,-0.859136,-0.322946,-0.330083,-0.885643,0.007043,-0.470104,-1.225155,-0.054053,-0.558201,-1.440679,-0.101711,-0.636186,-1.651968,-0.147331,-0.173148,-0.984896,-0.032923,-0.240279,-1.427379,-0.073324,-0.276582,-1.690730,-0.137361,-0.316417,-1.931968,-0.197264,-0.011227,-0.973082,-0.099464,-0.026819,-1.401695,-0.214398,-0.065105,-1.665892,-0.324708,-0.112637,-1.900701,-0.392309,0.153662,-0.845562,-0.178039,0.098810,-1.133699,-0.268667,0.030887,-1.026959,-0.304682,-0.019247,-0.849694,-0.328604
THREE_FINGERS,-0.000000,0.000000,0.000000,-0.245608,-0.090189,-0.118293,-0.414044,-0.357794,-0.194868,-0.346417,-0.665654,-0.275925,-0.200016,-0.849338,-0.357753,-0.328556,-0.886808,-0.010940,-0.471420,-1.227257,-0.077038,-0.559850,-1.443234,-0.127900,-0.638411,-1.653216,-0.175989,-0.171641,-0.985160,-0.049446,-0.236071,-1.433009,-0.097710,-0.274270,-1.697556,-0.166668,-0.316187,-1.939009,-0.229088,-0.011209,-0.971630,-0.114079,-0.023727,-1.400817,-0.235032,-0.064874,-1.666759,-0.349854,-0.114404,-1.907619,-0.419844,0.151170,-0.836238,-0.190684,0.096479,-1.139373,-0.285541,0.028757,-1.034634,-0.324045,-0.019362,-0.855436,-0.349461
THREE_FINGERS,-0.000000,0.000000,0.000000,-0.243061,-0.088502,-0.113026,-0.407346,-0.370705,-0.184873,-0.339065,-0.684533,-0.262051,-0.201254,-0.873524,-0.340980,-0.329399,-0.886810,-0.003882,-0.472365,-1.228843,-0.068256,-0.561628,-1.446151,-0.118668,-0.641015,-1.658762,-0.166766,-0.172356,-0.985035,-0.043880,-0.238556,-1.430360,-0.089235,-0.276425,-1.693779,-0.157663,-0.319014,-1.934142,-0.220643,-0.011285,-0.973000,-0.109793,-0.024006,-1.404338,-0.228667,-0.063578,-1.669567,-0.343686,-0.113122,-1.909387,-0.414824,0.152138,-0.842837,-0.187233,0.097439,-1.136359,-0.280558,0.030273,-1.025646,-0.319065,-0.018620,-0.844794,-0.345360
THREE_FINGERS,-0.000000,0.000000,0.000000,-0.242165,-0.093508,-0.116586,-0.412673,-0.368017,-0.190746,-0.353866,-0.677561,-0.269361,-0.222072,-0.865849,-0.348856,-0.333409,-0.887551,-0.007116,-0.477473,-1.231305,-0.071845,-0.570373,-1.445332,-0.122379,-0.653943,-1.655166,-0.170299,-0.177737,-0.984078,-0.044866,-0.242588,-1.429506,-0.090685,-0.282500,-1.688987,-0.158130,-0.327186,-1.928182,-0.219812,-0.017827,-0.970227,-0.108946,-0.024108,-1.400185,-0.226775,-0.058321,-1.662077,-0.339228,-0.103521,-1.901580,-0.408331,0.143990,-0.836820,-0.184937,0.092379,-1.138619,-0.278580,0.023490,-1.036236,-0.316555,-0.028280,-0.862320,-0.341894
THREE_FINGERS,-0.000000,0.000000,0.000000,-0.242956,-0.094807,-0.119713,-0.413080,-0.370521,-0.196809,-0.357090,-0.686437,-0.278307,-0.230044,-0.879376,-0.360602,-0.331650,-0.888380,-0.010276,-0.477232,-1.232706,-0.077287,-0.568794,-1.450803,-0.130503,-0.650740,-1.665973,-0.180997,-0.175826,-0.984421,-0.048378,-0.240734,-1.428214,-0.098735,-0.278036,-1.689527,-0.171225,-0.319662,-1.930303,-0.235976,-0.015316,-0.968637,-0.112781,-0.017810,-1.396162,-0.236390,-0.048296,-1.663975,-0.354794,-0.089970,-1.910803,-0.426799,0.147791,-0.832902,-0.188804,0.097181,-1.137261,-0.287605,0.025842,-1.038466,-0.330001,-0.027167,-0.867566,-0.357955
THREE_FINGERS,-0.000000,0.000000,0.000000,-0.245794,-0.095544,-0.095129,-0.421358,-0.393807,-0.150554,-0.345372,-0.717053,-0.212902,-0.182264,-0.875742,-0.275403,-0.330811,-0.880232,0.023823,-0.474251,-1.226908,-0.029874,-0.566377,-1.444417,-0.069801,-0.648170,-1.655626,-0.110494,-0.177470,-0.984126,-0.020715,-0.240388,-1.431469,-0.051164,-0.280168,-1.693265,-0.107910,-0.322864,-1.933472,-0.163628,-0.019952,-0.976246,-0.091403,-0.023318,-1.407146,-0.201841,-0.058075,-1.673688,-0.313012,-0.104738,-1.920304,-0.380897,0.141339,-0.850985,-0.172480,0.087884,-1.137579,-0.260348,0.018463,-1.025708,-0.296709,-0.033974,-0.844474,-0.320942
THREE_FINGERS,-0.000000,0.000000,0.000000,-0.244622,-0.091547,-0.090692,-0.420385,-0.396739,-0.145010,-0.345633,-0.719336,-0.207802,-0.180525,-0.866844,-0.270938,-0.328889,-0.884074,0.024763,-0.475935,-1.228641,-0.029832,-0.570401,-1.443867,-0.069280,-0.652611,-1.653416,-0.108439,-0.173846,-0.984773,-0.021908,-0.239297,-1.429957,-0.051802,-0.278156,-1.689326,-0.105610,-0.316952,-1.924973,-0.158234,-0.015872,-0.973399,-0.094315,-0.031085,-1.402668,-0.201627,-0.075912,-1.666119,-0.306485,-0.127350,-1.903570,-0.369555,0.143024,-0.848885,-0.177539,0.086484,-1.138002,-0.260419,0.017266,-1.028817,-0.291788,-0.031980,-0.849538,-0.312242
THREE_FINGERS,-0.000000,0.000000,0.000000,-0.242889,-0.085847,-0.093474,-0.422672,-0.380463,-0.149420,-0.358822,-0.702471,-0.213284,-0.200103,-0.860678,-0.277321,-0.331654,-0.883339,0.027112,-0.479378,-1.222750,-0.029408,-0.573702,-1.436569,-0.071703,-0.657704,-1.645688,-0.112721,-0.179684,-0.983724,-0.018585,-0.245013,-1.427130,-0.052144,-0.283411,-1.686412,-0.109703,-0.325562,-1.925990,-0.164459,-0.022482,-0.973578,-0.090486,-0.038366,-1.407175,-0.202317,-0.083601,-1.668123,-0.308388,-0.138374,-1.898702,-0.371475,0.136977,-0.852276,-0.173371,0.085144,-1.140432,-0.259385,0.018749,-1.026476,-0.291071,-0.030859,-0.841103,-0.311159
THREE_FINGERS,-0.000000,0.000000,0.000000,-0.241931,-0.094879,-0.092790,-0.419161,-0.386369,-0.148239,-0.359097,-0.712493,-0.211592,-0.200970,-0.873468,-0.274024,-0.324907,-0.887912,0.029762,-0.474999,-1.228007,-0.023459,-0.569665,-1.442323,-0.062404,-0.654098,-1.649079,-0.101038,-0.173890,-0.984765,-0.015235,-0.238286,-1.428883,-0.047461,-0.276632,-1.689543,-0.102898,-0.317977,-1.928030,-0.154948,-0.017923,-0.971508,-0.086116,-0.035010,-1.403119,-0.196545,-0.083418,-1.662947,-0.300418,-0.139838,-1.892915,-0.360657,0.140969,-0.844671,-0.167755,0.091194,-1.147959,-0.252396,0.024399,-1.041477,-0.282937,-0.023534,-0.857130,-0.301256
THREE_FINGERS,-0.000000,0.000000,0.000000,-0.244242,-0.096951,-0.095327,-0.416590,-0.393811,-0.153099,-0.342739,-0.719969,-0.219253,-0.179668,-0.883681,-0.284748,-0.325951,-0.889337,0.031343,-0.468510,-1.231938,-0.023962,-0.559539,-1.449301,-0.066276,-0.641502,-1.659126,-0.107404,-0.172568,-0.984998,-0.013452,-0.236261,-1.426333,-0.046430,-0.276211,-1.687102,-0.105062,-0.320974,-1.926059,-0.159934,-0.015438,-0.971082,-0.084791,-0.032476,-1.401758,-0.194917,-0.081368,-1.657924,-0.300078,-0.138564,-1.882896,-0.362114,0.143833,-0.845711,-0.167490,0.092190,-1.141598,-0.251723,0.027758,-1.032290,-0.282796,-0.018902,-0.848548,-0.302141
THREE_FINGERS,-0.000000,0.000000,0.000000,-0.238401,-0.100286,-0.081719,-0.409346,-0.403194,-0.132025,-0.339859,-0.727323,-0.193535,-0.178076,-0.876178,-0.254381,-0.315749,-0.892714,0.047871,-0.455645,-1.233554,-0.000713,-0.542657,-1.450608,-0.037140,-0.618987,-1.657093,-0.074307,-0.165181,-0.986263,-0.003044,-0.224496,-1.423953,-0.030402,-0.260249,-1.685638,-0.083458,-0.298463,-1.921053,-0.134073,-0.010482,-0.970554,-0.079825,-0.027714,-1.396694,-0.187052,-0.079411,-1.655027,-0.288546,-0.136781,-1.878224,-0.347319,0.147128,-0.843301,-0.166970,0.096590,-1.140342,-0.248417,0.029846,-1.030686,-0.276493,-0.017121,-0.841250,-0.293427
THREE_FINGERS,-0.000000,0.000000,0.000000,-0.238444,-0.101646,-0.102577,-0.410971,-0.393681,-0.161718,-0.339226,-0.723620,-0.226140,-0.181604,-0.890203,-0.289611,-0.325093,-0.883119,0.019038,-0.470613,-1.250024,-0.036555,-0.565989,-1.470657,-0.073788,-0.653835,-1.685371,-0.112372,-0.174264,-0.984699,-0.024004,-0.245579,-1.436687,-0.056650,-0.296420,-1.693937,-0.109721,-0.355059,-1.931663,-0.161390,-0.016052,-0.973302,-0.094530,-0.014754,-1.418218,-0.214366,-0.045442,-1.694886,-0.327876,-0.094859,-1.952536,-0.393844,0.150697,-0.839148,-0.175042,0.099235,-1.148130,-0.270779,0.029483,-1.040851,-0.308882,-0.024938,-0.854667,-0.332128
THREE_FINGERS,-0.000000,0.000000,0.000000,-0.236350,-0.111351,-0.114667,-0.403564,-0.413019,-0.178274,-0.324158,-0.744699,-0.245549,-0.168243,-0.914811,-0.312532,-0.317214,-0.882854,0.006403,-0.459321,-1.247123,-0.051615,-0.554198,-1.466303,-0.092113,-0.642783,-1.681631,-0.133509,-0.165440,-0.986220,-0.030111,-0.240606,-1.434199,-0.066619,-0.297703,-1.692601,-0.124725,-0.362947,-1.930598,-0.180303,-0.004383,-0.975618,-0.094560,0.007633,-1.418171,-0.215456,-0.014992,-1.697590,-0.332972,-0.058060,-1.959928,-0.402471,0.168237,-0.838870,-0.170011,0.123699,-1.151663,-0.269639,0.048896,-1.058004,-0.313280,-0.011184,-0.888894,-0.340691
THREE_FINGERS,-0.000000,0.000000,0.000000,-0.235712,-0.101579,-0.111246,-0.416241,-0.414716,-0.169642,-0.341700,-0.759439,-0.232391,-0.184156,-0.930994,-0.295323,-0.320028,-0.868962,0.023204,-0.478935,-1.232161,-0.032465,-0.584384,-1.444858,-0.071091,-0.684328,-1.657657,-0.112542,-0.175118,-0.984547,-0.017959,-0.253114,-1.431967,-0.055182,-0.319031,-1.687212,-0.118057,-0.395656,-1.918299,-0.177181,-0.013898,-0.979261,-0.088196,0.018234,-1.422341,-0.220715,0.012688,-1.706259,-0.351237,-0.020698,-1.976923,-0.426969,0.159225,-0.844283,-0.167784,0.112190,-1.143209,-0.277945,0.029537,-1.034007,-0.329153,-0.037586,-0.853845,-0.360956
THREE_FINGERS,-0.000000,0.000000,0.000000,-0.228675,-0.096879,-0.117499,-0.405802,-0.396430,-0.185012,-0.330280,-0.726783,-0.256509,-0.178007,-0.899820,-0.328563,-0.319814,-0.877710,0.001911,-0.474015,-1.232762,-0.062089,-0.578028,-1.437899,-0.105323,-0.678088,-1.644315,-0.148528,-0.169787,-0.985481,-0.038249,-0.249021,-1.422223,-0.083932,-0.316504,-1.666324,-0.145373,-0.396022,-1.888055,-0.201370,-0.007652,-0.970497,-0.107214,0.025019,-1.409999,-0.242352,0.016577,-1.686729,-0.363874,-0.017165,-1.946607,-0.432542,0.162071,-0.823323,-0.186660,0.126023,-1.129181,-0.297045,0.044119,-1.027846,-0.342783,-0.021626,-0.854861,-0.369873
THREE_FINGERS,-0.000000,0.000000,0.000000,-0.233989,-0.093752,-0.122266,-0.413992,-0.400578,-0.184605,-0.333234,-0.738999,-0.249284,-0.174158,-0.901442,-0.314176,-0.323012,-0.868732,0.007082,-0.484661,-1.221031,-0.053424,-0.593277,-1.429861,-0.094297,-0.696486,-1.638605,-0.135699,-0.174664,-0.984628,-0.028084,-0.253115,-1.420805,-0.068477,-0.320159,-1.669599,-0.130487,-0.398571,-1.894142,-0.187736,-0.012961,-0.975151,-0.092980,0.026666,-1.406210,-0.225677,0.021787,-1.686059,-0.352979,-0.011304,-1.949470,-0.425601,0.158974,-0.836383,-0.168853,0.127630,-1.127517,-0.278234,0.049535,-1.027052,-0.329480,-0.016493,-0.858979,-0.360432
THREE_FINGERS,-0.000000,0.000000,0.000000,-0.241634,-0.104409,-0.120873,-0.421809,-0.409272,-0.185119,-0.338889,-0.737986,-0.252299,-0.167904,-0.891046,-0.319276,-0.322760,-0.875739,0.005287,-0.475817,-1.225582,-0.058110,-0.582079,-1.434226,-0.102581,-0.682684,-1.640907,-0.145798,-0.174083,-0.984731,-0.030180,-0.250439,-1.423408,-0.073430,-0.317951,-1.672951,-0.137568,-0.395470,-1.898995,-0.195702,-0.011252,-0.974193,-0.095008,0.023855,-1.412333,-0.224905,0.013229,-1.693837,-0.349040,-0.022786,-1.953249,-0.420281,0.161351,-0.834570,-0.171314,0.129598,-1.143306,-0.277259,0.050880,-1.055841,-0.325609,-0.014094,-0.893189,-0.355043
THREE_FINGERS,-0.000000,0.000000,0.000000,-0.240269,-0.098870,-0.117697,-0.420179,-0.413196,-0.177825,-0.344797,-0.749847,-0.241833,-0.189747,-0.921120,-0.306736,-0.332154,-0.874056,0.016563,-0.487653,-1.231635,-0.041635,-0.595054,-1.444739,-0.084740,-0.694575,-1.656053,-0.128563,-0.183633,-0.982995,-0.020059,-0.261229,-1.427125,-0.057294,-0.326376,-1.680134,-0.123104,-0.400652,-1.910408,-0.184810,-0.019996,-0.975345,-0.086317,0.008101,-1.414603,-0.212320,-0.006003,-1.700721,-0.343223,-0.043986,-1.967258,-0.421766,0.156128,-0.844772,-0.163396,0.113731,-1.137411,-0.268681,0.032596,-1.042468,-0.322080,-0.034479,-0.879481,-0.356911
THREE_FINGERS,-0.000000,0.000000,0.000000,-0.236407,-0.102973,-0.109752,-0.409360,-0.422302,-0.166286,-0.333916,-0.761776,-0.226910,-0.179464,-0.920341,-0.287853,-0.323138,-0.873869,0.014169,-0.476271,-1.231416,-0.042666,-0.581028,-1.444628,-0.082154,-0.676048,-1.652109,-0.122692,-0.175080,-0.984554,-0.023139,-0.255292,-1.427497,-0.057336,-0.320364,-1.683315,-0.117165,-0.389596,-1.914506,-0.174810,-0.014180,-0.977032,-0.088598,0.000234,-1.417664,-0.210000,-0.026208,-1.700606,-0.333741,-0.071425,-1.962989,-0.407622,0.160457,-0.845240,-0.164164,0.116467,-1.142759,-0.265309,0.035055,-1.049362,-0.314297,-0.031757,-0.884290,-0.346138
THREE_FINGERS,-0.000000,0.000000,0.000000,-0.233181,-0.106096,-0.102412,-0.407861,-0.427430,-0.155269,-0.336758,-0.773835,-0.213295,-0.181968,-0.926805,-0.271297,-0.319058,-0.876779,0.020553,-0.467984,-1.248186,-0.030903,-0.567448,-1.474940,-0.063453,-0.656664,-1.689214,-0.099509,-0.174341,-0.984685,-0.021029,-0.257185,-1.430834,-0.048406,-0.321022,-1.695813,-0.100293,-0.389502,-1.935259,-0.152860,-0.016634,-0.979646,-0.090045,-0.015607,-1.424117,-0.210382,-0.050453,-1.711542,-0.330603,-0.104633,-1.972848,-0.401308,0.157612,-0.851655,-0.168347,0.112333,-1.155910,-0.267412,0.037599,-1.053035,-0.311457,-0.025106,-0.868372,-0.339212
THREE_FINGERS,-0.000000,0.000000,0.000000,-0.242214,-0.105841,-0.096389,-0.413358,-0.401416,-0.153755,-0.348296,-0.746171,-0.219165,-0.192996,-0.914501,-0.282804,-0.317400,-0.889554,0.023314,-0.451310,-1.271638,-0.029152,-0.532656,-1.504205,-0.062770,-0.607647,-1.720216,-0.099043,-0.167337,-0.985900,-0.022775,-0.243422,-1.438393,-0.053635,-0.295309,-1.702937,-0.103580,-0.353005,-1.946330,-0.152169,-0.010649,-0.973232,-0.094982,-0.037321,-1.410129,-0.209026,-0.092435,-1.672205,-0.312610,-0.159308,-1.909787,-0.371786,0.158783,-0.838222,-0.177543,0.098910,-1.153091,-0.266897,0.035157,-1.043507,-0.297813,-0.011055,-0.848498,-0.315132
THREE_FINGERS,-0.000000,0.000000,0.000000,-0.226224,-0.110960,-0.085993,-0.394345,-0.393257,-0.140214,-0.344900,-0.738141,-0.204273,-0.194824,-0.901704,-0.265245,-0.298751,-0.898354,0.026171,-0.417531,-1.291319,-0.024522,-0.482319,-1.526517,-0.051452,-0.544270,-1.743543,-0.081395,-0.155115,-0.987897,-0.023796,-0.227753,-1.431762,-0.056429,-0.273706,-1.688068,-0.093875,-0.327103,-1.929101,-0.129618,-0.004762,-0.969575,-0.098564,-0.041159,-1.400698,-0.215257,-0.101375,-1.644729,-0.300383,-0.170252,-1.859343,-0.341603,0.156492,-0.829891,-0.183234,0.096674,-1.154361,-0.271690,0.030190,-1.051680,-0.291312,-0.014913,-0.856796,-0.296571
THREE_FINGERS,-0.000000,0.000000,0.000000,-0.233575,-0.106426,-0.098718,-0.404638,-0.382755,-0.163558,-0.355672,-0.707257,-0.238182,-0.211519,-0.884256,-0.312187,-0.322418,-0.899409,0.008285,-0.426236,-1.278709,-0.056027,-0.481379,-1.516189,-0.100502,-0.533256,-1.737368,-0.142581,-0.176731,-0.984259,-0.039509,-0.260821,-1.419590,-0.083940,-0.306252,-1.672936,-0.138731,-0.357503,-1.912999,-0.189044,-0.020679,-0.968247,-0.112839,-0.071700,-1.387738,-0.230953,-0.132937,-1.622608,-0.324298,-0.203506,-1.821911,-0.376865,0.150714,-0.841775,-0.198246,0.082795,-1.129853,-0.288366,0.024404,-1.023045,-0.313842,-0.017511,-0.838193,-0.326666
THREE_FINGERS,-0.000000,0.000000,0.000000,-0.238360,-0.114423,-0.092022,-0.406379,-0.401628,-0.156452,-0.348326,-0.728144,-0.232848,-0.200790,-0.898741,-0.308963,-0.321025,-0.903758,0.007461,-0.415373,-1.287878,-0.057535,-0.463217,-1.529756,-0.102699,-0.505188,-1.751450,-0.145557,-0.173790,-0.984783,-0.044773,-0.252750,-1.424194,-0.092312,-0.299051,-1.683507,-0.149704,-0.346709,-1.925419,-0.200862,-0.018321,-0.964853,-0.121216,-0.061386,-1.389554,-0.239105,-0.132908,-1.623114,-0.332160,-0.207013,-1.818257,-0.383867,0.150708,-0.834154,-0.209184,0.086523,-1.131206,-0.299198,0.016115,-1.033843,-0.325413,-0.031874,-0.855271,-0.338645
THREE_FINGERS,-0.000000,0.000000,0.000000,-0.227446,-0.104331,-0.102246,-0.394375,-0.380800,-0.170565,-0.357270,-0.708919,-0.247890,-0.225421,-0.905684,-0.324988,-0.318452,-0.900707,-0.000117,-0.421713,-1.283742,-0.063814,-0.475997,-1.522686,-0.107584,-0.524650,-1.743506,-0.149722,-0.174909,-0.984585,-0.046313,-0.252409,-1.427109,-0.092398,-0.295113,-1.686289,-0.148116,-0.343047,-1.929031,-0.198952,-0.020210,-0.966095,-0.117270,-0.065577,-1.393107,-0.235752,-0.129800,-1.636127,-0.329934,-0.201344,-1.842590,-0.383455,0.150583,-0.835337,-0.200144,0.085862,-1.133389,-0.292214,0.025855,-1.034463,-0.319428,-0.015300,-0.855122,-0.333660
THREE_FINGERS,-0.000000,0.000000,0.000000,-0.232345,-0.106417,-0.100838,-0.402014,-0.388482,-0.165977,-0.358648,-0.719159,-0.239804,-0.219396,-0.906346,-0.313306,-0.318748,-0.900887,0.003395,-0.424234,-1.284282,-0.059220,-0.481949,-1.522969,-0.102112,-0.535114,-1.744359,-0.143211,-0.172716,-0.984972,-0.041693,-0.248076,-1.429960,-0.086412,-0.293025,-1.690750,-0.141255,-0.344467,-1.932208,-0.191098,-0.017324,-0.967235,-0.111634,-0.057927,-1.400904,-0.229628,-0.122524,-1.643484,-0.323306,-0.195330,-1.845492,-0.375503,0.152222,-0.838612,-0.193450,0.092290,-1.140619,-0.285200,0.027716,-1.045239,-0.312628,-0.019275,-0.867645,-0.326533
THREE_FINGERS,-0.000000,0.000000,0.000000,-0.230725,-0.098833,-0.108618,-0.398614,-0.379028,-0.178279,-0.356852,-0.710998,-0.255570,-0.225448,-0.901638,-0.332980,-0.324901,-0.896718,-0.001113,-0.432212,-1.280874,-0.067339,-0.489935,-1.523585,-0.114153,-0.542527,-1.747018,-0.158498,-0.179273,-0.983799,-0.044838,-0.256561,-1.429512,-0.093141,-0.301057,-1.693548,-0.153890,-0.352072,-1.935313,-0.208373,-0.024183,-0.968284,-0.114378,-0.065811,-1.406659,-0.239924,-0.125447,-1.654915,-0.343142,-0.195377,-1.863971,-0.401472,0.144964,-0.840848,-0.195646,0.082950,-1.143664,-0.294350,0.027593,-1.040330,-0.327185,-0.011874,-0.854546,-0.345048
THREE_FINGERS,-0.000000,0.000000,0.000000,-0.229319,-0.105380,-0.105960,-0.397207,-0.375732,-0.177357,-0.358816,-0.706816,-0.257190,-0.229378,-0.903108,-0.336122,-0.318125,-0.901990,0.002377,-0.427183,-1.290927,-0.061137,-0.487453,-1.530232,-0.105131,-0.543981,-1.752192,-0.148131,-0.171894,-0.985116,-0.043662,-0.246879,-1.435971,-0.091000,-0.291890,-1.700537,-0.149263,-0.344830,-1.948561,-0.201033,-0.016241,-0.965897,-0.115215,-0.050827,-1.406749,-0.238587,-0.109576,-1.652519,-0.337526,-0.179528,-1.864630,-0.391875,0.150666,-0.830267,-0.198170,0.091178,-1.148767,-0.294713,0.028825,-1.049834,-0.324297,-0.015372,-0.865202,-0.339034
THREE_FINGERS,-0.000000,0.000000,0.000000,-0.229273,-0.099154,-0.116115,-0.397015,-0.363157,-0.194030,-0.363977,-0.689320,-0.278492,-0.241957,-0.895719,-0.362501,-0.326521,-0.901253,-0.009419,-0.436342,-1.279778,-0.077740,-0.496308,-1.518804,-0.126949,-0.550938,-1.740098,-0.173659,-0.180992,-0.983485,-0.052267,-0.259178,-1.429454,-0.104846,-0.302430,-1.694369,-0.169088,-0.352399,-1.939718,-0.225588,-0.025197,-0.964179,-0.121280,-0.066220,-1.402990,-0.249517,-0.127079,-1.648057,-0.353990,-0.197578,-1.859694,-0.413062,0.142234,-0.830798,-0.202275,0.079668,-1.140523,-0.303174,0.017725,-1.035923,-0.336675,-0.026444,-0.850830,-0.354916
THREE_FINGERS,-0.000000,0.000000,0.000000,-0.237703,-0.113983,-0.085672,-0.402013,-0.404439,-0.143915,-0.333311,-0.734188,-0.214578,-0.173156,-0.893621,-0.283889,-0.309581,-0.907711,0.020998,-0.383457,-1.298451,-0.036855,-0.419126,-1.540938,-0.076776,-0.450299,-1.760953,-0.115656,-0.161719,-0.986837,-0.029601,-0.245882,-1.421542,-0.068820,-0.295871,-1.679256,-0.119456,-0.345555,-1.922469,-0.165592,-0.008476,-0.966051,-0.103927,-0.062034,-1.385319,-0.211420,-0.131121,-1.614941,-0.295135,-0.198592,-1.807290,-0.340638,0.156702,-0.835940,-0.190323,0.088008,-1.130648,-0.270464,0.030971,-1.040503,-0.290516,0.000242,-0.869497,-0.299338
THREE_FINGERS,-0.000000,0.000000,0.000000,-0.240382,-0.119736,-0.100598,-0.409949,-0.398973,-0.170927,-0.339541,-0.720567,-0.251917,-0.180814,-0.896519,-0.331387,-0.319745,-0.914160,0.004034,-0.385410,-1.306448,-0.065507,-0.411778,-1.553024,-0.114787,-0.436559,-1.779557,-0.159688,-0.170738,-0.985317,-0.044229,-0.255873,-1.421618,-0.097659,-0.306249,-1.682566,-0.157636,-0.359412,-1.932963,-0.209059,-0.016885,-0.959039,-0.117788,-0.069377,-1.385163,-0.238272,-0.142944,-1.607550,-0.326298,-0.216583,-1.795087,-0.373121,0.149018,-0.828931,-0.204546,0.087920,-1.127823,-0.294608,0.028581,-1.034986,-0.317873,-0.008636,-0.864710,-0.327786
THREE_FINGERS,-0.000000,0.000000,0.000000,-0.239689,-0.116739,-0.084091,-0.410990,-0.403693,-0.150024,-0.352813,-0.724830,-0.229597,-0.201018,-0.896916,-0.309201,-0.308659,-0.911993,0.013807,-0.369921,-1.297315,-0.052292,-0.397295,-1.541566,-0.100343,-0.421693,-1.765843,-0.145526,-0.163019,-0.986623,-0.043000,-0.246372,-1.426069,-0.095243,-0.299054,-1.689177,-0.156048,-0.351187,-1.938272,-0.209455,-0.010188,-0.965530,-0.122833,-0.071270,-1.396282,-0.241790,-0.151813,-1.621907,-0.331867,-0.227687,-1.812106,-0.382222,0.153591,-0.840124,-0.214011,0.072807,-1.133179,-0.302466,0.006575,-1.036409,-0.325751,-0.030340,-0.863328,-0.337685
THREE_FINGERS,-0.000000,0.000000,0.000000,-0.247389,-0.122716,-0.093072,-0.415074,-0.413976,-0.161524,-0.346425,-0.735206,-0.241863,-0.187868,-0.905347,-0.321968,-0.310365,-0.917812,0.001554,-0.369071,-1.310435,-0.065092,-0.393462,-1.558405,-0.114940,-0.416153,-1.782069,-0.160628,-0.163006,-0.986625,-0.047847,-0.238502,-1.433612,-0.100082,-0.289074,-1.700028,-0.163761,-0.339124,-1.944375,-0.218407,-0.013022,-0.960309,-0.120026,-0.066777,-1.399046,-0.232455,-0.151633,-1.613805,-0.321033,-0.229031,-1.784479,-0.370631,0.147007,-0.830375,-0.204784,0.082962,-1.140053,-0.289626,0.014002,-1.062511,-0.315067,-0.026091,-0.902341,-0.328268
THREE_FINGERS,-0.000000,0.000000,0.000000,-0.245217,-0.117200,-0.096197,-0.417447,-0.400699,-0.164906,-0.351934,-0.719776,-0.244601,-0.189707,-0.878919,-0.323577,-0.313357,-0.913547,-0.001692,-0.373537,-1.302457,-0.069216,-0.399193,-1.546733,-0.117917,-0.423293,-1.767729,-0.162073,-0.167413,-0.985887,-0.049695,-0.246351,-1.424084,-0.100634,-0.298692,-1.685547,-0.159933,-0.350997,-1.930801,-0.211545,-0.016785,-0.961884,-0.121189,-0.071787,-1.392289,-0.233845,-0.154189,-1.611901,-0.318803,-0.231244,-1.786751,-0.365574,0.144370,-0.832829,-0.205882,0.080067,-1.143825,-0.290545,0.013753,-1.069493,-0.313491,-0.025595,-0.909253,-0.324431
THREE_FINGERS,-0.000000,0.000000,0.000000,-0.246461,-0.118672,-0.088457,-0.415017,-0.413454,-0.153934,-0.342000,-0.735617,-0.232572,-0.179852,-0.889824,-0.311186,-0.310504,-0.914266,0.010254,-0.368500,-1.304339,-0.055722,-0.394165,-1.549535,-0.104471,-0.417249,-1.770815,-0.149438,-0.161442,-0.986882,-0.042735,-0.237599,-1.428904,-0.092816,-0.289350,-1.693464,-0.154612,-0.340084,-1.938264,-0.208447,-0.009167,-0.963284,-0.119140,-0.061630,-1.401276,-0.233462,-0.144811,-1.620033,-0.323115,-0.220777,-1.793112,-0.373049,0.152185,-0.835166,-0.207838,0.085157,-1.140050,-0.293803,0.017511,-1.054972,-0.318537,-0.021351,-0.886261,-0.331261
THREE_FINGERS,-0.000000,0.000000,0.000000,-0.240998,-0.107130,-0.096935,-0.411488,-0.388107,-0.167803,-0.353246,-0.710046,-0.250615,-0.205073,-0.893898,-0.333225,-0.317241,-0.909069,0.009478,-0.379805,-1.291262,-0.059367,-0.410153,-1.533381,-0.110126,-0.438638,-1.756127,-0.156431,-0.170787,-0.985308,-0.041627,-0.254600,-1.421984,-0.095276,-0.310217,-1.683187,-0.158560,-0.367498,-1.929474,-0.213163,-0.018832,-0.965392,-0.117773,-0.075414,-1.402188,-0.238223,-0.156332,-1.625471,-0.329992,-0.234944,-1.810431,-0.380983,0.143909,-0.840554,-0.206576,0.070647,-1.140266,-0.296624,0.008120,-1.043392,-0.321452,-0.029005,-0.867654,-0.334013
THREE_FINGERS,-0.000000,0.000000,0.000000,-0.245354,-0.109784,-0.101919,-0.416960,-0.390859,-0.176263,-0.360777,-0.716514,-0.260946,-0.213231,-0.903943,-0.345399,-0.316460,-0.912764,-0.008966,-0.379618,-1.302104,-0.080289,-0.409662,-1.546486,-0.131418,-0.438645,-1.768467,-0.177493,-0.168948,-0.985625,-0.056772,-0.252581,-1.429441,-0.112737,-0.306661,-1.692232,-0.175464,-0.363075,-1.938933,-0.229264,-0.015418,-0.961770,-0.128287,-0.071673,-1.401128,-0.245946,-0.151843,-1.624911,-0.333404,-0.229788,-1.806106,-0.382117,0.149946,-0.831514,-0.212984,0.084252,-1.141275,-0.301224,0.022261,-1.056543,-0.324289,-0.014794,-0.890250,-0.335376
THREE_FINGERS,-0.000000,0.000000,0.000000,-0.241208,-0.102568,-0.101088,-0.412196,-0.390026,-0.170579,-0.353138,-0.720124,-0.250510,-0.203783,-0.904857,-0.329757,-0.315514,-0.905325,0.008119,-0.389629,-1.292490,-0.059069,-0.424805,-1.537802,-0.107527,-0.457637,-1.762230,-0.152004,-0.166547,-0.986034,-0.038362,-0.253786,-1.423255,-0.088997,-0.308166,-1.689114,-0.150012,-0.365296,-1.938726,-0.203165,-0.012315,-0.969409,-0.110026,-0.070967,-1.408540,-0.229414,-0.149040,-1.635827,-0.319512,-0.225947,-1.821468,-0.368895,0.153415,-0.849092,-0.194771,0.085798,-1.152228,-0.284152,0.026848,-1.056030,-0.307919,-0.008779,-0.880249,-0.319303
THREE_FINGERS,-0.000000,0.000000,0.000000,-0.241094,-0.104444,-0.107995,-0.408953,-0.391314,-0.181989,-0.346590,-0.719673,-0.265702,-0.200648,-0.908595,-0.349344,-0.316832,-0.906326,-0.003485,-0.390174,-1.297736,-0.075680,-0.425778,-1.547278,-0.128631,-0.459060,-1.773990,-0.176218,-0.169112,-0.985597,-0.047869,-0.256772,-1.427420,-0.104137,-0.312762,-1.697062,-0.170760,-0.370989,-1.948941,-0.227760,-0.016164,-0.968077,-0.117496,-0.073688,-1.406592,-0.240264,-0.151413,-1.637981,-0.335230,-0.227795,-1.828124,-0.388370,0.149782,-0.845963,-0.200655,0.084133,-1.148637,-0.293277,0.024749,-1.057011,-0.321102,-0.011963,-0.886158,-0.335666
THREE_FINGERS,-0.000000,0.000000,0.000000,-0.248913,-0.103450,-0.100635,-0.412081,-0.409920,-0.161691,-0.331064,-0.741802,-0.232427,-0.179323,-0.919591,-0.304209,-0.336232,-0.894215,0.019813,-0.434583,-1.270545,-0.040776,-0.488234,-1.516214,-0.085650,-0.535845,-1.739833,-0.128367,-0.182831,-0.983144,-0.024060,-0.262188,-1.426931,-0.063065,-0.307829,-1.698365,-0.122184,-0.357786,-1.941942,-0.176958,-0.025560,-0.971456,-0.094640,-0.068368,-1.418001,-0.210682,-0.129827,-1.664245,-0.313543,-0.196882,-1.867502,-0.373707,0.141538,-0.852119,-0.177481,0.077218,-1.145211,-0.268222,0.020827,-1.040969,-0.300708,-0.018430,-0.860252,-0.320212
THREE_FINGERS,-0.000000,0.000000,0.000000,-0.248882,-0.102864,-0.103471,-0.414350,-0.402243,-0.166156,-0.345555,-0.732257,-0.237866,-0.202683,-0.914063,-0.310033,-0.340635,-0.894009,0.017615,-0.446858,-1.269718,-0.041698,-0.508137,-1.510995,-0.086540,-0.564282,-1.734406,-0.129074,-0.186872,-0.982384,-0.023612,-0.264847,-1.429523,-0.061462,-0.310716,-1.700807,-0.120180,-0.361880,-1.947724,-0.174263,-0.029095,-0.970414,-0.091179,-0.073115,-1.413304,-0.201505,-0.133723,-1.656179,-0.299620,-0.199482,-1.859615,-0.357078,0.137162,-0.851833,-0.171649,0.074777,-1.151582,-0.257622,0.022159,-1.055158,-0.287286,-0.011593,-0.883490,-0.304743
THREE_FINGERS,-0.000000,0.000000,0.000000,-0.246052,-0.101027,-0.095370,-0.415755,-0.399702,-0.155363,-0.353076,-0.739212,-0.225528,-0.209695,-0.927974,-0.295599,-0.336226,-0.892322,0.026278,-0.442754,-1.272037,-0.030142,-0.503584,-1.512632,-0.071459,-0.560702,-1.734864,-0.112074,-0.184123,-0.982903,-0.019129,-0.262602,-1.428337,-0.055045,-0.311056,-1.697896,-0.111108,-0.365751,-1.945742,-0.162955,-0.026396,-0.974270,-0.090217,-0.069142,-1.422226,-0.201881,-0.132433,-1.662092,-0.298734,-0.201342,-1.864184,-0.353993,0.141251,-0.857448,-0.172896,0.074719,-1.166586,-0.258825,0.016948,-1.059789,-0.285770,-0.019750,-0.874149,-0.300656
THREE_FINGERS,-0.000000,0.000000,0.000000,-0.242589,-0.102979,-0.097515,-0.409007,-0.391578,-0.158428,-0.347070,-0.728908,-0.229447,-0.205666,-0.916352,-0.299408,-0.334252,-0.891844,0.030226,-0.443048,-1.267348,-0.023327,-0.504600,-1.502744,-0.061292,-0.562257,-1.718605,-0.099337,-0.184786,-0.982779,-0.014251,-0.265701,-1.421292,-0.047826,-0.315460,-1.686532,-0.100602,-0.370890,-1.930114,-0.149134,-0.028971,-0.972060,-0.085106,-0.070403,-1.411782,-0.196413,-0.128623,-1.650797,-0.291152,-0.193244,-1.853718,-0.343464,0.138638,-0.848915,-0.167606,0.076455,-1.164852,-0.253029,0.025129,-1.058750,-0.277870,-0.005606,-0.869676,-0.290059
THREE_FINGERS,-0.000000,0.000000,0.000000,-0.234084,-0.101545,-0.102905,-0.401341,-0.380906,-0.165914,-0.356973,-0.723977,-0.236906,-0.230105,-0.929601,-0.306378,-0.329599,-0.891854,0.018844,-0.443901,-1.273929,-0.035263,-0.505118,-1.509357,-0.072905,-0.560890,-1.725483,-0.111411,-0.182073,-0.983285,-0.023098,-0.264807,-1.424636,-0.059249,-0.312070,-1.688097,-0.113697,-0.364597,-1.930758,-0.163523,-0.026231,-0.971284,-0.090705,-0.063337,-1.405057,-0.203975,-0.120527,-1.650222,-0.301503,-0.187568,-1.860542,-0.355938,0.143668,-0.843983,-0.169679,0.084072,-1.160545,-0.258346,0.026934,-1.058087,-0.286413,-0.012161,-0.869475,-0.300543
THREE_FINGERS,-0.000000,0.000000,0.000000,-0.237154,-0.103545,-0.097316,-0.408612,-0.407057,-0.155205,-0.345407,-0.754743,-0.221952,-0.201858,-0.934336,-0.287937,-0.321787,-0.888016,0.027660,-0.451809,-1.256323,-0.026071,-0.530563,-1.486164,-0.063391,-0.603672,-1.699561,-0.101904,-0.173024,-0.984918,-0.017679,-0.252518,-1.426149,-0.051620,-0.306879,-1.692510,-0.106952,-0.369058,-1.934521,-0.158866,-0.017203,-0.975320,-0.089343,-0.047565,-1.413327,-0.205343,-0.103086,-1.667356,-0.309915,-0.169561,-1.886752,-0.369376,0.150727,-0.849760,-0.171649,0.089122,-1.161662,-0.263772,0.026553,-1.057540,-0.296574,-0.018653,-0.867121,-0.315009
THREE_FINGERS,-0.000000,0.000000,0.000000,-0.244313,-0.101907,-0.096374,-0.413588,-0.414002,-0.151093,-0.349466,-0.758099,-0.214647,-0.213000,-0.938831,-0.279066,-0.339360,-0.878938,0.033512,-0.484834,-1.234169,-0.018451,-0.578619,-1.460234,-0.057941,-0.663549,-1.675530,-0.098557,-0.187255,-0.982311,-0.010690,-0.269937,-1.423196,-0.040903,-0.328711,-1.688067,-0.100227,-0.392886,-1.930354,-0.157533,-0.028115,-0.978791,-0.081602,-0.059411,-1.412785,-0.193687,-0.115199,-1.674294,-0.306344,-0.180649,-1.908381,-0.374630,0.141925,-0.861563,-0.162878,0.076232,-1.157879,-0.252885,0.011731,-1.050722,-0.291224,-0.035401,-0.866549,-0.316323
THREE_FINGERS,-0.000000,0.000000,0.000000,-0.244760,-0.110433,-0.104910,-0.407057,-0.419352,-0.164324,-0.330044,-0.762089,-0.231086,-0.187300,-0.940767,-0.297936,-0.332957,-0.878044,0.023830,-0.483029,-1.237954,-0.029520,-0.578334,-1.465879,-0.069605,-0.663817,-1.679029,-0.111334,-0.182664,-0.983175,-0.017141,-0.267656,-1.430265,-0.048659,-0.330259,-1.701155,-0.111232,-0.397309,-1.944601,-0.171246,-0.023318,-0.980332,-0.085277,-0.045262,-1.419665,-0.197969,-0.102140,-1.690217,-0.316770,-0.170379,-1.933481,-0.389923,0.150287,-0.856578,-0.163983,0.089811,-1.165959,-0.256677,0.019105,-1.066965,-0.300141,-0.034985,-0.885748,-0.329208
THREE_FINGERS,-0.000000,0.000000,0.000000,-0.247904,-0.108276,-0.099922,-0.418502,-0.414560,-0.156051,-0.351716,-0.764551,-0.219080,-0.208982,-0.943878,-0.281875,-0.336518,-0.876631,0.022424,-0.492616,-1.242108,-0.029446,-0.591462,-1.468788,-0.064807,-0.681433,-1.682781,-0.102559,-0.185819,-0.982584,-0.019888,-0.273361,-1.435628,-0.049846,-0.335034,-1.703484,-0.105566,-0.402000,-1.947023,-0.159894,-0.025775,-0.979875,-0.088541,-0.048173,-1.424998,-0.202106,-0.101287,-1.699231,-0.316409,-0.167694,-1.946866,-0.384527,0.149099,-0.855701,-0.166928,0.091749,-1.177075,-0.259251,0.023097,-1.078926,-0.299137,-0.029218,-0.894296,-0.324204
THREE_FINGERS,-0.000000,0.000000,0.000000,-0.246400,-0.111893,-0.101078,-0.415707,-0.415419,-0.158407,-0.344047,-0.763242,-0.222349,-0.193940,-0.940313,-0.285445,-0.333371,-0.877614,0.021234,-0.491019,-1.240292,-0.032306,-0.592866,-1.462565,-0.068545,-0.685821,-1.672579,-0.106669,-0.182891,-0.983133,-0.020832,-0.271843,-1.433361,-0.051928,-0.335993,-1.699126,-0.108211,-0.405828,-1.944695,-0.162775,-0.023020,-0.979275,-0.089547,-0.043642,-1.422962,-0.203496,-0.095267,-1.695775,-0.317225,-0.161160,-1.943614,-0.384729,0.151307,-0.853121,-0.168230,0.095623,-1.172184,-0.260195,0.026388,-1.075807,-0.299591,-0.026711,-0.893170,-0.324247
THREE_FINGERS,-0.000000,0.000000,0.000000,-0.246795,-0.106413,-0.099093,-0.420447,-0.413449,-0.153868,-0.349321,-0.762312,-0.214802,-0.194652,-0.934000,-0.275043,-0.335054,-0.874222,0.020086,-0.495797,-1.233991,-0.033102,-0.598436,-1.458897,-0.067870,-0.691002,-1.669938,-0.104813,-0.185645,-0.982617,-0.022287,-0.275639,-1.434273,-0.053064,-0.339799,-1.702269,-0.107578,-0.409462,-1.947854,-0.161036,-0.026139,-0.980972,-0.090948,-0.046178,-1.426148,-0.205983,-0.098169,-1.700439,-0.319641,-0.165103,-1.948294,-0.386786,0.148161,-0.857889,-0.169241,0.092533,-1.172195,-0.261932,0.023327,-1.072206,-0.301383,-0.031225,-0.886871,-0.325874
THREE_FINGERS,-0.000000,0.000000,0.000000,-0.247888,-0.106757,-0.097239,-0.419141,-0.415206,-0.151350,-0.345383,-0.763694,-0.212218,-0.191810,-0.934950,-0.272464,-0.338944,-0.871879,0.023109,-0.500589,-1.227710,-0.029372,-0.605722,-1.449772,-0.064629,-0.700541,-1.658898,-0.101912,-0.188587,-0.982056,-0.019750,-0.278854,-1.432968,-0.048771,-0.343567,-1.699959,-0.103781,-0.412789,-1.943451,-0.158026,-0.028003,-0.980402,-0.088766,-0.048620,-1.424379,-0.200368,-0.100024,-1.696804,-0.313158,-0.165907,-1.943198,-0.380687,0.146959,-0.857076,-0.167542,0.091170,-1.171024,-0.257380,0.025517,-1.070220,-0.295681,-0.025262,-0.884878,-0.319957
THREE_FINGERS,-0.000000,0.000000,0.000000,-0.245473,-0.106284,-0.109689,-0.417208,-0.400216,-0.172613,-0.355699,-0.748866,-0.240424,-0.212687,-0.929546,-0.307095,-0.339554,-0.874495,0.005946,-0.506636,-1.228599,-0.051726,-0.612149,-1.450641,-0.090749,-0.707358,-1.660672,-0.130686,-0.189147,-0.981949,-0.032984,-0.281952,-1.433512,-0.069985,-0.345018,-1.701678,-0.129804,-0.413001,-1.948847,-0.186301,-0.027403,-0.975409,-0.098310,-0.054503,-1.415567,-0.216043,-0.109372,-1.687602,-0.331047,-0.177898,-1.932689,-0.398863,0.149352,-0.845027,-0.174027,0.093792,-1.166506,-0.269380,0.025424,-1.074106,-0.310431,-0.027720,-0.895429,-0.335527
THREE_FINGERS,-0.000000,0.000000,0.000000,-0.245404,-0.110820,-0.106089,-0.413952,-0.413076,-0.168273,-0.347505,-0.765178,-0.235621,-0.201163,-0.942226,-0.302331,-0.335014,-0.872087,0.002199,-0.508257,-1.227804,-0.056139,-0.617245,-1.449825,-0.092582,-0.715112,-1.661146,-0.130407,-0.183087,-0.983097,-0.039459,-0.276825,-1.441119,-0.077475,-0.340611,-1.711481,-0.133532,-0.409404,-1.959596,-0.187283,-0.020771,-0.979154,-0.106888,-0.047638,-1.423985,-0.227460,-0.102622,-1.698196,-0.339769,-0.171910,-1.949564,-0.404865,0.154557,-0.849381,-0.184134,0.096787,-1.180336,-0.280910,0.031077,-1.080917,-0.318830,-0.018560,-0.895113,-0.341237
THREE_FINGERS,-0.000000,0.000000,0.000000,-0.244226,-0.107443,-0.098395,-0.418178,-0.413156,-0.156673,-0.351975,-0.769734,-0.221070,-0.202029,-0.941802,-0.284498,-0.345786,-0.866681,0.005587,-0.527648,-1.232551,-0.051417,-0.640839,-1.459860,-0.084909,-0.741996,-1.673917,-0.121133,-0.195442,-0.980715,-0.040160,-0.290043,-1.443749,-0.076609,-0.356036,-1.718432,-0.129427,-0.425834,-1.968851,-0.181213,-0.033202,-0.981036,-0.111148,-0.058518,-1.427931,-0.234156,-0.114964,-1.706824,-0.347162,-0.185583,-1.961383,-0.411668,0.144912,-0.855516,-0.190793,0.086703,-1.184199,-0.289029,0.015206,-1.080053,-0.327027,-0.039538,-0.885427,-0.349124
FOUR_FINGERS,-0.000000,0.000000,0.000000,-0.232145,-0.122985,-0.142832,-0.378324,-0.445462,-0.195004,-0.286485,-0.770138,-0.243384,-0.164588,-0.907737,-0.294187,-0.389900,-0.852156,-0.053433,-0.563899,-1.192015,-0.127332,-0.670395,-1.424447,-0.182474,-0.755082,-1.623167,-0.222992,-0.223416,-0.974723,-0.054557,-0.325819,-1.435033,-0.099877,-0.377002,-1.714932,-0.173851,-0.420492,-1.957155,-0.237919,-0.059692,-0.989517,-0.083193,-0.105494,-1.426676,-0.159046,-0.133621,-1.728344,-0.270029,-0.164457,-1.985375,-0.347073,0.118505,-0.918852,-0.130142,0.126452,-1.260458,-0.207887,0.133155,-1.493164,-0.286981,0.127962,-1.708610,-0.346543
FOUR_FINGERS,-0.000000,0.000000,0.000000,-0.237135,-0.123899,-0.140708,-0.381917,-0.449397,-0.189212,-0.274359,-0.776350,-0.234294,-0.136335,-0.906090,-0.281432,-0.392841,-0.853087,-0.041840,-0.562158,-1.192768,-0.111521,-0.667533,-1.425375,-0.164148,-0.751665,-1.622286,-0.203208,-0.223216,-0.974769,-0.042291,-0.328553,-1.433851,-0.081962,-0.384288,-1.714349,-0.153131,-0.432580,-1.958466,-0.215518,-0.058833,-0.988917,-0.070891,-0.105748,-1.427607,-0.142146,-0.135483,-1.728207,-0.250682,-0.168361,-1.986673,-0.326133,0.118692,-0.916237,-0.118191,0.125594,-1.260607,-0.192261,0.133337,-1.490263,-0.269024,0.128882,-1.702745,-0.326895
FOUR_FINGERS,-0.000000,0.000000,0.000000,-0.238541,-0.125563,-0.140231,-0.385536,-0.450703,-0.190227,-0.284458,-0.783353,-0.238257,-0.153643,-0.920644,-0.288033,-0.396776,-0.852857,-0.033045,-0.568760,-1.195053,-0.101470,-0.675524,-1.426436,-0.154298,-0.760631,-1.623793,-0.193969,-0.228904,-0.973449,-0.036406,-0.334807,-1.431969,-0.074549,-0.388710,-1.712025,-0.146886,-0.434411,-1.957578,-0.210067,-0.064795,-0.987009,-0.068729,-0.111526,-1.423941,-0.138264,-0.137521,-1.722317,-0.246252,-0.167121,-1.978419,-0.321587,0.113634,-0.915954,-0.120126,0.119262,-1.264840,-0.193236,0.126006,-1.495638,-0.268995,0.119595,-1.709121,-0.326169
FOUR_FINGERS,-0.000000,0.000000,0.000000,-0.242387,-0.119924,-0.138765,-0.394712,-0.439264,-0.189078,-0.292738,-0.767486,-0.237749,-0.153254,-0.900609,-0.288808,-0.396590,-0.851133,-0.037896,-0.568961,-1.194684,-0.108144,-0.677032,-1.427299,-0.161835,-0.765077,-1.627437,-0.202042,-0.227048,-0.973884,-0.042517,-0.332129,-1.435953,-0.081569,-0.387056,-1.716884,-0.152913,-0.434508,-1.964413,-0.215749,-0.062687,-0.988611,-0.075685,-0.109772,-1.427828,-0.145674,-0.138755,-1.726875,-0.252782,-0.171048,-1.984468,-0.327845,0.115358,-0.918211,-0.127970,0.123309,-1.267844,-0.201162,0.130058,-1.500977,-0.276748,0.123938,-1.717178,-0.334050
FOUR_FINGERS,-0.000000,0.000000,0.000000,-0.245451,-0.123844,-0.136141,-0.399005,-0.450584,-0.179659,-0.282379,-0.776279,-0.219985,-0.119427,-0.885378,-0.262308,-0.395904,-0.849081,-0.037355,-0.570102,-1.189312,-0.105956,-0.681176,-1.419546,-0.157374,-0.770640,-1.613947,-0.195265,-0.224471,-0.974481,-0.038776,-0.326947,-1.432831,-0.075641,-0.386141,-1.710337,-0.144663,-0.436288,-1.954730,-0.205593,-0.060327,-0.989286,-0.068344,-0.103083,-1.427839,-0.138367,-0.133264,-1.727921,-0.247974,-0.165788,-1.987569,-0.323663,0.116270,-0.916360,-0.116376,0.124237,-1.259402,-0.189455,0.130213,-1.493001,-0.267124,0.123817,-1.708466,-0.325556
FOUR_FINGERS,-0.000000,0.000000,0.000000,-0.240946,-0.133536,-0.122503,-0.389425,-0.471225,-0.158793,-0.259981,-0.795127,-0.193700,-0.083434,-0.879625,-0.231475,-0.376284,-0.855696,-0.034090,-0.549575,-1.201168,-0.102173,-0.661389,-1.432648,-0.151868,-0.750782,-1.627533,-0.188410,-0.204037,-0.978963,-0.042043,-0.305917,-1.437554,-0.076684,-0.366867,-1.713294,-0.142312,-0.417516,-1.958112,-0.201619,-0.041478,-0.990223,-0.076707,-0.083143,-1.430420,-0.144186,-0.117847,-1.734591,-0.252259,-0.154447,-1.996404,-0.327661,0.134152,-0.913040,-0.128787,0.146067,-1.263302,-0.200027,0.153209,-1.503993,-0.276929,0.146527,-1.723861,-0.335553
FOUR_FINGERS,-0.000000,0.000000,0.000000,-0.242961,-0.132357,-0.127713,-0.386295,-0.474340,-0.165514,-0.261332,-0.799200,-0.201208,-0.097131,-0.907025,-0.239055,-0.373933,-0.861821,-0.026943,-0.542002,-1.205190,-0.092080,-0.649466,-1.439374,-0.140679,-0.734666,-1.634348,-0.176404,-0.201482,-0.979492,-0.031151,-0.298542,-1.441055,-0.064483,-0.353428,-1.723893,-0.131348,-0.400392,-1.969005,-0.191025,-0.035681,-0.988689,-0.062842,-0.074853,-1.430095,-0.127746,-0.102656,-1.735278,-0.233525,-0.134931,-1.995712,-0.307779,0.141610,-0.912713,-0.112653,0.150368,-1.262169,-0.181562,0.157524,-1.498666,-0.256305,0.152024,-1.715443,-0.313336
FOUR_FINGERS,-0.000000,0.000000,0.000000,-0.245378,-0.128363,-0.129510,-0.393779,-0.458010,-0.175394,-0.272089,-0.777344,-0.218525,-0.106100,-0.891557,-0.264189,-0.374376,-0.860157,-0.049813,-0.537700,-1.195759,-0.122019,-0.641383,-1.426162,-0.175856,-0.725164,-1.621529,-0.214851,-0.199742,-0.979849,-0.054852,-0.297558,-1.428111,-0.096404,-0.349666,-1.703214,-0.166637,-0.393331,-1.942061,-0.228416,-0.034224,-0.989745,-0.085218,-0.081466,-1.418972,-0.152784,-0.113763,-1.712639,-0.256242,-0.148020,-1.959370,-0.329612,0.143366,-0.915263,-0.133559,0.152109,-1.256900,-0.201945,0.158038,-1.492727,-0.275058,0.151565,-1.707101,-0.331659
FOUR_FINGERS,-0.000000,0.000000,0.000000,-0.241614,-0.112921,-0.165177,-0.396684,-0.431332,-0.236850,-0.292248,-0.755182,-0.300472,-0.141765,-0.900693,-0.366678,-0.364033,-0.864630,-0.100514,-0.520504,-1.191594,-0.189370,-0.622145,-1.416225,-0.253311,-0.704457,-1.610007,-0.299181,-0.187449,-0.982274,-0.096781,-0.281288,-1.417724,-0.155809,-0.328783,-1.683308,-0.234927,-0.369828,-1.923369,-0.302620,-0.019812,-0.985494,-0.120321,-0.068712,-1.400615,-0.203161,-0.098903,-1.687739,-0.312160,-0.129894,-1.929439,-0.388806,0.160228,-0.902239,-0.164176,0.170109,-1.239247,-0.245170,0.174343,-1.471685,-0.323507,0.166686,-1.684105,-0.383192
FOUR_FINGERS,-0.000000,0.000000,0.000000,-0.228788,-0.112306,-0.154459,-0.396914,-0.413459,-0.218401,-0.358204,-0.734062,-0.275591,-0.244582,-0.890813,-0.334693,-0.343542,-0.875177,-0.076163,-0.495481,-1.193139,-0.157844,-0.591399,-1.411006,-0.218560,-0.668931,-1.600564,-0.262140,-0.174243,-0.984703,-0.076301,-0.258738,-1.406872,-0.130533,-0.298648,-1.667321,-0.205858,-0.335713,-1.905702,-0.269881,-0.008829,-0.983252,-0.103718,-0.052568,-1.382755,-0.182660,-0.083258,-1.667105,-0.284547,-0.120011,-1.906260,-0.355740,0.168529,-0.899076,-0.150958,0.183381,-1.224211,-0.227702,0.189414,-1.450216,-0.300228,0.180515,-1.659473,-0.355077
FOUR_FINGERS,-0.000000,0.000000,0.000000,-0.232393,-0.119926,-0.143694,-0.398012,-0.428204,-0.197783,-0.352335,-0.746967,-0.246251,-0.230022,-0.887250,-0.295780,-0.336098,-0.877755,-0.057228,-0.484004,-1.195739,-0.131348,-0.579511,-1.408702,-0.185613,-0.657036,-1.594085,-0.223983,-0.169798,-0.985479,-0.058203,-0.252196,-1.407389,-0.103725,-0.293111,-1.664388,-0.173007,-0.330631,-1.899260,-0.232430,-0.007079,-0.983706,-0.086086,-0.046049,-1.386153,-0.156874,-0.071419,-1.667206,-0.253256,-0.103457,-1.904834,-0.320461,0.167366,-0.901342,-0.133308,0.184215,-1.227218,-0.202900,0.191658,-1.454727,-0.271087,0.184647,-1.666199,-0.322532
FOUR_FINGERS,-0.000000,0.000000,0.000000,-0.236955,-0.128654,-0.142941,-0.402608,-0.431249,-0.193469,-0.361962,-0.751598,-0.238735,-0.236292,-0.905013,-0.282976,-0.331635,-0.881341,-0.028292,-0.476117,-1.193089,-0.091377,-0.567459,-1.401523,-0.140153,-0.642426,-1.584426,-0.175027,-0.168100,-0.985770,-0.026612,-0.243234,-1.399688,-0.060637,-0.278279,-1.654242,-0.125538,-0.314014,-1.889340,-0.181478,-0.008127,-0.983228,-0.053545,-0.041858,-1.379297,-0.114094,-0.064365,-1.652190,-0.203213,-0.096768,-1.881623,-0.265565,0.162398,-0.901940,-0.100915,0.183187,-1.224395,-0.162206,0.190023,-1.444654,-0.224280,0.179547,-1.648521,-0.270870
FOUR_FINGERS,-0.000000,0.000000,0.000000,-0.234475,-0.137919,-0.138047,-0.394967,-0.443970,-0.186015,-0.351944,-0.755446,-0.230237,-0.227356,-0.898700,-0.273630,-0.318202,-0.884082,-0.020427,-0.458932,-1.195100,-0.081372,-0.551569,-1.401559,-0.130839,-0.629339,-1.584807,-0.166446,-0.159090,-0.987264,-0.019630,-0.232164,-1.395560,-0.050322,-0.269861,-1.646589,-0.115809,-0.306795,-1.878962,-0.172874,-0.003413,-0.985136,-0.047253,-0.038307,-1.375306,-0.102025,-0.062348,-1.640258,-0.189542,-0.095052,-1.865887,-0.252436,0.162424,-0.904560,-0.095446,0.180398,-1.223669,-0.152342,0.186074,-1.443262,-0.213266,0.174953,-1.648140,-0.260183
FOUR_FINGERS,-0.000000,0.000000,0.000000,-0.233692,-0.129010,-0.139127,-0.404998,-0.424418,-0.195616,-0.374497,-0.728441,-0.247203,-0.254259,-0.875144,-0.299247,-0.327484,-0.881356,-0.054487,-0.473751,-1.189504,-0.128112,-0.568212,-1.394168,-0.183463,-0.643981,-1.576107,-0.222478,-0.167731,-0.985833,-0.057497,-0.242503,-1.397515,-0.104238,-0.279906,-1.645247,-0.174655,-0.315278,-1.873656,-0.234823,-0.010913,-0.983142,-0.086757,-0.044132,-1.376683,-0.155961,-0.067980,-1.643651,-0.249896,-0.098660,-1.870362,-0.316099,0.157601,-0.902662,-0.135079,0.177757,-1.216526,-0.202269,0.183910,-1.438414,-0.268936,0.174050,-1.645640,-0.319780
FOUR_FINGERS,-0.000000,0.000000,0.000000,-0.228765,-0.124445,-0.158636,-0.393179,-0.417743,-0.221622,-0.362733,-0.725239,-0.277187,-0.254603,-0.882188,-0.332515,-0.317175,-0.882590,-0.058340,-0.462982,-1.191330,-0.131599,-0.557702,-1.395132,-0.187829,-0.635539,-1.577721,-0.227319,-0.155040,-0.987908,-0.051736,-0.232057,-1.397590,-0.096495,-0.269008,-1.643897,-0.167740,-0.304594,-1.872641,-0.227822,0.002619,-0.985440,-0.073928,-0.034519,-1.378377,-0.141276,-0.060535,-1.641097,-0.234524,-0.094205,-1.863727,-0.300040,0.172132,-0.903850,-0.117301,0.188285,-1.219742,-0.183713,0.192168,-1.440428,-0.249881,0.178605,-1.647647,-0.299985
FOUR_FINGERS,-0.000000,0.000000,0.000000,-0.234530,-0.118238,-0.155785,-0.399982,-0.413602,-0.216192,-0.366226,-0.728158,-0.269499,-0.253941,-0.894168,-0.322535,-0.322826,-0.882159,-0.051703,-0.467441,-1.192292,-0.123800,-0.559785,-1.398084,-0.179300,-0.635986,-1.580696,-0.218268,-0.160010,-0.987115,-0.046002,-0.234868,-1.396779,-0.090610,-0.269164,-1.644489,-0.162678,-0.304468,-1.873449,-0.223014,-0.002231,-0.984209,-0.069028,-0.036420,-1.375689,-0.136931,-0.059745,-1.639139,-0.231074,-0.092471,-1.861037,-0.296709,0.165340,-0.903272,-0.112957,0.184385,-1.219047,-0.179951,0.188500,-1.436559,-0.246807,0.174479,-1.638718,-0.296893
FOUR_FINGERS,-0.000000,0.000000,0.000000,-0.229872,-0.120754,-0.167296,-0.392481,-0.416808,-0.232896,-0.359631,-0.728636,-0.289709,-0.254330,-0.896790,-0.346154,-0.326318,-0.881825,-0.060266,-0.471776,-1.189343,-0.133648,-0.562718,-1.394103,-0.190941,-0.635941,-1.576260,-0.231364,-0.162060,-0.986781,-0.049306,-0.237770,-1.395213,-0.094484,-0.273036,-1.641623,-0.168707,-0.307749,-1.867607,-0.230851,-0.002664,-0.984332,-0.068069,-0.035884,-1.373999,-0.136702,-0.059974,-1.635464,-0.233963,-0.091808,-1.857826,-0.302120,0.167279,-0.903086,-0.108459,0.187076,-1.214062,-0.176300,0.191159,-1.428849,-0.245080,0.177794,-1.631451,-0.296860
FOUR_FINGERS,-0.000000,0.000000,0.000000,-0.244182,-0.132754,-0.158124,-0.409442,-0.436965,-0.218882,-0.357235,-0.754382,-0.272444,-0.231462,-0.913704,-0.325566,-0.328335,-0.879519,-0.052402,-0.474325,-1.191297,-0.125711,-0.567020,-1.397741,-0.182720,-0.643279,-1.581433,-0.222592,-0.158194,-0.987408,-0.045545,-0.236097,-1.402934,-0.089572,-0.273781,-1.653966,-0.163916,-0.310859,-1.880922,-0.226559,0.004901,-0.989099,-0.067747,-0.031606,-1.386512,-0.133906,-0.057468,-1.649602,-0.229820,-0.091983,-1.867040,-0.297824,0.179200,-0.914453,-0.111264,0.200422,-1.231241,-0.176437,0.204340,-1.450596,-0.244180,0.189160,-1.652582,-0.295919
FOUR_FINGERS,-0.000000,0.000000,0.000000,-0.238391,-0.117691,-0.163798,-0.408362,-0.395758,-0.237184,-0.389863,-0.702364,-0.303613,-0.295917,-0.886074,-0.370886,-0.330416,-0.877913,-0.082680,-0.474681,-1.194578,-0.168390,-0.567208,-1.400501,-0.231478,-0.643187,-1.583780,-0.275645,-0.165930,-0.986138,-0.081224,-0.253477,-1.400539,-0.141468,-0.299148,-1.647772,-0.220523,-0.343477,-1.878228,-0.285935,-0.002971,-0.988249,-0.107763,-0.045996,-1.385754,-0.185052,-0.079361,-1.643684,-0.280512,-0.121693,-1.860544,-0.348732,0.178003,-0.913966,-0.155431,0.198002,-1.234455,-0.229218,0.202795,-1.455267,-0.298371,0.185916,-1.662002,-0.351290
FOUR_FINGERS,-0.000000,0.000000,0.000000,-0.253183,-0.112941,-0.147086,-0.434795,-0.387795,-0.207228,-0.423993,-0.692795,-0.261744,-0.324463,-0.860168,-0.317200,-0.348265,-0.869603,-0.066496,-0.497225,-1.193414,-0.144091,-0.592710,-1.401576,-0.200096,-0.671925,-1.585306,-0.239100,-0.184151,-0.982898,-0.067912,-0.273807,-1.404741,-0.120131,-0.321817,-1.654616,-0.191112,-0.367909,-1.882599,-0.250489,-0.019174,-0.989928,-0.095602,-0.065522,-1.391107,-0.166171,-0.099398,-1.650843,-0.255343,-0.143843,-1.867694,-0.318710,0.165051,-0.921084,-0.143161,0.179071,-1.239070,-0.211454,0.180090,-1.461582,-0.276420,0.159540,-1.668028,-0.325619
FOUR_FINGERS,-0.000000,0.000000,0.000000,-0.252848,-0.119160,-0.143236,-0.441932,-0.380861,-0.205507,-0.443658,-0.678127,-0.262385,-0.340445,-0.841263,-0.320447,-0.351907,-0.871602,-0.071687,-0.506383,-1.196352,-0.151049,-0.602215,-1.406414,-0.208620,-0.678976,-1.592673,-0.248690,-0.186115,-0.982528,-0.075814,-0.278925,-1.406792,-0.129385,-0.325187,-1.658360,-0.198778,-0.368038,-1.886952,-0.257262,-0.020098,-0.990612,-0.105340,-0.068427,-1.394446,-0.177484,-0.103723,-1.663329,-0.265596,-0.148731,-1.885809,-0.328437,0.164053,-0.925247,-0.154439,0.178716,-1.245311,-0.222741,0.178012,-1.468890,-0.285921,0.155965,-1.674281,-0.334153
FOUR_FINGERS,-0.000000,0.000000,0.000000,-0.246357,-0.127210,-0.122172,-0.428180,-0.393593,-0.165565,-0.428583,-0.691648,-0.206332,-0.321941,-0.843104,-0.247109,-0.327512,-0.877354,-0.025688,-0.476349,-1.198561,-0.085408,-0.571332,-1.406536,-0.131306,-0.649304,-1.589086,-0.164410,-0.165951,-0.986134,-0.031665,-0.257707,-1.402717,-0.066271,-0.306613,-1.654960,-0.126631,-0.351954,-1.882126,-0.178730,-0.001562,-0.992205,-0.062192,-0.051065,-1.389479,-0.118293,-0.089114,-1.652564,-0.197513,-0.136314,-1.869931,-0.254266,0.182212,-0.923573,-0.111238,0.196082,-1.238777,-0.167803,0.193045,-1.458881,-0.223855,0.170654,-1.660881,-0.266407
FOUR_FINGERS,-0.000000,0.000000,0.000000,-0.251025,-0.114327,-0.123277,-0.440427,-0.363017,-0.172250,-0.461484,-0.646535,-0.217560,-0.369811,-0.804064,-0.263624,-0.340035,-0.874935,-0.046617,-0.493160,-1.201179,-0.113392,-0.590241,-1.409006,-0.161550,-0.668242,-1.592538,-0.195211,-0.178269,-0.983982,-0.053981,-0.271125,-1.407170,-0.097467,-0.321110,-1.657378,-0.156779,-0.367342,-1.883130,-0.207186,-0.011940,-0.988662,-0.084715,-0.060626,-1.388731,-0.146714,-0.096759,-1.653425,-0.223074,-0.144182,-1.873478,-0.277208,0.173055,-0.916593,-0.133456,0.183079,-1.228627,-0.193870,0.179056,-1.451472,-0.249078,0.154915,-1.656898,-0.290413
FOUR_FINGERS,-0.000000,0.000000,0.000000,-0.249579,-0.119423,-0.125272,-0.440004,-0.363308,-0.177469,-0.465475,-0.641954,-0.226054,-0.374770,-0.798138,-0.274864,-0.336279,-0.879063,-0.049356,-0.487747,-1.202031,-0.115855,-0.583966,-1.405921,-0.164388,-0.660692,-1.585766,-0.198477,-0.174668,-0.984627,-0.056301,-0.264630,-1.403824,-0.099074,-0.311917,-1.652469,-0.158764,-0.354341,-1.876908,-0.209707,-0.010049,-0.986283,-0.086611,-0.058271,-1.382509,-0.146912,-0.091938,-1.642578,-0.222281,-0.136193,-1.859101,-0.276337,0.173893,-0.912625,-0.135261,0.187123,-1.223855,-0.193462,0.187560,-1.445237,-0.247396,0.167461,-1.650635,-0.288317
FOUR_FINGERS,-0.000000,0.000000,0.000000,-0.247973,-0.114334,-0.135089,-0.439749,-0.356467,-0.196547,-0.465543,-0.638362,-0.252755,-0.381215,-0.800022,-0.310078,-0.343595,-0.874234,-0.075481,-0.499717,-1.199613,-0.151913,-0.596934,-1.406872,-0.205998,-0.674602,-1.592006,-0.243797,-0.179971,-0.983672,-0.081911,-0.272034,-1.407929,-0.135543,-0.319013,-1.659167,-0.200360,-0.361775,-1.887864,-0.255109,-0.013593,-0.986749,-0.111430,-0.061761,-1.387982,-0.181613,-0.095882,-1.653524,-0.262559,-0.140158,-1.875157,-0.320143,0.172511,-0.914151,-0.159364,0.186464,-1.230739,-0.225946,0.186688,-1.455841,-0.284981,0.166144,-1.665440,-0.329599
FOUR_FINGERS,-0.000000,0.000000,0.000000,-0.242181,-0.114364,-0.134118,-0.428646,-0.356301,-0.194452,-0.449968,-0.641468,-0.250113,-0.367720,-0.806874,-0.306620,-0.334722,-0.874838,-0.069758,-0.492824,-1.199971,-0.143636,-0.591487,-1.407376,-0.196525,-0.670232,-1.590233,-0.234002,-0.171403,-0.985201,-0.076270,-0.267897,-1.407927,-0.128081,-0.316875,-1.660289,-0.193133,-0.360532,-1.888082,-0.247780,-0.004131,-0.989123,-0.105750,-0.057365,-1.388584,-0.174372,-0.094336,-1.652482,-0.254778,-0.140816,-1.871526,-0.311918,0.184025,-0.915894,-0.153555,0.195399,-1.234117,-0.219337,0.193760,-1.458170,-0.277537,0.171735,-1.665255,-0.321349
FOUR_FINGERS,-0.000000,0.000000,0.000000,-0.247062,-0.106469,-0.138687,-0.437104,-0.354070,-0.197473,-0.459846,-0.642414,-0.250101,-0.378986,-0.807554,-0.303090,-0.340714,-0.871685,-0.067605,-0.496954,-1.200736,-0.137998,-0.596107,-1.410326,-0.188181,-0.675522,-1.595607,-0.223776,-0.179502,-0.983758,-0.069005,-0.275346,-1.407452,-0.115586,-0.324251,-1.661193,-0.178192,-0.366689,-1.892715,-0.231728,-0.014726,-0.988379,-0.094103,-0.069687,-1.387632,-0.159427,-0.107207,-1.651885,-0.239826,-0.152704,-1.873993,-0.297181,0.171163,-0.916143,-0.137834,0.183087,-1.231568,-0.201595,0.183163,-1.454910,-0.260255,0.163613,-1.664234,-0.304471
FOUR_FINGERS,-0.000000,0.000000,0.000000,-0.245728,-0.117341,-0.133810,-0.433950,-0.366822,-0.192606,-0.449261,-0.653962,-0.245867,-0.353745,-0.812379,-0.299924,-0.333438,-0.877373,-0.074128,-0.489431,-1.200391,-0.150091,-0.586471,-1.407726,-0.203147,-0.664436,-1.591486,-0.240168,-0.169391,-0.985549,-0.079950,-0.262824,-1.406949,-0.133056,-0.311686,-1.658681,-0.197029,-0.356005,-1.889292,-0.250814,-0.002988,-0.987097,-0.108637,-0.053499,-1.384885,-0.178468,-0.091013,-1.648082,-0.257840,-0.137809,-1.868876,-0.313862,0.182604,-0.912614,-0.155706,0.195613,-1.228353,-0.221960,0.193451,-1.452926,-0.279985,0.171203,-1.662730,-0.323432
FOUR_FINGERS,-0.000000,0.000000,0.000000,-0.250694,-0.108910,-0.134535,-0.444307,-0.356877,-0.191951,-0.465597,-0.646504,-0.243543,-0.374313,-0.810227,-0.296233,-0.344373,-0.871043,-0.070899,-0.501243,-1.197380,-0.144272,-0.598934,-1.407527,-0.196207,-0.677278,-1.593037,-0.232588,-0.181684,-0.983357,-0.075350,-0.275774,-1.407447,-0.125437,-0.323977,-1.662017,-0.189049,-0.367756,-1.892492,-0.243229,-0.015244,-0.988474,-0.102861,-0.067936,-1.389334,-0.171221,-0.104494,-1.657089,-0.252297,-0.150757,-1.877459,-0.309981,0.171621,-0.917000,-0.148720,0.184476,-1.232484,-0.214866,0.183644,-1.456772,-0.274214,0.162980,-1.661924,-0.318736
FOUR_FINGERS,-0.000000,0.000000,0.000000,-0.249240,-0.119059,-0.143286,-0.440598,-0.367219,-0.207118,-0.453159,-0.654662,-0.264282,-0.354557,-0.811368,-0.322083,-0.340984,-0.876091,-0.081480,-0.498134,-1.203114,-0.160604,-0.596342,-1.412595,-0.216226,-0.675764,-1.598223,-0.255244,-0.175202,-0.984532,-0.084959,-0.268794,-1.411658,-0.140692,-0.316730,-1.666476,-0.207979,-0.360575,-1.900416,-0.264422,-0.007201,-0.986290,-0.112388,-0.057909,-1.388547,-0.186186,-0.094002,-1.656081,-0.270629,-0.140378,-1.880271,-0.330004,0.180617,-0.911729,-0.158875,0.193785,-1.228959,-0.228734,0.191513,-1.454667,-0.290133,0.168540,-1.664462,-0.336145
FOUR_FINGERS,-0.000000,0.000000,0.000000,-0.255324,-0.108244,-0.138429,-0.449827,-0.355948,-0.199856,-0.462939,-0.645752,-0.255146,-0.365200,-0.804223,-0.311421,-0.359031,-0.867755,-0.080107,-0.518412,-1.200653,-0.157831,-0.617729,-1.412897,-0.211567,-0.698497,-1.601040,-0.249499,-0.194238,-0.980954,-0.085409,-0.294328,-1.411066,-0.138954,-0.346048,-1.669006,-0.204142,-0.392280,-1.905861,-0.259841,-0.024900,-0.986574,-0.114079,-0.079578,-1.394673,-0.186268,-0.117596,-1.667407,-0.270022,-0.165263,-1.895706,-0.329574,0.165840,-0.914225,-0.161198,0.178100,-1.237585,-0.230461,0.175815,-1.462762,-0.291318,0.153292,-1.670654,-0.337044
FOUR_FINGERS,-0.000000,0.000000,0.000000,-0.246575,-0.123109,-0.142342,-0.431865,-0.374374,-0.208331,-0.435900,-0.661285,-0.268970,-0.334573,-0.818803,-0.331499,-0.341226,-0.875426,-0.081219,-0.502282,-1.199559,-0.164656,-0.603525,-1.409804,-0.226029,-0.685989,-1.596430,-0.269563,-0.176499,-0.984301,-0.088402,-0.272731,-1.412790,-0.148417,-0.321732,-1.669204,-0.223085,-0.367236,-1.904115,-0.285366,-0.010250,-0.987653,-0.119700,-0.064960,-1.394012,-0.196884,-0.108272,-1.662671,-0.288245,-0.160352,-1.886850,-0.353349,0.175103,-0.915646,-0.170001,0.181306,-1.239781,-0.243243,0.172183,-1.463529,-0.308866,0.143311,-1.669184,-0.358948
FOUR_FINGERS,-0.000000,0.000000,0.000000,-0.252776,-0.110246,-0.148293,-0.439043,-0.366730,-0.216042,-0.445652,-0.657286,-0.278909,-0.360723,-0.829000,-0.344258,-0.349854,-0.870116,-0.077845,-0.501569,-1.199269,-0.161842,-0.597956,-1.410596,-0.223872,-0.678748,-1.598188,-0.267707,-0.189541,-0.981873,-0.083470,-0.286322,-1.408596,-0.144375,-0.336834,-1.662377,-0.222259,-0.385581,-1.897931,-0.286466,-0.027280,-0.988454,-0.114614,-0.083095,-1.394631,-0.192848,-0.124324,-1.660187,-0.287875,-0.175528,-1.882952,-0.355458,0.155243,-0.917811,-0.165200,0.155229,-1.242388,-0.240561,0.144246,-1.465145,-0.309743,0.113259,-1.669008,-0.362294
FOUR_FINGERS,-0.000000,0.000000,0.000000,-0.242638,-0.131297,-0.136620,-0.417716,-0.386977,-0.201795,-0.410778,-0.663906,-0.264716,-0.313947,-0.816254,-0.330375,-0.324238,-0.885481,-0.069743,-0.462132,-1.211908,-0.152772,-0.550830,-1.425068,-0.216679,-0.624815,-1.614133,-0.262414,-0.164322,-0.986407,-0.080907,-0.254871,-1.401870,-0.140172,-0.302396,-1.650551,-0.216480,-0.347626,-1.881348,-0.279635,-0.004278,-0.986879,-0.116557,-0.058235,-1.386020,-0.191678,-0.098983,-1.643310,-0.282383,-0.147297,-1.859545,-0.347645,0.175654,-0.911547,-0.171395,0.170052,-1.226776,-0.242944,0.154612,-1.444152,-0.308209,0.122717,-1.643368,-0.358729
FOUR_FINGERS,-0.000000,0.000000,0.000000,-0.240515,-0.122524,-0.130381,-0.422317,-0.390517,-0.190242,-0.420339,-0.676395,-0.247440,-0.319109,-0.828469,-0.306709,-0.323592,-0.885479,-0.067865,-0.457662,-1.212895,-0.148282,-0.542086,-1.424874,-0.206647,-0.611198,-1.609740,-0.247676,-0.167803,-0.985821,-0.080141,-0.254935,-1.400231,-0.138550,-0.300025,-1.645775,-0.209053,-0.343383,-1.873859,-0.267252,-0.011709,-0.982582,-0.116055,-0.067221,-1.373079,-0.190614,-0.107468,-1.627595,-0.275002,-0.154079,-1.838421,-0.334489,0.163274,-0.904467,-0.170835,0.153873,-1.210799,-0.242030,0.136752,-1.425362,-0.304759,0.104593,-1.620675,-0.352040
FOUR_FINGERS,-0.000000,0.000000,0.000000,-0.238486,-0.118232,-0.144409,-0.418853,-0.388759,-0.210857,-0.411904,-0.681988,-0.272580,-0.314645,-0.846404,-0.336077,-0.326632,-0.884821,-0.075737,-0.460515,-1.209441,-0.160699,-0.544785,-1.422657,-0.223556,-0.614366,-1.609829,-0.267602,-0.170860,-0.985295,-0.082863,-0.262450,-1.397462,-0.145328,-0.311033,-1.646085,-0.221754,-0.359504,-1.879230,-0.283992,-0.014574,-0.983158,-0.115198,-0.072988,-1.375211,-0.194040,-0.115590,-1.633527,-0.283616,-0.165369,-1.845152,-0.346206,0.159281,-0.907415,-0.167536,0.145903,-1.220174,-0.242314,0.125485,-1.435276,-0.308022,0.089354,-1.628204,-0.357319
FOUR_FINGERS,-0.000000,0.000000,0.000000,-0.232302,-0.122523,-0.141755,-0.410164,-0.391286,-0.207514,-0.410410,-0.683230,-0.269236,-0.321084,-0.854354,-0.332994,-0.321959,-0.887751,-0.075503,-0.454773,-1.216215,-0.160969,-0.535912,-1.430270,-0.224046,-0.601374,-1.617899,-0.268599,-0.167904,-0.985803,-0.084567,-0.262521,-1.399868,-0.150237,-0.311059,-1.648271,-0.227814,-0.358205,-1.880726,-0.290149,-0.011865,-0.981854,-0.118309,-0.073647,-1.373367,-0.200043,-0.116102,-1.625809,-0.288927,-0.165257,-1.834829,-0.350426,0.163614,-0.903724,-0.171595,0.147890,-1.212772,-0.249096,0.126822,-1.425195,-0.315051,0.090375,-1.618722,-0.363859
FOUR_FINGERS,-0.000000,0.000000,0.000000,-0.233017,-0.118052,-0.141061,-0.414851,-0.393171,-0.208256,-0.411094,-0.687492,-0.272116,-0.311803,-0.857090,-0.338653,-0.328731,-0.890590,-0.079929,-0.448673,-1.224496,-0.169828,-0.521374,-1.444948,-0.236316,-0.579124,-1.635705,-0.283563,-0.173570,-0.984822,-0.092627,-0.271379,-1.394395,-0.163881,-0.320583,-1.643382,-0.244718,-0.369170,-1.876166,-0.309215,-0.017168,-0.978980,-0.130089,-0.089388,-1.367475,-0.217389,-0.131103,-1.621233,-0.308446,-0.179768,-1.828351,-0.371125,0.158424,-0.900580,-0.187216,0.130205,-1.210075,-0.269677,0.105111,-1.423825,-0.338271,0.065933,-1.615525,-0.388875
FOUR_FINGERS,-0.000000,0.000000,0.000000,-0.235049,-0.125317,-0.145428,-0.408525,-0.387568,-0.223593,-0.404510,-0.670377,-0.300300,-0.321497,-0.850863,-0.379476,-0.335482,-0.901536,-0.081724,-0.431898,-1.257007,-0.173562,-0.484769,-1.483426,-0.244410,-0.525072,-1.681541,-0.296179,-0.184427,-0.982846,-0.096489,-0.277873,-1.387269,-0.171682,-0.322659,-1.630842,-0.257387,-0.365709,-1.860846,-0.324602,-0.030211,-0.972564,-0.135973,-0.110982,-1.355719,-0.225891,-0.160429,-1.596723,-0.318335,-0.212893,-1.797204,-0.382079,0.146536,-0.894123,-0.195442,0.101237,-1.200819,-0.279742,0.064206,-1.403346,-0.348157,0.017961,-1.586752,-0.398800
FOUR_FINGERS,-0.000000,0.000000,0.000000,-0.233421,-0.138619,-0.120794,-0.415663,-0.407134,-0.190064,-0.414824,-0.694793,-0.261583,-0.307679,-0.870530,-0.335990,-0.323253,-0.919304,-0.065952,-0.399641,-1.292692,-0.154984,-0.433964,-1.532290,-0.225219,-0.456298,-1.742736,-0.277785,-0.180914,-0.983499,-0.092104,-0.280000,-1.397835,-0.165497,-0.323289,-1.653611,-0.250138,-0.360846,-1.891974,-0.317135,-0.032261,-0.962920,-0.139635,-0.122428,-1.353742,-0.227503,-0.173269,-1.596615,-0.316330,-0.223436,-1.796250,-0.377626,0.137788,-0.879293,-0.205318,0.077095,-1.179720,-0.286447,0.026941,-1.377484,-0.349151,-0.023913,-1.552187,-0.395484
FOUR_FINGERS,-0.000000,0.000000,0.000000,-0.221627,-0.150990,-0.101059,-0.395120,-0.426394,-0.160968,-0.379292,-0.712519,-0.226901,-0.252417,-0.873980,-0.296455,-0.294614,-0.928954,-0.043861,-0.363106,-1.282519,-0.129495,-0.399845,-1.510940,-0.197688,-0.426943,-1.718385,-0.248764,-0.155017,-0.987912,-0.080279,-0.245294,-1.393564,-0.148865,-0.288374,-1.637422,-0.228792,-0.326280,-1.876235,-0.293061,-0.008617,-0.961869,-0.137609,-0.095661,-1.346645,-0.221521,-0.150243,-1.588801,-0.305980,-0.203216,-1.795552,-0.364890,0.159420,-0.871821,-0.211931,0.089402,-1.167449,-0.289708,0.034213,-1.362712,-0.348436,-0.018043,-1.538281,-0.392544
FOUR_FINGERS,-0.000000,0.000000,0.000000,-0.226848,-0.145953,-0.108049,-0.401901,-0.430041,-0.170565,-0.383797,-0.711988,-0.237509,-0.252028,-0.854119,-0.307763,-0.296104,-0.926932,-0.055603,-0.360357,-1.291486,-0.145379,-0.395372,-1.528179,-0.215494,-0.420452,-1.744207,-0.267230,-0.155774,-0.987793,-0.087386,-0.246946,-1.402352,-0.158951,-0.293258,-1.654602,-0.239420,-0.334066,-1.900706,-0.303894,-0.010711,-0.963294,-0.140167,-0.099460,-1.355555,-0.226144,-0.154013,-1.602448,-0.310504,-0.207735,-1.813811,-0.368436,0.149681,-0.875080,-0.210640,0.073436,-1.176124,-0.288177,0.013090,-1.371759,-0.346345,-0.043236,-1.545502,-0.389636
FOUR_FINGERS,-0.000000,0.000000,0.000000,-0.229258,-0.144694,-0.111218,-0.403940,-0.421967,-0.176704,-0.383113,-0.702295,-0.247467,-0.252715,-0.848377,-0.321596,-0.302635,-0.925859,-0.054040,-0.368582,-1.292186,-0.146019,-0.401582,-1.528920,-0.218089,-0.422769,-1.745949,-0.271495,-0.161604,-0.986856,-0.087602,-0.257366,-1.402994,-0.162533,-0.301291,-1.655347,-0.246898,-0.337778,-1.901947,-0.313671,-0.015482,-0.962897,-0.143115,-0.107933,-1.355010,-0.233879,-0.162857,-1.603075,-0.322869,-0.215585,-1.818115,-0.383171,0.147668,-0.874887,-0.216560,0.067793,-1.177804,-0.299022,0.004119,-1.374695,-0.360718,-0.055275,-1.551033,-0.405976
FOUR_FINGERS,-0.000000,0.000000,0.000000,-0.226213,-0.140260,-0.114810,-0.401606,-0.421421,-0.181181,-0.377745,-0.701797,-0.251436,-0.242863,-0.847732,-0.325369,-0.302548,-0.925274,-0.061852,-0.368106,-1.286643,-0.155048,-0.402404,-1.523430,-0.228238,-0.425478,-1.737537,-0.282208,-0.163814,-0.986491,-0.092072,-0.258624,-1.399055,-0.166621,-0.304518,-1.653278,-0.251846,-0.343341,-1.901187,-0.319929,-0.019235,-0.962943,-0.143896,-0.111843,-1.355394,-0.233880,-0.166608,-1.604243,-0.323733,-0.218923,-1.818260,-0.385586,0.143186,-0.874606,-0.213702,0.064715,-1.175922,-0.295710,0.002548,-1.372761,-0.357586,-0.055101,-1.547562,-0.403563
FOUR_FINGERS,-0.000000,0.000000,0.000000,-0.228975,-0.134155,-0.117237,-0.409180,-0.411800,-0.186267,-0.392891,-0.695043,-0.258315,-0.263091,-0.852681,-0.333801,-0.315367,-0.920221,-0.070517,-0.382275,-1.278924,-0.164755,-0.415712,-1.511711,-0.236923,-0.438488,-1.722801,-0.289692,-0.175245,-0.984525,-0.099631,-0.270219,-1.396118,-0.175538,-0.315078,-1.645629,-0.258109,-0.354261,-1.890146,-0.324045,-0.029093,-0.963320,-0.150202,-0.123091,-1.354133,-0.240829,-0.177755,-1.599819,-0.327415,-0.230286,-1.810182,-0.386862,0.135445,-0.877331,-0.218730,0.055699,-1.175246,-0.300371,-0.005704,-1.369222,-0.360300,-0.062254,-1.541758,-0.404636
FOUR_FINGERS,-0.000000,0.000000,0.000000,-0.228526,-0.136099,-0.127436,-0.407590,-0.407938,-0.205035,-0.386520,-0.690034,-0.284673,-0.256751,-0.853236,-0.367978,-0.317630,-0.921482,-0.084814,-0.382077,-1.286069,-0.185747,-0.413806,-1.519578,-0.263690,-0.436148,-1.732952,-0.320440,-0.174968,-0.984574,-0.111819,-0.264369,-1.397294,-0.193761,-0.305852,-1.644862,-0.281492,-0.343977,-1.889264,-0.350842,-0.027780,-0.962888,-0.160866,-0.115871,-1.351781,-0.254659,-0.168666,-1.595704,-0.344052,-0.220715,-1.802997,-0.405867,0.137855,-0.876216,-0.228750,0.062116,-1.177845,-0.312630,0.002212,-1.373331,-0.374421,-0.055455,-1.547196,-0.420648
FOUR_FINGERS,-0.000000,0.000000,0.000000,-0.227721,-0.138155,-0.121064,-0.404056,-0.412880,-0.197183,-0.381314,-0.695786,-0.276531,-0.253202,-0.860350,-0.360241,-0.312425,-0.925575,-0.085409,-0.377166,-1.288661,-0.188605,-0.410782,-1.522815,-0.267802,-0.435481,-1.735935,-0.325539,-0.169948,-0.985453,-0.117002,-0.261326,-1.399250,-0.202762,-0.305757,-1.648796,-0.291912,-0.346489,-1.894430,-0.362171,-0.021970,-0.960126,-0.169759,-0.111086,-1.351270,-0.266253,-0.165411,-1.596734,-0.355876,-0.218995,-1.805165,-0.417935,0.145391,-0.868949,-0.240735,0.069837,-1.172200,-0.327174,0.009789,-1.370468,-0.389710,-0.048122,-1.547454,-0.436485
FOUR_FINGERS,-0.000000,0.000000,0.000000,-0.226659,-0.135872,-0.119731,-0.403324,-0.412300,-0.193025,-0.385020,-0.693583,-0.269041,-0.257307,-0.851051,-0.349369,-0.309641,-0.921017,-0.084998,-0.379494,-1.285578,-0.187321,-0.416962,-1.522928,-0.264783,-0.443595,-1.738410,-0.321244,-0.169955,-0.985452,-0.115952,-0.268280,-1.403170,-0.200251,-0.317737,-1.659448,-0.288198,-0.362050,-1.910451,-0.358222,-0.023440,-0.963862,-0.167830,-0.117686,-1.361955,-0.265244,-0.175190,-1.614589,-0.356172,-0.232577,-1.831163,-0.418953,0.142113,-0.876547,-0.237556,0.064122,-1.181133,-0.325250,0.001724,-1.381502,-0.388790,-0.058469,-1.559993,-0.436099
FOUR_FINGERS,-0.000000,0.000000,0.000000,-0.224474,-0.138905,-0.112931,-0.398481,-0.422976,-0.180030,-0.379904,-0.710940,-0.250929,-0.255656,-0.868408,-0.325775,-0.304021,-0.923060,-0.068860,-0.375727,-1.287639,-0.163870,-0.414177,-1.523577,-0.236422,-0.441668,-1.736120,-0.289925,-0.163776,-0.986498,-0.101089,-0.261397,-1.401760,-0.177903,-0.309173,-1.655916,-0.262232,-0.351631,-1.903874,-0.329816,-0.017909,-0.963407,-0.154275,-0.111327,-1.358902,-0.245929,-0.167758,-1.610384,-0.334982,-0.223660,-1.825976,-0.396563,0.146246,-0.875503,-0.224862,0.069127,-1.178286,-0.308564,0.008283,-1.377745,-0.370769,-0.050303,-1.555853,-0.417136
FOUR_FINGERS,-0.000000,0.000000,0.000000,-0.228480,-0.133105,-0.119742,-0.405064,-0.406480,-0.192817,-0.390412,-0.689640,-0.268475,-0.272112,-0.855480,-0.347591,-0.310260,-0.924004,-0.080125,-0.381298,-1.293844,-0.177344,-0.416722,-1.530632,-0.250371,-0.441149,-1.744174,-0.304064,-0.168024,-0.985783,-0.109575,-0.269024,-1.404389,-0.189866,-0.316165,-1.659521,-0.274469,-0.356903,-1.907469,-0.341578,-0.020345,-0.960977,-0.159944,-0.118018,-1.359430,-0.254080,-0.174493,-1.607335,-0.342429,-0.228968,-1.821496,-0.402854,0.145184,-0.871294,-0.228080,0.066347,-1.175291,-0.313525,0.005473,-1.374290,-0.376007,-0.051878,-1.554533,-0.421962
FOUR_FINGERS,-0.000000,0.000000,0.000000,-0.226896,-0.131148,-0.127560,-0.403280,-0.403669,-0.204454,-0.386481,-0.687774,-0.283139,-0.267580,-0.853948,-0.365775,-0.314573,-0.919777,-0.087823,-0.385684,-1.289651,-0.188989,-0.422476,-1.526883,-0.265327,-0.448182,-1.742481,-0.321192,-0.171813,-0.985130,-0.115281,-0.270898,-1.403148,-0.198220,-0.318122,-1.656906,-0.285718,-0.360244,-1.905611,-0.355097,-0.023370,-0.963272,-0.164524,-0.117546,-1.359625,-0.261514,-0.173321,-1.610738,-0.353549,-0.228754,-1.827461,-0.416744,0.144351,-0.875666,-0.232121,0.067183,-1.178038,-0.319476,0.007405,-1.375631,-0.383808,-0.050906,-1.553848,-0.431532
FOUR_FINGERS,-0.000000,0.000000,0.000000,-0.230152,-0.131417,-0.129895,-0.407831,-0.404812,-0.207834,-0.392470,-0.690687,-0.287328,-0.274781,-0.859223,-0.371066,-0.315271,-0.917878,-0.089505,-0.384400,-1.285629,-0.192861,-0.421439,-1.524165,-0.271524,-0.448741,-1.742525,-0.328994,-0.172944,-0.984932,-0.116500,-0.269843,-1.405468,-0.201890,-0.318545,-1.663803,-0.292175,-0.363573,-1.917077,-0.363706,-0.024719,-0.965506,-0.165571,-0.116634,-1.364834,-0.264294,-0.173113,-1.617371,-0.357860,-0.230443,-1.835487,-0.422275,0.142451,-0.880051,-0.233245,0.067111,-1.184626,-0.322020,0.006320,-1.382994,-0.387456,-0.054040,-1.562671,-0.436170
FOUR_FINGERS,-0.000000,0.000000,0.000000,-0.230921,-0.132993,-0.129333,-0.414110,-0.409095,-0.207745,-0.398759,-0.696581,-0.286892,-0.274909,-0.862766,-0.370329,-0.321789,-0.920414,-0.100353,-0.398410,-1.288429,-0.206366,-0.438285,-1.528286,-0.285297,-0.466696,-1.744608,-0.342850,-0.177586,-0.984105,-0.127898,-0.276943,-1.405630,-0.216548,-0.324471,-1.665439,-0.306379,-0.366443,-1.918957,-0.377317,-0.028471,-0.960916,-0.176590,-0.120644,-1.360206,-0.277470,-0.173933,-1.611159,-0.370097,-0.226386,-1.826156,-0.433338,0.138990,-0.872936,-0.243618,0.064855,-1.179359,-0.334425,0.005927,-1.381903,-0.400445,-0.051849,-1.565344,-0.449034
FOUR_FINGERS,-0.000000,0.000000,0.000000,-0.233895,-0.132206,-0.130829,-0.419409,-0.406710,-0.212518,-0.402799,-0.689802,-0.294830,-0.279378,-0.848591,-0.382258,-0.328586,-0.915820,-0.114675,-0.408349,-1.284891,-0.226851,-0.449683,-1.525043,-0.309677,-0.479580,-1.743209,-0.369792,-0.182865,-0.983138,-0.143490,-0.285668,-1.404771,-0.239115,-0.335446,-1.664181,-0.332309,-0.379176,-1.918452,-0.405621,-0.032737,-0.961527,-0.192660,-0.127928,-1.359906,-0.299357,-0.185105,-1.612632,-0.393842,-0.240996,-1.828896,-0.458493,0.136563,-0.873490,-0.260058,0.064434,-1.180901,-0.355171,0.006088,-1.383346,-0.422562,-0.051270,-1.564840,-0.472344
FOUR_FINGERS,-0.000000,0.000000,0.000000,-0.237131,-0.128547,-0.119940,-0.419515,-0.409674,-0.187640,-0.399943,-0.701137,-0.257870,-0.283281,-0.861106,-0.333279,-0.333275,-0.904266,-0.083205,-0.431012,-1.255878,-0.185012,-0.485887,-1.489959,-0.261285,-0.529786,-1.700874,-0.316834,-0.187084,-0.982344,-0.113778,-0.298636,-1.394913,-0.199302,-0.357120,-1.650387,-0.288975,-0.410752,-1.895031,-0.359883,-0.036204,-0.967826,-0.165615,-0.131721,-1.361576,-0.266697,-0.192393,-1.614122,-0.362339,-0.254931,-1.827490,-0.427424,0.136453,-0.884441,-0.234962,0.067746,-1.185603,-0.327396,0.011037,-1.387857,-0.396392,-0.048846,-1.567674,-0.447040
FOUR_FINGERS,-0.000000,0.000000,0.000000,-0.234169,-0.131859,-0.129334,-0.402813,-0.411684,-0.201892,-0.366368,-0.695255,-0.276332,-0.251528,-0.848555,-0.356218,-0.326694,-0.899895,-0.090084,-0.432860,-1.251132,-0.195167,-0.491595,-1.483042,-0.274973,-0.539556,-1.691526,-0.332960,-0.176736,-0.984258,-0.117447,-0.286502,-1.394373,-0.205079,-0.342109,-1.645101,-0.297769,-0.396755,-1.881941,-0.370873,-0.024530,-0.972122,-0.167603,-0.113840,-1.362297,-0.270287,-0.173283,-1.612603,-0.369582,-0.237521,-1.819471,-0.437717,0.149797,-0.886712,-0.236299,0.095744,-1.190279,-0.331523,0.046099,-1.390485,-0.404132,-0.011839,-1.564429,-0.457706
FOUR_FINGERS,-0.000000,0.000000,0.000000,-0.243784,-0.119522,-0.142720,-0.414882,-0.395734,-0.215633,-0.378302,-0.686599,-0.287181,-0.270699,-0.850219,-0.362002,-0.348271,-0.891475,-0.086790,-0.461786,-1.241057,-0.183868,-0.522869,-1.471944,-0.256810,-0.570941,-1.675740,-0.309400,-0.195773,-0.980649,-0.102655,-0.307406,-1.389030,-0.181119,-0.360404,-1.637442,-0.267566,-0.410317,-1.868740,-0.335493,-0.042142,-0.972037,-0.143027,-0.128271,-1.361081,-0.237491,-0.180418,-1.603617,-0.332972,-0.235732,-1.804985,-0.397714,0.132668,-0.889532,-0.203250,0.087487,-1.191477,-0.291088,0.050366,-1.391680,-0.361418,0.004227,-1.570686,-0.412600
FOUR_FINGERS,-0.000000,0.000000,0.000000,-0.225299,-0.142642,-0.128411,-0.387628,-0.438050,-0.189455,-0.326530,-0.730822,-0.251828,-0.193803,-0.866553,-0.316936,-0.317686,-0.903387,-0.056697,-0.430018,-1.239689,-0.145499,-0.495028,-1.464300,-0.213917,-0.543787,-1.659993,-0.263455,-0.165037,-0.986287,-0.076993,-0.273965,-1.379437,-0.143934,-0.325476,-1.617826,-0.224459,-0.372354,-1.844529,-0.288455,-0.014240,-0.974108,-0.122763,-0.095592,-1.353851,-0.207732,-0.144248,-1.595257,-0.300310,-0.192933,-1.796842,-0.363350,0.158770,-0.890753,-0.188210,0.113834,-1.187925,-0.268914,0.082551,-1.392427,-0.336878,0.044077,-1.575923,-0.386982
FOUR_FINGERS,-0.000000,0.000000,0.000000,-0.240195,-0.120269,-0.133593,-0.400282,-0.418197,-0.199306,-0.332371,-0.714086,-0.265154,-0.209397,-0.854469,-0.333755,-0.353478,-0.887971,-0.071014,-0.468912,-1.226115,-0.161688,-0.538797,-1.451673,-0.230213,-0.593736,-1.648579,-0.279053,-0.196595,-0.980485,-0.087279,-0.303010,-1.381441,-0.154937,-0.357565,-1.624202,-0.235087,-0.406332,-1.850176,-0.299294,-0.044078,-0.973210,-0.128419,-0.120830,-1.358691,-0.210893,-0.163958,-1.597980,-0.301610,-0.205508,-1.797791,-0.364298,0.124984,-0.890671,-0.189250,0.084272,-1.189611,-0.266238,0.060481,-1.394389,-0.332512,0.030937,-1.581445,-0.382086
FOUR_FINGERS,-0.000000,0.000000,0.000000,-0.228009,-0.129901,-0.128889,-0.374493,-0.428021,-0.190999,-0.289937,-0.725009,-0.254915,-0.166666,-0.864596,-0.320981,-0.327613,-0.894209,-0.055145,-0.439661,-1.230317,-0.139852,-0.507902,-1.453208,-0.204285,-0.560890,-1.646262,-0.250985,-0.170817,-0.985303,-0.072677,-0.282734,-1.384099,-0.134521,-0.339858,-1.625119,-0.211637,-0.390128,-1.849613,-0.273453,-0.017680,-0.977897,-0.115576,-0.095352,-1.365297,-0.193141,-0.140890,-1.601155,-0.281991,-0.183219,-1.801826,-0.343162,0.156415,-0.893960,-0.178068,0.116741,-1.197488,-0.252157,0.091427,-1.399861,-0.317178,0.060326,-1.587420,-0.365777
FOUR_FINGERS,-0.000000,0.000000,0.000000,-0.240925,-0.099048,-0.156788,-0.404484,-0.374576,-0.237938,-0.350274,-0.676778,-0.315417,-0.250062,-0.853870,-0.395849,-0.370506,-0.877530,-0.100183,-0.498625,-1.222194,-0.201121,-0.573659,-1.452285,-0.275245,-0.631962,-1.653216,-0.327896,-0.209210,-0.977871,-0.111176,-0.319982,-1.401027,-0.192265,-0.371379,-1.658638,-0.281518,-0.418777,-1.896802,-0.351736,-0.051039,-0.975048,-0.148533,-0.130186,-1.379823,-0.245559,-0.172292,-1.639580,-0.347922,-0.215445,-1.855129,-0.417515,0.124548,-0.894545,-0.206359,0.085471,-1.212967,-0.297265,0.060974,-1.426091,-0.372858,0.025746,-1.619740,-0.428374
FOUR_FINGERS,-0.000000,0.000000,0.000000,-0.235873,-0.122810,-0.123501,-0.389767,-0.419278,-0.183092,-0.289990,-0.714101,-0.244018,-0.138898,-0.832457,-0.307884,-0.349842,-0.882944,-0.063535,-0.470198,-1.234121,-0.150698,-0.545404,-1.465853,-0.215872,-0.603565,-1.660473,-0.262723,-0.190506,-0.981686,-0.081999,-0.299050,-1.399296,-0.142959,-0.359691,-1.651501,-0.219518,-0.413296,-1.881936,-0.282210,-0.035378,-0.979623,-0.124505,-0.106297,-1.383987,-0.201431,-0.151654,-1.640263,-0.295493,-0.194280,-1.853821,-0.361274,0.138198,-0.896629,-0.185703,0.103656,-1.210386,-0.258739,0.081770,-1.423521,-0.326408,0.053006,-1.614582,-0.378198
FOUR_FINGERS,-0.000000,0.000000,0.000000,-0.246514,-0.113261,-0.123664,-0.413890,-0.411143,-0.181984,-0.317268,-0.714211,-0.240261,-0.154660,-0.831355,-0.301126,-0.372351,-0.869008,-0.071739,-0.509147,-1.211141,-0.158833,-0.596510,-1.441465,-0.220435,-0.663668,-1.637141,-0.263624,-0.207727,-0.978187,-0.088547,-0.313854,-1.409251,-0.147205,-0.373792,-1.668078,-0.218084,-0.423559,-1.904362,-0.277685,-0.052303,-0.979787,-0.129254,-0.111512,-1.396371,-0.205559,-0.150986,-1.663265,-0.297454,-0.187284,-1.883198,-0.361484,0.118241,-0.897609,-0.188360,0.106700,-1.221606,-0.260486,0.101165,-1.448729,-0.327084,0.086958,-1.653389,-0.377633
FOUR_FINGERS,-0.000000,0.000000,0.000000,-0.236936,-0.130262,-0.109224,-0.390144,-0.439814,-0.155620,-0.289037,-0.738266,-0.203022,-0.126019,-0.830796,-0.253988,-0.367438,-0.865389,-0.063559,-0.523903,-1.204337,-0.141606,-0.621756,-1.431386,-0.196109,-0.696501,-1.625117,-0.235132,-0.203717,-0.979030,-0.082386,-0.306978,-1.417073,-0.130325,-0.365152,-1.675806,-0.193086,-0.409734,-1.905860,-0.249008,-0.046796,-0.982843,-0.123263,-0.099414,-1.407071,-0.192559,-0.144892,-1.685334,-0.285276,-0.184787,-1.919804,-0.351554,0.128870,-0.902014,-0.180621,0.139890,-1.231803,-0.248071,0.148954,-1.463260,-0.315194,0.149170,-1.677196,-0.367695
FOUR_FINGERS,-0.000000,0.000000,0.000000,-0.226438,-0.130793,-0.120455,-0.374456,-0.433696,-0.164310,-0.279101,-0.726403,-0.208278,-0.133777,-0.806036,-0.253841,-0.371247,-0.859212,-0.041752,-0.546133,-1.183701,-0.110284,-0.657698,-1.396835,-0.160791,-0.744831,-1.580392,-0.197693,-0.208179,-0.978091,-0.052263,-0.309769,-1.417249,-0.086905,-0.365995,-1.680783,-0.149542,-0.408461,-1.913614,-0.207679,-0.049434,-0.986782,-0.088166,-0.089735,-1.407573,-0.149619,-0.120070,-1.693882,-0.246785,-0.149343,-1.940947,-0.317270,0.128737,-0.911599,-0.141853,0.158848,-1.241191,-0.203900,0.186422,-1.464583,-0.270966,0.201554,-1.673952,-0.323989
FOUR_FINGERS,-0.000000,0.000000,0.000000,-0.227384,-0.136702,-0.109686,-0.361987,-0.449335,-0.142316,-0.244303,-0.740238,-0.176279,-0.073801,-0.803851,-0.209875,-0.364381,-0.861232,-0.013961,-0.543001,-1.174040,-0.067503,-0.656091,-1.379324,-0.107953,-0.743630,-1.554755,-0.139232,-0.201462,-0.979496,-0.024290,-0.299913,-1.410963,-0.040976,-0.357856,-1.674878,-0.091814,-0.398920,-1.907713,-0.143744,-0.041043,-0.981922,-0.060534,-0.068663,-1.397665,-0.106089,-0.096332,-1.679728,-0.193273,-0.121779,-1.930409,-0.259066,0.137015,-0.892283,-0.114348,0.193091,-1.224243,-0.164104,0.234678,-1.439163,-0.222707,0.263258,-1.645026,-0.270458
FOUR_FINGERS,-0.000000,0.000000,0.000000,-0.224184,-0.120169,-0.122479,-0.363100,-0.405623,-0.169902,-0.269560,-0.691015,-0.216687,-0.118506,-0.798651,-0.263366,-0.376978,-0.858885,-0.043932,-0.557293,-1.169119,-0.107658,-0.668939,-1.374129,-0.155721,-0.757261,-1.554117,-0.193512,-0.213591,-0.976923,-0.054514,-0.307950,-1.407992,-0.083516,-0.362315,-1.668573,-0.141274,-0.404637,-1.903196,-0.199723,-0.050147,-0.974529,-0.090888,-0.071226,-1.391912,-0.148045,-0.098229,-1.666956,-0.240323,-0.124557,-1.911763,-0.311117,0.131162,-0.875558,-0.144746,0.209222,-1.198626,-0.204797,0.261904,-1.406248,-0.268717,0.300436,-1.610236,-0.320730
FOUR_FINGERS,-0.000000,0.000000,0.000000,-0.223181,-0.134063,-0.113316,-0.352879,-0.442959,-0.154221,-0.234658,-0.736328,-0.196386,-0.075523,-0.818568,-0.237626,-0.371756,-0.862458,-0.024722,-0.551663,-1.170542,-0.077379,-0.664227,-1.373452,-0.115428,-0.753658,-1.551803,-0.148938,-0.204129,-0.978944,-0.041088,-0.297867,-1.405393,-0.055295,-0.357191,-1.667887,-0.103071,-0.403648,-1.906104,-0.158194,-0.040333,-0.968754,-0.084255,-0.041768,-1.389084,-0.137744,-0.061169,-1.670671,-0.232954,-0.080335,-1.930644,-0.306501,0.136317,-0.854178,-0.143549,0.239791,-1.171428,-0.203563,0.308851,-1.362868,-0.268112,0.363990,-1.554417,-0.320961
FOUR_FINGERS,-0.000000,0.000000,0.000000,-0.208418,-0.131038,-0.128835,-0.328330,-0.436350,-0.180586,-0.210311,-0.721148,-0.230030,-0.069997,-0.815801,-0.277982,-0.360985,-0.864632,-0.052459,-0.547847,-1.160630,-0.110687,-0.665049,-1.361219,-0.151359,-0.756562,-1.540195,-0.187303,-0.189216,-0.981935,-0.063058,-0.286198,-1.399155,-0.084590,-0.341655,-1.657936,-0.134084,-0.381604,-1.891085,-0.191147,-0.021073,-0.967385,-0.100734,-0.009768,-1.375613,-0.165682,-0.014154,-1.659917,-0.267204,-0.018577,-1.925384,-0.343958,0.157444,-0.842714,-0.154017,0.282071,-1.144237,-0.222840,0.367558,-1.325310,-0.291614,0.439487,-1.508753,-0.347097
FOUR_FINGERS,-0.000000,0.000000,0.000000,-0.215462,-0.143231,-0.111815,-0.329142,-0.447198,-0.157594,-0.192182,-0.711881,-0.202035,-0.021666,-0.788071,-0.243163,-0.363542,-0.866556,-0.045593,-0.547810,-1.153068,-0.098792,-0.665188,-1.344082,-0.135379,-0.756094,-1.513411,-0.168183,-0.187920,-0.982184,-0.058661,-0.272748,-1.396721,-0.077706,-0.322734,-1.650068,-0.123008,-0.357442,-1.879597,-0.176957,-0.019335,-0.961852,-0.095898,0.012986,-1.361689,-0.155383,0.018106,-1.631787,-0.252431,0.021140,-1.887569,-0.325886,0.155898,-0.825617,-0.146876,0.296918,-1.101719,-0.205418,0.392691,-1.268520,-0.268946,0.474400,-1.439507,-0.321510
FOUR_FINGERS,-0.000000,0.000000,0.000000,-0.208162,-0.164570,-0.102951,-0.309619,-0.464899,-0.150904,-0.164662,-0.715728,-0.198624,0.012615,-0.783629,-0.241567,-0.349213,-0.871454,-0.044612,-0.535409,-1.148983,-0.098046,-0.655811,-1.335691,-0.134284,-0.752114,-1.504567,-0.166196,-0.175435,-0.984491,-0.060509,-0.260671,-1.393911,-0.080235,-0.309601,-1.646232,-0.121602,-0.344236,-1.877350,-0.172052,-0.007296,-0.960663,-0.099324,0.028692,-1.362386,-0.156363,0.036060,-1.634868,-0.245874,0.038799,-1.892160,-0.314297,0.164802,-0.819454,-0.151200,0.316132,-1.102836,-0.203642,0.416579,-1.270109,-0.259825,0.501206,-1.439888,-0.307820
FOUR_FINGERS,-0.000000,0.000000,0.000000,-0.209880,-0.166855,-0.094357,-0.310971,-0.486290,-0.132970,-0.151014,-0.744938,-0.172946,0.042410,-0.800685,-0.208087,-0.338533,-0.872222,-0.027229,-0.520900,-1.153591,-0.076017,-0.638467,-1.341828,-0.107438,-0.731169,-1.511322,-0.135714,-0.161113,-0.986936,-0.045086,-0.244029,-1.398750,-0.059011,-0.294212,-1.646170,-0.095016,-0.328046,-1.875141,-0.141542,0.006447,-0.964340,-0.086244,0.053601,-1.363050,-0.141537,0.067477,-1.637643,-0.229042,0.076628,-1.899658,-0.294974,0.176642,-0.821422,-0.139890,0.329112,-1.098692,-0.189568,0.436165,-1.263188,-0.243037,0.530357,-1.431679,-0.288450
FOUR_FINGERS,-0.000000,0.000000,0.000000,-0.199875,-0.148078,-0.108500,-0.306441,-0.452950,-0.152446,-0.155763,-0.712628,-0.194548,0.029908,-0.781826,-0.231649,-0.340364,-0.869915,-0.040115,-0.527254,-1.152727,-0.090497,-0.646464,-1.342239,-0.121653,-0.739994,-1.511538,-0.149334,-0.163164,-0.986599,-0.050855,-0.243742,-1.403279,-0.066702,-0.289988,-1.651610,-0.102052,-0.319486,-1.879418,-0.147300,0.007259,-0.963091,-0.085895,0.056049,-1.366910,-0.145685,0.074552,-1.649395,-0.234535,0.089664,-1.915792,-0.300087,0.182249,-0.816425,-0.134072,0.337193,-1.098497,-0.189285,0.448181,-1.262766,-0.244428,0.547592,-1.428065,-0.289621
FOUR_FINGERS,-0.000000,0.000000,0.000000,-0.197478,-0.148343,-0.107993,-0.306700,-0.445912,-0.157462,-0.156807,-0.705382,-0.205481,0.035041,-0.777954,-0.248409,-0.341347,-0.867763,-0.054149,-0.534265,-1.144622,-0.111153,-0.657018,-1.330178,-0.145676,-0.754626,-1.498473,-0.175746,-0.164905,-0.986309,-0.070080,-0.247431,-1.405060,-0.093851,-0.295538,-1.651014,-0.131369,-0.327469,-1.880662,-0.178283,0.004355,-0.961164,-0.109625,0.053793,-1.358484,-0.173223,0.069436,-1.635921,-0.261192,0.080657,-1.901139,-0.326682,0.178898,-0.811743,-0.162383,0.335103,-1.085585,-0.219664,0.444758,-1.253782,-0.275255,0.541208,-1.426586,-0.321090
FOUR_FINGERS,-0.000000,0.000000,0.000000,-0.203864,-0.142132,-0.110744,-0.318556,-0.439979,-0.158424,-0.172834,-0.706842,-0.204181,0.017425,-0.789157,-0.244925,-0.357553,-0.862889,-0.047982,-0.552505,-1.138620,-0.101669,-0.676104,-1.325717,-0.135903,-0.774706,-1.494152,-0.165886,-0.180983,-0.983486,-0.060933,-0.260680,-1.406511,-0.080588,-0.306517,-1.656469,-0.118685,-0.336698,-1.885671,-0.166297,-0.010694,-0.962431,-0.098095,0.037822,-1.362213,-0.157527,0.053512,-1.641050,-0.245676,0.064663,-1.903711,-0.311860,0.164458,-0.818651,-0.148919,0.320302,-1.098135,-0.203984,0.429132,-1.267482,-0.259317,0.524586,-1.437479,-0.304998
FOUR_FINGERS,-0.000000,0.000000,0.000000,-0.199509,-0.154143,-0.112285,-0.303694,-0.460952,-0.158200,-0.159268,-0.726561,-0.201231,0.027808,-0.812680,-0.239105,-0.341146,-0.872559,-0.039578,-0.527419,-1.140235,-0.087006,-0.644605,-1.325056,-0.117855,-0.735999,-1.487077,-0.145600,-0.168928,-0.985628,-0.046760,-0.247420,-1.394700,-0.059470,-0.292473,-1.646608,-0.094458,-0.324302,-1.876779,-0.139759,-0.001339,-0.959731,-0.078217,0.038364,-1.359204,-0.130465,0.046928,-1.628148,-0.213831,0.051411,-1.883263,-0.277322,0.169107,-0.814103,-0.123809,0.316689,-1.089955,-0.172524,0.417750,-1.250240,-0.223939,0.505022,-1.414262,-0.267106
FOUR_FINGERS,-0.000000,0.000000,0.000000,-0.199516,-0.147238,-0.099517,-0.314643,-0.451435,-0.143090,-0.168411,-0.715420,-0.186097,0.020606,-0.783550,-0.225029,-0.350039,-0.864999,-0.049368,-0.544633,-1.145977,-0.104012,-0.668491,-1.334443,-0.136396,-0.764545,-1.502602,-0.165190,-0.174020,-0.984742,-0.067527,-0.258367,-1.411385,-0.090348,-0.308093,-1.661821,-0.127253,-0.338901,-1.893795,-0.173727,-0.005596,-0.962844,-0.108207,0.044462,-1.368006,-0.173043,0.058681,-1.646314,-0.263111,0.071186,-1.911152,-0.329105,0.168943,-0.818518,-0.160923,0.323908,-1.092830,-0.219683,0.436222,-1.262630,-0.276955,0.537721,-1.438250,-0.323494
FOUR_FINGERS,-0.000000,0.000000,0.000000,-0.206020,-0.151123,-0.112141,-0.318351,-0.455430,-0.161867,-0.174445,-0.720636,-0.209369,0.010962,-0.800962,-0.252457,-0.360752,-0.864103,-0.057310,-0.553509,-1.152035,-0.116045,-0.675720,-1.349493,-0.153405,-0.772133,-1.529053,-0.185837,-0.186803,-0.982397,-0.069528,-0.274471,-1.405681,-0.095363,-0.325608,-1.660731,-0.135440,-0.360025,-1.898517,-0.184156,-0.017803,-0.962277,-0.105309,0.024816,-1.366264,-0.171624,0.036018,-1.649876,-0.262004,0.043666,-1.922163,-0.328928,0.157237,-0.821442,-0.154608,0.304975,-1.097705,-0.213347,0.410006,-1.262667,-0.269800,0.503691,-1.434754,-0.316257
FOUR_FINGERS,-0.000000,0.000000,0.000000,-0.215586,-0.122808,-0.137540,-0.343533,-0.413881,-0.197905,-0.208689,-0.687393,-0.252694,-0.025183,-0.788132,-0.305645,-0.387155,-0.853520,-0.087119,-0.576061,-1.149014,-0.161343,-0.696242,-1.351894,-0.211875,-0.792480,-1.535961,-0.252385,-0.214194,-0.976791,-0.092651,-0.302711,-1.409992,-0.133159,-0.358102,-1.669861,-0.187928,-0.402331,-1.910731,-0.246551,-0.044597,-0.965953,-0.123877,-0.029417,-1.380952,-0.199586,-0.031720,-1.659302,-0.297146,-0.037815,-1.920806,-0.369969,0.132177,-0.840408,-0.171719,0.253360,-1.140255,-0.242992,0.342159,-1.319130,-0.308716,0.418719,-1.499649,-0.361684
FOUR_FINGERS,-0.000000,0.000000,0.000000,-0.228156,-0.111227,-0.133696,-0.370653,-0.398767,-0.187376,-0.258615,-0.694163,-0.238805,-0.091267,-0.814427,-0.291006,-0.417646,-0.845720,-0.056078,-0.597587,-1.166756,-0.128831,-0.705802,-1.383520,-0.181638,-0.789552,-1.571268,-0.222267,-0.255979,-0.966682,-0.064567,-0.345944,-1.420191,-0.106974,-0.395164,-1.695693,-0.170817,-0.438552,-1.940028,-0.231292,-0.093469,-0.967361,-0.100258,-0.114513,-1.390096,-0.176908,-0.133810,-1.676584,-0.278711,-0.158137,-1.937378,-0.350680,0.082500,-0.871734,-0.154064,0.135561,-1.190112,-0.230531,0.175726,-1.379867,-0.300911,0.204141,-1.560893,-0.354173
FOUR_FINGERS,-0.000000,0.000000,0.000000,-0.221393,-0.105483,-0.138360,-0.370866,-0.387298,-0.193501,-0.281598,-0.687787,-0.246137,-0.140746,-0.820167,-0.300664,-0.416246,-0.850742,-0.054014,-0.577209,-1.187268,-0.127854,-0.670794,-1.411822,-0.182659,-0.742112,-1.598707,-0.222516,-0.258390,-0.966041,-0.057855,-0.351824,-1.418505,-0.106053,-0.395840,-1.690587,-0.173871,-0.430458,-1.928208,-0.231254,-0.103173,-0.968030,-0.089009,-0.147524,-1.393733,-0.166355,-0.165875,-1.668970,-0.267079,-0.185280,-1.914665,-0.334478,0.066375,-0.879553,-0.139109,0.066097,-1.196603,-0.215903,0.073277,-1.409096,-0.288324,0.072045,-1.614810,-0.341100
FOUR_FINGERS,-0.000000,0.000000,0.000000,-0.227533,-0.111663,-0.130334,-0.380808,-0.403062,-0.184539,-0.277901,-0.703083,-0.237513,-0.116257,-0.820539,-0.293731,-0.404846,-0.856316,-0.062174,-0.558383,-1.206621,-0.141909,-0.649733,-1.436719,-0.199324,-0.720994,-1.634553,-0.240649,-0.247905,-0.968784,-0.072190,-0.344460,-1.428339,-0.124411,-0.392638,-1.696816,-0.191169,-0.434064,-1.938091,-0.247876,-0.099497,-0.970683,-0.108459,-0.150660,-1.404206,-0.189459,-0.177074,-1.680549,-0.289458,-0.204958,-1.931710,-0.356079,0.062857,-0.884905,-0.163135,0.053032,-1.206718,-0.242684,0.053682,-1.421749,-0.315624,0.045549,-1.631058,-0.368926
FOUR_FINGERS,-0.000000,0.000000,0.000000,-0.234122,-0.107830,-0.130596,-0.388126,-0.405493,-0.184697,-0.293534,-0.710118,-0.237608,-0.149914,-0.834087,-0.294224,-0.418705,-0.853301,-0.062321,-0.564869,-1.221861,-0.143026,-0.649258,-1.465893,-0.203719,-0.713248,-1.669877,-0.247669,-0.261627,-0.965169,-0.071467,-0.360366,-1.437154,-0.126065,-0.409757,-1.714170,-0.200077,-0.451860,-1.953264,-0.261691,-0.110716,-0.973910,-0.106062,-0.167838,-1.414678,-0.186101,-0.199829,-1.691778,-0.290847,-0.231083,-1.931576,-0.361573,0.054371,-0.900988,-0.158811,0.037872,-1.227874,-0.237717,0.032889,-1.446571,-0.314112,0.020237,-1.650364,-0.370718
FOUR_FINGERS,-0.000000,0.000000,0.000000,-0.229443,-0.112323,-0.128472,-0.374400,-0.405123,-0.182936,-0.292444,-0.710810,-0.239574,-0.180022,-0.863119,-0.299981,-0.398401,-0.866564,-0.030466,-0.534933,-1.234092,-0.106938,-0.615422,-1.470273,-0.169927,-0.682519,-1.669576,-0.216084,-0.248380,-0.968663,-0.042972,-0.341569,-1.428327,-0.094857,-0.391107,-1.700875,-0.175045,-0.439799,-1.935983,-0.240177,-0.103299,-0.969998,-0.083186,-0.155753,-1.405279,-0.158834,-0.183875,-1.671314,-0.264029,-0.218357,-1.900073,-0.335566,0.054054,-0.889625,-0.142382,0.025487,-1.211665,-0.218434,0.008357,-1.425658,-0.293943,-0.020160,-1.624294,-0.350276
FOUR_FINGERS,-0.000000,0.000000,0.000000,-0.243984,-0.131931,-0.103619,-0.394414,-0.446041,-0.139840,-0.298250,-0.754109,-0.180069,-0.159363,-0.876378,-0.222726,-0.394950,-0.869886,-0.003956,-0.525290,-1.237872,-0.065745,-0.602485,-1.477054,-0.114385,-0.665790,-1.676305,-0.150042,-0.242332,-0.970194,-0.020459,-0.341270,-1.426234,-0.054956,-0.394834,-1.698373,-0.117446,-0.445832,-1.935401,-0.170416,-0.097165,-0.971483,-0.062724,-0.151918,-1.405902,-0.122184,-0.182711,-1.674965,-0.212570,-0.217434,-1.906333,-0.274001,0.056331,-0.893192,-0.122488,0.025304,-1.218103,-0.182668,0.011566,-1.434292,-0.247210,-0.010639,-1.634202,-0.295830
FOUR_FINGERS,-0.000000,0.000000,0.000000,-0.236361,-0.127743,-0.113320,-0.386414,-0.431692,-0.157618,-0.306055,-0.737499,-0.203959,-0.187846,-0.875118,-0.253009,-0.393345,-0.865651,-0.025531,-0.527568,-1.229320,-0.093131,-0.602448,-1.466794,-0.144388,-0.663377,-1.664334,-0.181932,-0.246451,-0.969155,-0.039152,-0.353276,-1.419201,-0.080205,-0.407763,-1.692716,-0.146195,-0.459799,-1.930415,-0.201822,-0.102348,-0.973949,-0.078024,-0.160835,-1.408955,-0.144428,-0.193913,-1.681166,-0.239241,-0.231017,-1.914860,-0.303704,0.054593,-0.896712,-0.134039,0.033643,-1.219351,-0.201457,0.023908,-1.436006,-0.269790,0.004476,-1.637841,-0.320537
FOUR_FINGERS,-0.000000,0.000000,0.000000,-0.232414,-0.129980,-0.107607,-0.385493,-0.445863,-0.151552,-0.285192,-0.752231,-0.196950,-0.135311,-0.868108,-0.245274,-0.383058,-0.875327,-0.044774,-0.507792,-1.246214,-0.117874,-0.580812,-1.488863,-0.170833,-0.640013,-1.688904,-0.209373,-0.234813,-0.972040,-0.060293,-0.341008,-1.416348,-0.105350,-0.402210,-1.684251,-0.167956,-0.459040,-1.921567,-0.221390,-0.091229,-0.969825,-0.098632,-0.151875,-1.400465,-0.164538,-0.187959,-1.662988,-0.252718,-0.223435,-1.888823,-0.313086,0.063620,-0.886017,-0.153711,0.040070,-1.208336,-0.218002,0.029919,-1.424726,-0.281755,0.014535,-1.626228,-0.329726
FOUR_FINGERS,-0.000000,0.000000,0.000000,-0.234562,-0.124347,-0.121344,-0.385668,-0.441356,-0.171252,-0.297995,-0.752502,-0.221169,-0.175538,-0.885751,-0.274422,-0.391429,-0.873649,-0.049910,-0.505954,-1.248665,-0.126849,-0.567648,-1.498084,-0.184970,-0.614998,-1.703650,-0.227763,-0.246432,-0.969160,-0.061380,-0.360206,-1.409904,-0.112389,-0.421386,-1.682596,-0.185304,-0.476124,-1.923492,-0.245983,-0.103282,-0.969210,-0.097118,-0.172375,-1.398331,-0.170317,-0.211664,-1.662414,-0.268754,-0.248122,-1.888080,-0.336121,0.052408,-0.889164,-0.150247,0.022084,-1.204650,-0.222898,0.007930,-1.418638,-0.294484,-0.010677,-1.617595,-0.347888
FOUR_FINGERS,-0.000000,0.000000,0.000000,-0.236011,-0.144571,-0.095183,-0.383466,-0.481773,-0.132428,-0.276667,-0.792134,-0.174401,-0.128964,-0.898040,-0.220529,-0.370379,-0.890804,-0.025127,-0.468014,-1.269586,-0.099241,-0.519272,-1.520408,-0.154750,-0.555650,-1.727225,-0.195916,-0.227256,-0.973835,-0.050039,-0.336666,-1.409747,-0.100786,-0.393164,-1.682753,-0.173113,-0.440934,-1.930987,-0.232363,-0.088048,-0.964927,-0.097991,-0.158053,-1.396046,-0.173483,-0.196297,-1.658228,-0.272527,-0.230920,-1.890191,-0.338336,0.060048,-0.877839,-0.161085,0.014122,-1.197829,-0.236468,-0.013967,-1.411578,-0.308516,-0.043749,-1.612792,-0.361550
FOUR_FINGERS,-0.000000,0.000000,0.000000,-0.227948,-0.131423,-0.090389,-0.383286,-0.441849,-0.136080,-0.304237,-0.747997,-0.189324,-0.180811,-0.888507,-0.246990,-0.365862,-0.901120,-0.024179,-0.448828,-1.295296,-0.100219,-0.487084,-1.551162,-0.157534,-0.512692,-1.764587,-0.201126,-0.226058,-0.974114,-0.058372,-0.332142,-1.417995,-0.113582,-0.382164,-1.694349,-0.187649,-0.423708,-1.947844,-0.247737,-0.088196,-0.961525,-0.114688,-0.165043,-1.393503,-0.193108,-0.211348,-1.654994,-0.287201,-0.252328,-1.886661,-0.350142,0.061850,-0.875093,-0.185954,0.009511,-1.200588,-0.265172,-0.027748,-1.411653,-0.333711,-0.065087,-1.609217,-0.383563
FOUR_FINGERS,-0.000000,0.000000,0.000000,-0.230292,-0.121964,-0.085717,-0.387360,-0.441596,-0.125067,-0.290970,-0.748108,-0.171523,-0.137007,-0.870318,-0.223064,-0.353839,-0.900234,-0.026528,-0.430028,-1.285950,-0.099840,-0.467766,-1.539393,-0.153848,-0.491684,-1.752654,-0.194656,-0.217141,-0.976140,-0.059094,-0.318608,-1.411538,-0.108927,-0.367247,-1.679613,-0.176046,-0.403308,-1.931575,-0.232191,-0.083945,-0.965188,-0.112439,-0.162199,-1.388323,-0.184757,-0.213359,-1.646257,-0.272010,-0.253450,-1.877005,-0.331575,0.063936,-0.880740,-0.180750,0.011814,-1.198269,-0.252711,-0.024134,-1.405578,-0.316018,-0.054961,-1.601533,-0.362984
FOUR_FINGERS,-0.000000,0.000000,0.000000,-0.230006,-0.124893,-0.077704,-0.385765,-0.451664,-0.109546,-0.285851,-0.758827,-0.149363,-0.127565,-0.869670,-0.194441,-0.343462,-0.900730,-0.010193,-0.416497,-1.284433,-0.077291,-0.455059,-1.537135,-0.128635,-0.482496,-1.749775,-0.167893,-0.205142,-0.978732,-0.043586,-0.302132,-1.417573,-0.087201,-0.350560,-1.689010,-0.153118,-0.389793,-1.941326,-0.208778,-0.071941,-0.968822,-0.097574,-0.153572,-1.387160,-0.165039,-0.210538,-1.645844,-0.251912,-0.257573,-1.875273,-0.311106,0.071382,-0.885840,-0.166213,0.012727,-1.199576,-0.234731,-0.029407,-1.405513,-0.297514,-0.066148,-1.598277,-0.344279
FOUR_FINGERS,-0.000000,0.000000,0.000000,-0.225770,-0.116726,-0.094883,-0.384924,-0.441783,-0.145647,-0.295925,-0.740976,-0.200834,-0.143430,-0.862564,-0.262420,-0.353225,-0.902658,-0.070109,-0.440653,-1.292735,-0.159587,-0.483873,-1.548104,-0.221632,-0.510619,-1.762926,-0.267002,-0.211930,-0.977285,-0.101551,-0.309363,-1.429492,-0.169822,-0.353098,-1.707298,-0.243091,-0.384319,-1.964770,-0.302907,-0.077351,-0.960574,-0.152251,-0.158324,-1.388216,-0.239925,-0.210284,-1.655330,-0.332241,-0.250284,-1.892966,-0.393908,0.062616,-0.869657,-0.217480,-0.001341,-1.183732,-0.300312,-0.045822,-1.395320,-0.368479,-0.082453,-1.594593,-0.418621
FOUR_FINGERS,-0.000000,0.000000,0.000000,-0.238206,-0.112069,-0.100052,-0.403413,-0.439974,-0.142748,-0.303266,-0.745756,-0.188360,-0.133385,-0.854221,-0.238299,-0.363502,-0.889988,-0.048678,-0.464179,-1.272014,-0.127462,-0.518995,-1.521883,-0.182978,-0.556983,-1.729335,-0.222883,-0.214267,-0.976775,-0.070923,-0.312706,-1.421347,-0.123552,-0.362953,-1.694758,-0.189552,-0.400904,-1.942968,-0.244938,-0.076358,-0.967979,-0.114786,-0.153401,-1.386752,-0.189823,-0.207168,-1.652793,-0.278699,-0.250032,-1.881462,-0.338122,0.064936,-0.884737,-0.174932,0.008239,-1.194209,-0.246275,-0.029887,-1.405863,-0.311190,-0.062770,-1.597345,-0.359336
FOUR_FINGERS,-0.000000,0.000000,0.000000,-0.240336,-0.116131,-0.110658,-0.399220,-0.435045,-0.154039,-0.286337,-0.739492,-0.198015,-0.114805,-0.840997,-0.244344,-0.381887,-0.874676,-0.046214,-0.500564,-1.246330,-0.118022,-0.568704,-1.494761,-0.170196,-0.620387,-1.698680,-0.207867,-0.227358,-0.973811,-0.059425,-0.326121,-1.415559,-0.100537,-0.380501,-1.687199,-0.160015,-0.425658,-1.929832,-0.212154,-0.084950,-0.972961,-0.095784,-0.150226,-1.386932,-0.158674,-0.198166,-1.652297,-0.242416,-0.240123,-1.880222,-0.300276,0.063391,-0.892298,-0.149956,0.036882,-1.212131,-0.210152,0.022829,-1.423447,-0.269903,0.006283,-1.614159,-0.315540
FOUR_FINGERS,-0.000000,0.000000,0.000000,-0.241351,-0.115236,-0.121127,-0.398183,-0.430314,-0.172705,-0.297961,-0.737864,-0.223682,-0.148692,-0.855259,-0.277982,-0.396263,-0.872418,-0.065436,-0.515963,-1.251215,-0.144883,-0.584920,-1.503065,-0.203185,-0.638763,-1.710995,-0.245302,-0.245257,-0.969458,-0.076540,-0.340674,-1.420978,-0.126451,-0.392064,-1.694105,-0.193350,-0.436483,-1.933338,-0.250332,-0.100552,-0.969436,-0.110625,-0.161939,-1.394774,-0.180588,-0.202683,-1.658641,-0.271695,-0.239999,-1.885124,-0.334894,0.056195,-0.890534,-0.162602,0.038562,-1.208801,-0.229898,0.030539,-1.422050,-0.295757,0.017211,-1.620592,-0.345787
FOUR_FINGERS,-0.000000,0.000000,0.000000,-0.248551,-0.152088,-0.078951,-0.387734,-0.486687,-0.101447,-0.248578,-0.785520,-0.129853,-0.052168,-0.848803,-0.161234,-0.366588,-0.873436,-0.008021,-0.505699,-1.249093,-0.067156,-0.591853,-1.492465,-0.111434,-0.660375,-1.692736,-0.143797,-0.211634,-0.977349,-0.031580,-0.304473,-1.432936,-0.055184,-0.358341,-1.705357,-0.105990,-0.404088,-1.937896,-0.154024,-0.067213,-0.984620,-0.076512,-0.118668,-1.422224,-0.123261,-0.160733,-1.699639,-0.205013,-0.204698,-1.932548,-0.265006,0.091881,-0.913638,-0.137258,0.094053,-1.246618,-0.185341,0.097657,-1.473398,-0.242370,0.089099,-1.677752,-0.288884
FOUR_FINGERS,-0.000000,0.000000,0.000000,-0.247423,-0.124092,-0.101831,-0.400685,-0.451316,-0.133694,-0.282759,-0.761994,-0.165228,-0.105377,-0.849782,-0.200485,-0.396997,-0.851615,-0.047632,-0.562954,-1.210848,-0.115693,-0.668879,-1.449465,-0.162097,-0.752369,-1.649142,-0.195472,-0.237021,-0.971504,-0.060865,-0.336815,-1.442053,-0.097131,-0.393576,-1.721522,-0.153702,-0.439158,-1.964037,-0.206415,-0.084810,-0.983772,-0.095423,-0.139721,-1.425624,-0.157180,-0.183825,-1.721271,-0.249935,-0.225078,-1.974839,-0.316381,0.082929,-0.913101,-0.145910,0.096674,-1.246768,-0.208225,0.112432,-1.481320,-0.275897,0.119268,-1.698227,-0.328705
FOUR_FINGERS,-0.000000,0.000000,0.000000,-0.228364,-0.120370,-0.120263,-0.372991,-0.431836,-0.159928,-0.282978,-0.744942,-0.198110,-0.144621,-0.856095,-0.239856,-0.391181,-0.847845,-0.048220,-0.561290,-1.193950,-0.116798,-0.664758,-1.427019,-0.166859,-0.745190,-1.622607,-0.204231,-0.238317,-0.971187,-0.056753,-0.343971,-1.432169,-0.097149,-0.404632,-1.711605,-0.162898,-0.454142,-1.950696,-0.222391,-0.087685,-0.983450,-0.089453,-0.146406,-1.417372,-0.158711,-0.196176,-1.708539,-0.262074,-0.243680,-1.957240,-0.335622,0.083154,-0.909676,-0.139140,0.105254,-1.238044,-0.210538,0.124115,-1.467177,-0.286022,0.130626,-1.681862,-0.344021
FOUR_FINGERS,-0.000000,0.000000,0.000000,-0.219937,-0.125152,-0.124449,-0.360319,-0.440062,-0.170916,-0.270494,-0.761945,-0.216444,-0.134608,-0.893642,-0.264213,-0.380293,-0.856143,-0.050772,-0.548855,-1.195321,-0.118469,-0.653456,-1.423416,-0.167605,-0.733016,-1.615375,-0.205873,-0.229937,-0.973206,-0.061806,-0.330885,-1.423533,-0.099815,-0.386847,-1.697994,-0.164373,-0.430422,-1.938129,-0.224980,-0.077386,-0.978636,-0.097711,-0.128887,-1.396616,-0.164784,-0.176821,-1.684223,-0.266713,-0.220793,-1.932817,-0.341382,0.100401,-0.897588,-0.150930,0.135431,-1.221097,-0.220912,0.162419,-1.445561,-0.294420,0.176974,-1.657393,-0.352150
FOUR_FINGERS,-0.000000,0.000000,0.000000,-0.225508,-0.131431,-0.119752,-0.366978,-0.450303,-0.163963,-0.267031,-0.768349,-0.207677,-0.112176,-0.890878,-0.253702,-0.378863,-0.857964,-0.047163,-0.543770,-1.192491,-0.115216,-0.647497,-1.419728,-0.164756,-0.727036,-1.611621,-0.202943,-0.223977,-0.974594,-0.059700,-0.324196,-1.423402,-0.097484,-0.381707,-1.699582,-0.162372,-0.426140,-1.942102,-0.223372,-0.069225,-0.978555,-0.096904,-0.118773,-1.401504,-0.163674,-0.165442,-1.692407,-0.266221,-0.208064,-1.944211,-0.341229,0.108042,-0.895995,-0.151048,0.142159,-1.222885,-0.220018,0.168986,-1.448919,-0.293499,0.184310,-1.661640,-0.351377
FOUR_FINGERS,-0.000000,0.000000,0.000000,-0.228998,-0.129993,-0.123180,-0.369030,-0.452538,-0.166557,-0.257279,-0.770013,-0.208854,-0.091466,-0.890465,-0.253314,-0.377724,-0.859829,-0.044718,-0.537435,-1.192422,-0.111480,-0.638165,-1.419939,-0.160229,-0.714993,-1.613093,-0.197739,-0.221405,-0.975182,-0.054154,-0.323460,-1.418699,-0.089415,-0.380590,-1.691594,-0.152811,-0.424687,-1.933573,-0.212640,-0.067664,-0.979007,-0.088965,-0.122230,-1.397080,-0.154714,-0.171470,-1.683323,-0.256424,-0.215324,-1.933153,-0.330326,0.107169,-0.895693,-0.141239,0.139960,-1.219749,-0.209139,0.169318,-1.441576,-0.281791,0.188401,-1.649974,-0.338619
FOUR_FINGERS,-0.000000,0.000000,0.000000,-0.230787,-0.125008,-0.126207,-0.374819,-0.443544,-0.172571,-0.260197,-0.755907,-0.217252,-0.085718,-0.867122,-0.264834,-0.375615,-0.862442,-0.057558,-0.531232,-1.204452,-0.128783,-0.631683,-1.434784,-0.180072,-0.707836,-1.630444,-0.219152,-0.219409,-0.975633,-0.067082,-0.321194,-1.420977,-0.105258,-0.379340,-1.691145,-0.169093,-0.423712,-1.935140,-0.229577,-0.067248,-0.977901,-0.101554,-0.125202,-1.395080,-0.168783,-0.178547,-1.682003,-0.270598,-0.225365,-1.933636,-0.345286,0.107002,-0.892944,-0.153898,0.139196,-1.216072,-0.222600,0.167393,-1.439719,-0.295817,0.185456,-1.650349,-0.353631
FOUR_FINGERS,-0.000000,0.000000,0.000000,-0.229361,-0.127205,-0.108934,-0.375890,-0.439558,-0.147459,-0.266819,-0.742147,-0.186775,-0.090000,-0.841076,-0.229268,-0.375012,-0.860184,-0.046409,-0.531591,-1.200372,-0.114203,-0.632535,-1.428762,-0.162550,-0.708043,-1.620247,-0.199109,-0.223014,-0.974815,-0.062484,-0.323685,-1.427275,-0.100008,-0.383976,-1.699169,-0.160822,-0.430498,-1.940154,-0.218488,-0.072339,-0.980894,-0.101592,-0.129197,-1.404141,-0.164894,-0.182108,-1.690334,-0.260882,-0.229370,-1.936851,-0.331762,0.103288,-0.902239,-0.157546,0.133352,-1.229012,-0.222113,0.159405,-1.455778,-0.291672,0.175540,-1.666193,-0.347015
FOUR_FINGERS,-0.000000,0.000000,0.000000,-0.231004,-0.123379,-0.113346,-0.377829,-0.436762,-0.155473,-0.267420,-0.744812,-0.197931,-0.091238,-0.851205,-0.243740,-0.379279,-0.861988,-0.052888,-0.529131,-1.215230,-0.122880,-0.624847,-1.451497,-0.173362,-0.695723,-1.649293,-0.211568,-0.225955,-0.974138,-0.068051,-0.326384,-1.425435,-0.106115,-0.384845,-1.696434,-0.167255,-0.428861,-1.937249,-0.225269,-0.075430,-0.979236,-0.106543,-0.133402,-1.404439,-0.170208,-0.185752,-1.690977,-0.266553,-0.231120,-1.935673,-0.338100,0.099515,-0.899853,-0.162271,0.126167,-1.228111,-0.227356,0.150466,-1.456284,-0.297195,0.165419,-1.667467,-0.352979
FOUR_FINGERS,-0.000000,0.000000,0.000000,-0.231241,-0.124363,-0.103572,-0.378590,-0.442059,-0.140748,-0.268962,-0.753516,-0.179997,-0.094468,-0.859174,-0.222560,-0.373874,-0.868166,-0.038889,-0.512641,-1.227909,-0.105151,-0.599488,-1.470453,-0.154190,-0.661343,-1.669066,-0.191852,-0.222471,-0.974939,-0.057552,-0.326353,-1.423232,-0.093383,-0.386200,-1.696426,-0.154859,-0.430852,-1.938266,-0.212493,-0.074751,-0.978398,-0.098718,-0.136399,-1.400400,-0.160458,-0.190218,-1.684583,-0.255878,-0.235616,-1.925861,-0.326232,0.096708,-0.898966,-0.156435,0.118448,-1.225730,-0.219937,0.140139,-1.452373,-0.288506,0.154093,-1.660217,-0.343024
FOUR_FINGERS,-0.000000,0.000000,0.000000,-0.231057,-0.125148,-0.112929,-0.383419,-0.438792,-0.154665,-0.293864,-0.752971,-0.197221,-0.145340,-0.869482,-0.243428,-0.375480,-0.869821,-0.046431,-0.509499,-1.239424,-0.116191,-0.592513,-1.487631,-0.168652,-0.652816,-1.691953,-0.208529,-0.230659,-0.973035,-0.062336,-0.341281,-1.415187,-0.103342,-0.405089,-1.688283,-0.169537,-0.454896,-1.933715,-0.229506,-0.086360,-0.978192,-0.101213,-0.158070,-1.396291,-0.167141,-0.216015,-1.684371,-0.264435,-0.265843,-1.926351,-0.335701,0.085003,-0.903500,-0.157487,0.098095,-1.236205,-0.225898,0.111575,-1.467700,-0.296559,0.116286,-1.675068,-0.351935
FOUR_FINGERS,-0.000000,0.000000,0.000000,-0.225890,-0.135694,-0.119104,-0.373353,-0.459463,-0.162177,-0.277023,-0.778801,-0.204504,-0.130823,-0.902845,-0.250258,-0.375976,-0.875331,-0.046861,-0.503213,-1.253999,-0.117067,-0.578008,-1.504527,-0.169161,-0.630159,-1.705498,-0.208609,-0.235249,-0.971935,-0.058671,-0.355376,-1.414298,-0.101960,-0.422042,-1.688735,-0.170670,-0.477434,-1.934620,-0.230596,-0.092673,-0.974835,-0.094075,-0.175288,-1.398962,-0.163039,-0.232417,-1.686026,-0.263464,-0.284406,-1.929754,-0.335051,0.076446,-0.897966,-0.146863,0.066560,-1.231367,-0.218829,0.068051,-1.460089,-0.291614,0.061811,-1.664697,-0.347300
FOUR_FINGERS,-0.000000,0.000000,0.000000,-0.226528,-0.140629,-0.117199,-0.373642,-0.472075,-0.161350,-0.273164,-0.791933,-0.204614,-0.125845,-0.904362,-0.251204,-0.369530,-0.881182,-0.053258,-0.495340,-1.262245,-0.125227,-0.571572,-1.511838,-0.177034,-0.624646,-1.711254,-0.216055,-0.225191,-0.974315,-0.066154,-0.343947,-1.420877,-0.111564,-0.409701,-1.695920,-0.179926,-0.463229,-1.943129,-0.239151,-0.080769,-0.974558,-0.101807,-0.161377,-1.403164,-0.171937,-0.216603,-1.690060,-0.271210,-0.265236,-1.935198,-0.341355,0.087254,-0.896512,-0.154311,0.076673,-1.231724,-0.225789,0.079037,-1.457950,-0.297311,0.075659,-1.661806,-0.352069
FOUR_FINGERS,-0.000000,0.000000,0.000000,-0.232612,-0.126575,-0.133517,-0.387695,-0.440536,-0.192884,-0.294858,-0.752797,-0.248148,-0.155046,-0.871928,-0.307419,-0.384587,-0.876326,-0.097335,-0.512950,-1.268738,-0.183466,-0.590277,-1.522488,-0.242300,-0.645638,-1.728611,-0.285818,-0.238524,-0.971137,-0.106330,-0.362127,-1.424706,-0.166439,-0.433684,-1.699244,-0.238035,-0.494795,-1.947205,-0.299294,-0.092294,-0.971751,-0.137155,-0.173568,-1.405597,-0.218776,-0.229816,-1.691677,-0.318743,-0.279380,-1.937383,-0.388879,0.076990,-0.892696,-0.185567,0.065502,-1.225173,-0.265766,0.065129,-1.448322,-0.339223,0.059865,-1.650439,-0.394758
FOUR_FINGERS,-0.000000,0.000000,0.000000,-0.239249,-0.133788,-0.122612,-0.396433,-0.456018,-0.172022,-0.282642,-0.768252,-0.219003,-0.112983,-0.862429,-0.269450,-0.387571,-0.871550,-0.078826,-0.511752,-1.260037,-0.157509,-0.585221,-1.513880,-0.210225,-0.637513,-1.718981,-0.249630,-0.240972,-0.970532,-0.091401,-0.368223,-1.414118,-0.141019,-0.440494,-1.685717,-0.204377,-0.502031,-1.934450,-0.260667,-0.096255,-0.972887,-0.125933,-0.181145,-1.399579,-0.199225,-0.236932,-1.679523,-0.292662,-0.288070,-1.921598,-0.358641,0.072974,-0.893972,-0.178140,0.058731,-1.220972,-0.252370,0.058394,-1.442297,-0.321525,0.050946,-1.642706,-0.373786
FOUR_FINGERS,-0.000000,0.000000,0.000000,-0.235929,-0.138973,-0.111927,-0.390080,-0.465561,-0.163357,-0.270925,-0.770447,-0.214445,-0.097162,-0.859905,-0.269643,-0.377887,-0.880432,-0.087721,-0.502275,-1.263239,-0.175839,-0.577459,-1.511457,-0.234077,-0.632957,-1.712349,-0.276096,-0.231905,-0.972738,-0.107264,-0.362500,-1.410459,-0.167305,-0.438593,-1.677629,-0.234003,-0.503243,-1.922838,-0.291414,-0.088561,-0.969036,-0.146998,-0.178967,-1.396912,-0.224515,-0.238869,-1.668576,-0.315065,-0.292529,-1.902403,-0.378796,0.077004,-0.887156,-0.203434,0.048223,-1.210838,-0.277854,0.038007,-1.434576,-0.345095,0.023389,-1.639462,-0.396546
FOUR_FINGERS,-0.000000,0.000000,0.000000,-0.234767,-0.139724,-0.109118,-0.384104,-0.471544,-0.156816,-0.267367,-0.778788,-0.204527,-0.102253,-0.876143,-0.256397,-0.371540,-0.882760,-0.075268,-0.494845,-1.261421,-0.158406,-0.568877,-1.509911,-0.213659,-0.623352,-1.711593,-0.253656,-0.225798,-0.974174,-0.094386,-0.356878,-1.406283,-0.149788,-0.430852,-1.670671,-0.214064,-0.493236,-1.913174,-0.269495,-0.083200,-0.970919,-0.134157,-0.177800,-1.396375,-0.209647,-0.236277,-1.671195,-0.300033,-0.287756,-1.909357,-0.363307,0.078251,-0.888899,-0.190288,0.040938,-1.211136,-0.263445,0.028390,-1.432761,-0.330225,0.013989,-1.635356,-0.381146
FOUR_FINGERS,-0.000000,0.000000,0.000000,-0.235592,-0.140364,-0.104379,-0.387183,-0.471578,-0.151633,-0.272761,-0.778943,-0.199565,-0.112654,-0.875252,-0.252102,-0.372997,-0.883583,-0.076555,-0.493204,-1.263551,-0.161173,-0.562987,-1.512323,-0.217912,-0.615896,-1.715769,-0.259125,-0.226146,-0.974093,-0.098808,-0.354416,-1.405485,-0.156142,-0.425983,-1.669604,-0.222131,-0.487912,-1.910433,-0.279064,-0.083559,-0.969415,-0.140761,-0.174960,-1.395283,-0.217855,-0.234602,-1.666465,-0.308558,-0.288821,-1.899942,-0.372167,0.075679,-0.887034,-0.198375,0.037025,-1.208108,-0.273727,0.018458,-1.427225,-0.341208,-0.003072,-1.626407,-0.392538
FOUR_FINGERS,-0.000000,0.000000,0.000000,-0.233050,-0.126929,-0.116277,-0.386586,-0.449640,-0.168459,-0.282936,-0.764643,-0.220100,-0.129242,-0.884272,-0.275668,-0.377325,-0.881282,-0.073611,-0.492478,-1.258645,-0.156436,-0.562000,-1.504993,-0.214017,-0.614980,-1.707664,-0.255998,-0.230945,-0.972967,-0.090319,-0.356787,-1.402699,-0.145431,-0.427767,-1.665782,-0.213555,-0.488664,-1.906343,-0.271977,-0.087732,-0.968173,-0.128548,-0.178994,-1.388725,-0.203828,-0.237692,-1.658341,-0.296030,-0.289365,-1.888325,-0.360720,0.071923,-0.885584,-0.183809,0.031373,-1.204146,-0.257038,0.014720,-1.420526,-0.324578,-0.002927,-1.616103,-0.376011
FOUR_FINGERS,-0.000000,0.000000,0.000000,-0.230077,-0.131091,-0.115431,-0.387118,-0.454617,-0.166827,-0.286428,-0.773281,-0.218302,-0.131896,-0.891945,-0.273655,-0.377351,-0.879008,-0.069006,-0.497653,-1.262147,-0.152138,-0.567165,-1.513693,-0.210852,-0.617661,-1.720301,-0.254281,-0.229964,-0.973199,-0.087429,-0.359065,-1.410652,-0.143969,-0.429022,-1.678976,-0.215400,-0.487273,-1.925551,-0.276081,-0.085378,-0.972460,-0.127698,-0.175945,-1.394815,-0.204839,-0.234332,-1.666770,-0.300208,-0.284675,-1.901094,-0.366740,0.076488,-0.893908,-0.184901,0.035925,-1.218590,-0.261282,0.017513,-1.438916,-0.331674,-0.001601,-1.640183,-0.384811
FOUR_FINGERS,-0.000000,0.000000,0.000000,-0.227097,-0.131754,-0.130650,-0.380605,-0.446625,-0.194488,-0.281431,-0.766385,-0.256236,-0.135377,-0.897858,-0.321722,-0.367547,-0.884990,-0.092791,-0.484458,-1.268544,-0.184379,-0.553058,-1.520236,-0.248698,-0.603007,-1.728263,-0.295865,-0.217382,-0.976087,-0.107172,-0.340712,-1.417464,-0.173583,-0.407468,-1.687711,-0.249476,-0.463656,-1.935670,-0.312507,-0.070923,-0.969928,-0.143924,-0.155506,-1.395808,-0.228787,-0.212280,-1.666091,-0.325815,-0.261091,-1.897437,-0.392898,0.093814,-0.884914,-0.198558,0.060543,-1.210467,-0.280497,0.044517,-1.428718,-0.352187,0.026237,-1.626935,-0.405854
FOUR_FINGERS,-0.000000,0.000000,0.000000,-0.233369,-0.122538,-0.131392,-0.394822,-0.427131,-0.196971,-0.295245,-0.738744,-0.260560,-0.137932,-0.866409,-0.327631,-0.377701,-0.880384,-0.096053,-0.493733,-1.260911,-0.188713,-0.563850,-1.509721,-0.253197,-0.614831,-1.717295,-0.300116,-0.224232,-0.974536,-0.111243,-0.345534,-1.414644,-0.177276,-0.413792,-1.681780,-0.251726,-0.469880,-1.929755,-0.314139,-0.075309,-0.970307,-0.148892,-0.158883,-1.392935,-0.232835,-0.216184,-1.667352,-0.328610,-0.264170,-1.902626,-0.395471,0.094051,-0.886933,-0.204729,0.063341,-1.212731,-0.284649,0.050110,-1.436221,-0.354896,0.034710,-1.640330,-0.408125
FOUR_FINGERS,-0.000000,0.000000,0.000000,-0.235715,-0.117603,-0.136977,-0.398221,-0.416557,-0.206217,-0.305985,-0.722131,-0.272531,-0.151669,-0.847203,-0.343179,-0.374469,-0.878081,-0.109217,-0.486401,-1.253271,-0.207125,-0.557039,-1.501744,-0.277211,-0.609112,-1.709609,-0.327780,-0.220716,-0.975338,-0.121997,-0.333275,-1.415019,-0.192920,-0.401529,-1.683442,-0.272179,-0.457114,-1.928757,-0.338399,-0.070569,-0.974153,-0.156805,-0.146084,-1.399462,-0.243486,-0.201522,-1.673859,-0.341906,-0.247947,-1.903966,-0.411442,0.099591,-0.892629,-0.210085,0.081053,-1.218059,-0.290599,0.071182,-1.443856,-0.361690,0.058693,-1.649517,-0.416485
FOUR_FINGERS,-0.000000,0.000000,0.000000,-0.232726,-0.120900,-0.146821,-0.396065,-0.411306,-0.226648,-0.312801,-0.711435,-0.302725,-0.171893,-0.844407,-0.383112,-0.361258,-0.886518,-0.126195,-0.472106,-1.269640,-0.231772,-0.540286,-1.518233,-0.307453,-0.590906,-1.727716,-0.361857,-0.206212,-0.978507,-0.138009,-0.314531,-1.419810,-0.217696,-0.377111,-1.685762,-0.301997,-0.430134,-1.930981,-0.370987,-0.056743,-0.973563,-0.172164,-0.129490,-1.395229,-0.264721,-0.183287,-1.665720,-0.364657,-0.230226,-1.893398,-0.435041,0.113761,-0.891402,-0.225518,0.099288,-1.219047,-0.310859,0.089456,-1.445654,-0.383762,0.073429,-1.652327,-0.439702
FOUR_FINGERS,-0.000000,0.000000,0.000000,-0.237744,-0.113285,-0.181844,-0.407338,-0.349109,-0.276264,-0.388094,-0.618948,-0.362192,-0.285317,-0.799545,-0.449343,-0.357232,-0.887784,-0.114900,-0.447184,-1.242756,-0.211501,-0.498042,-1.471132,-0.289256,-0.535953,-1.669661,-0.346076,-0.210540,-0.977585,-0.109558,-0.295271,-1.387102,-0.184460,-0.340856,-1.635564,-0.276998,-0.381711,-1.873528,-0.351017,-0.062008,-0.975199,-0.131628,-0.119951,-1.365768,-0.220637,-0.159218,-1.615762,-0.325332,-0.198971,-1.829135,-0.399613,0.110750,-0.894119,-0.176068,0.108901,-1.211523,-0.259290,0.105980,-1.423576,-0.334259,0.092674,-1.616767,-0.391218
FOUR_FINGERS,-0.000000,0.000000,0.000000,-0.226887,-0.138517,-0.150403,-0.390457,-0.387686,-0.227240,-0.387826,-0.662805,-0.301109,-0.311049,-0.840039,-0.376024,-0.331958,-0.898450,-0.071569,-0.426831,-1.252498,-0.152559,-0.481239,-1.478465,-0.218708,-0.522324,-1.672320,-0.267570,-0.184057,-0.982916,-0.076153,-0.263373,-1.397956,-0.136763,-0.303275,-1.651456,-0.218812,-0.337514,-1.886426,-0.284522,-0.035286,-0.974950,-0.106198,-0.086260,-1.370627,-0.182004,-0.119558,-1.619995,-0.275954,-0.154300,-1.831900,-0.342341,0.134722,-0.890363,-0.156231,0.133848,-1.206109,-0.226912,0.131765,-1.415803,-0.292217,0.119285,-1.610206,-0.342131
FOUR_FINGERS,-0.000000,0.000000,0.000000,-0.236327,-0.122289,-0.167749,-0.414117,-0.361453,-0.254642,-0.428860,-0.640478,-0.334646,-0.353259,-0.835561,-0.415315,-0.353829,-0.888556,-0.102074,-0.450531,-1.243984,-0.191605,-0.501331,-1.473898,-0.262392,-0.538436,-1.671462,-0.313925,-0.204492,-0.978868,-0.101355,-0.285593,-1.391677,-0.170267,-0.324342,-1.642815,-0.255269,-0.359443,-1.875621,-0.323364,-0.052160,-0.974952,-0.126428,-0.101835,-1.366281,-0.209055,-0.133275,-1.618926,-0.305648,-0.169551,-1.828661,-0.374313,0.122759,-0.894130,-0.172533,0.126229,-1.204977,-0.248994,0.123694,-1.417505,-0.317704,0.107019,-1.610333,-0.370003
FOUR_FINGERS,-0.000000,0.000000,0.000000,-0.230544,-0.135629,-0.152978,-0.414022,-0.378673,-0.235906,-0.443949,-0.647422,-0.312768,-0.367322,-0.817662,-0.391688,-0.342655,-0.895393,-0.112428,-0.437939,-1.254312,-0.202864,-0.491160,-1.483895,-0.272393,-0.530705,-1.680693,-0.322753,-0.193148,-0.981170,-0.116622,-0.261744,-1.403056,-0.186510,-0.296740,-1.658486,-0.266350,-0.329430,-1.893034,-0.331418,-0.040873,-0.972238,-0.143183,-0.083126,-1.369747,-0.224194,-0.111220,-1.626455,-0.314159,-0.145051,-1.838338,-0.379029,0.131040,-0.888019,-0.189289,0.145115,-1.201034,-0.261814,0.147770,-1.412874,-0.324905,0.136210,-1.606508,-0.373923
FOUR_FINGERS,-0.000000,0.000000,0.000000,-0.236690,-0.142095,-0.141234,-0.420807,-0.385490,-0.214155,-0.440109,-0.646446,-0.283485,-0.343519,-0.786210,-0.355107,-0.326783,-0.899476,-0.090000,-0.419629,-1.265059,-0.174593,-0.472502,-1.497121,-0.242557,-0.509942,-1.696500,-0.293215,-0.177901,-0.984048,-0.099978,-0.247141,-1.404190,-0.163028,-0.283842,-1.661855,-0.243512,-0.314360,-1.899072,-0.310706,-0.024983,-0.976481,-0.132448,-0.068092,-1.373292,-0.209933,-0.100363,-1.636467,-0.304881,-0.138245,-1.856544,-0.374473,0.151070,-0.893106,-0.183899,0.168618,-1.208842,-0.256665,0.172562,-1.424727,-0.323458,0.162034,-1.620067,-0.375905
FOUR_FINGERS,-0.000000,0.000000,0.000000,-0.242049,-0.119625,-0.133867,-0.432150,-0.350364,-0.206824,-0.471462,-0.613791,-0.276384,-0.399179,-0.778784,-0.349344,-0.345289,-0.891771,-0.101447,-0.442117,-1.260145,-0.188706,-0.496003,-1.493383,-0.255271,-0.533951,-1.691525,-0.304158,-0.195344,-0.980735,-0.115445,-0.267501,-1.408054,-0.184809,-0.304639,-1.663727,-0.262682,-0.336465,-1.895700,-0.326406,-0.040030,-0.973962,-0.149873,-0.089144,-1.374160,-0.232027,-0.124858,-1.637169,-0.321980,-0.166758,-1.854620,-0.386939,0.139646,-0.889906,-0.201740,0.152090,-1.206009,-0.278344,0.155179,-1.425342,-0.343513,0.143305,-1.623141,-0.393617
FOUR_FINGERS,-0.000000,0.000000,0.000000,-0.229092,-0.105750,-0.148182,-0.415489,-0.321400,-0.231257,-0.484944,-0.577148,-0.310321,-0.468157,-0.769012,-0.392578,-0.346845,-0.888669,-0.102144,-0.452977,-1.246840,-0.187647,-0.512326,-1.473795,-0.254895,-0.555087,-1.667998,-0.305029,-0.200674,-0.979658,-0.111215,-0.278183,-1.400113,-0.180018,-0.316757,-1.653672,-0.259482,-0.349234,-1.880754,-0.324257,-0.046503,-0.972616,-0.142710,-0.096995,-1.366704,-0.225803,-0.130106,-1.626000,-0.317325,-0.168567,-1.842975,-0.383081,0.131816,-0.884827,-0.192665,0.143220,-1.199464,-0.271234,0.147078,-1.411497,-0.337061,0.136734,-1.605893,-0.387290
FOUR_FINGERS,-0.000000,0.000000,0.000000,-0.223254,-0.107219,-0.139612,-0.399638,-0.319250,-0.219125,-0.466862,-0.567421,-0.295778,-0.463566,-0.747926,-0.376050,-0.336675,-0.891261,-0.099286,-0.442935,-1.250898,-0.181377,-0.501896,-1.479110,-0.246179,-0.543744,-1.673318,-0.295628,-0.192474,-0.981302,-0.111391,-0.270327,-1.401696,-0.178915,-0.308886,-1.656043,-0.256675,-0.340089,-1.882786,-0.320583,-0.039061,-0.973074,-0.144379,-0.092441,-1.364372,-0.227745,-0.126422,-1.621490,-0.318585,-0.165471,-1.839394,-0.383861,0.140564,-0.881764,-0.194518,0.154618,-1.196396,-0.274657,0.161009,-1.403742,-0.340083,0.153853,-1.593563,-0.389722
FOUR_FINGERS,-0.000000,0.000000,0.000000,-0.225400,-0.104082,-0.146077,-0.403061,-0.311509,-0.224997,-0.474344,-0.561808,-0.299360,-0.473271,-0.744601,-0.376799,-0.336959,-0.887495,-0.095670,-0.448336,-1.251416,-0.172826,-0.508547,-1.481718,-0.234754,-0.551509,-1.678494,-0.282653,-0.191795,-0.981435,-0.101925,-0.271437,-1.406412,-0.163404,-0.310840,-1.662347,-0.239446,-0.342361,-1.887532,-0.302450,-0.037749,-0.975271,-0.129820,-0.088045,-1.372666,-0.209566,-0.120083,-1.631621,-0.302544,-0.157711,-1.851670,-0.369181,0.142064,-0.884171,-0.175162,0.160306,-1.198635,-0.253873,0.168086,-1.405245,-0.321057,0.161658,-1.595141,-0.371562
FOUR_FINGERS,-0.000000,0.000000,0.000000,-0.226575,-0.104739,-0.160129,-0.402473,-0.306773,-0.250192,-0.469033,-0.558313,-0.333715,-0.473984,-0.751747,-0.420697,-0.334984,-0.885071,-0.123507,-0.446649,-1.248646,-0.211431,-0.507100,-1.478282,-0.279333,-0.551050,-1.675946,-0.330642,-0.185702,-0.982606,-0.127156,-0.269367,-1.408742,-0.200729,-0.312322,-1.665459,-0.282750,-0.349594,-1.893798,-0.349620,-0.029124,-0.978759,-0.152646,-0.081651,-1.376581,-0.241729,-0.115884,-1.636367,-0.338203,-0.157072,-1.855420,-0.406995,0.152225,-0.888414,-0.196472,0.168506,-1.205816,-0.282261,0.174835,-1.416063,-0.352887,0.165463,-1.607391,-0.405894
FOUR_FINGERS,-0.000000,0.000000,0.000000,-0.226901,-0.095729,-0.162805,-0.410552,-0.298502,-0.257218,-0.481267,-0.550736,-0.344730,-0.483782,-0.741096,-0.435991,-0.352037,-0.881878,-0.135365,-0.464398,-1.248905,-0.228611,-0.523705,-1.480356,-0.299809,-0.565145,-1.675750,-0.353258,-0.199792,-0.979838,-0.140500,-0.285825,-1.406009,-0.218972,-0.331741,-1.661314,-0.304146,-0.371265,-1.888601,-0.373364,-0.039617,-0.976326,-0.167246,-0.093194,-1.374334,-0.259143,-0.130153,-1.635269,-0.358248,-0.172754,-1.856851,-0.429475,0.146235,-0.887031,-0.212353,0.160808,-1.205496,-0.299861,0.167560,-1.417922,-0.372386,0.158593,-1.613501,-0.427453
FOUR_FINGERS,-0.000000,0.000000,0.000000,-0.222948,-0.094956,-0.166108,-0.400845,-0.299965,-0.256002,-0.473336,-0.550828,-0.338392,-0.481839,-0.736817,-0.423628,-0.344383,-0.885718,-0.117092,-0.455552,-1.253186,-0.200717,-0.517377,-1.482141,-0.266705,-0.562403,-1.674594,-0.316947,-0.196208,-0.980562,-0.116085,-0.276622,-1.407138,-0.183225,-0.320391,-1.659738,-0.263753,-0.357728,-1.882660,-0.329610,-0.040144,-0.975185,-0.138231,-0.092639,-1.369514,-0.221352,-0.126938,-1.626847,-0.318294,-0.167656,-1.847873,-0.387987,0.141214,-0.884925,-0.179446,0.154943,-1.199510,-0.260235,0.162234,-1.406175,-0.330430,0.153823,-1.598013,-0.383733
FOUR_FINGERS,-0.000000,0.000000,0.000000,-0.214344,-0.109505,-0.153229,-0.381382,-0.320251,-0.235036,-0.445068,-0.577031,-0.311066,-0.455196,-0.758772,-0.389363,-0.316443,-0.891425,-0.099085,-0.428516,-1.252043,-0.174525,-0.487827,-1.479294,-0.233760,-0.530513,-1.670011,-0.279839,-0.169009,-0.985615,-0.102067,-0.254475,-1.407009,-0.163363,-0.296177,-1.661715,-0.239154,-0.331296,-1.885171,-0.301301,-0.013209,-0.979076,-0.126936,-0.069147,-1.372922,-0.206227,-0.104647,-1.629056,-0.298196,-0.146569,-1.847237,-0.363526,0.168837,-0.886740,-0.169814,0.182030,-1.206944,-0.248799,0.186883,-1.412903,-0.315614,0.176652,-1.602000,-0.365357
FOUR_FINGERS,-0.000000,0.000000,0.000000,-0.232501,-0.105556,-0.144672,-0.413531,-0.314130,-0.226262,-0.488387,-0.568222,-0.304429,-0.505113,-0.767845,-0.385558,-0.337526,-0.886712,-0.094062,-0.449997,-1.249256,-0.172877,-0.507749,-1.476280,-0.234352,-0.547975,-1.668312,-0.281071,-0.187936,-0.982181,-0.103152,-0.271969,-1.402643,-0.167806,-0.312278,-1.655087,-0.244062,-0.344077,-1.878911,-0.306176,-0.030610,-0.978335,-0.134249,-0.086691,-1.372159,-0.214083,-0.124673,-1.630063,-0.303684,-0.166993,-1.849236,-0.368360,0.153409,-0.890715,-0.182901,0.165008,-1.205599,-0.261318,0.169987,-1.419755,-0.327391,0.159549,-1.617727,-0.377342
FOUR_FINGERS,-0.000000,0.000000,0.000000,-0.233891,-0.107170,-0.141950,-0.415803,-0.310769,-0.224698,-0.500036,-0.558617,-0.304687,-0.528300,-0.753886,-0.387260,-0.336598,-0.888485,-0.092886,-0.448863,-1.253816,-0.169534,-0.506940,-1.481451,-0.229637,-0.547483,-1.672252,-0.275889,-0.186377,-0.982478,-0.102239,-0.270362,-1.405866,-0.163703,-0.311768,-1.661652,-0.238119,-0.343869,-1.886683,-0.299236,-0.028169,-0.977224,-0.132829,-0.083095,-1.372254,-0.208424,-0.115428,-1.626355,-0.294336,-0.152282,-1.843866,-0.356819,0.155571,-0.888166,-0.180660,0.170227,-1.204056,-0.254821,0.176844,-1.414989,-0.316848,0.168887,-1.611441,-0.363942
FOUR_FINGERS,-0.000000,0.000000,0.000000,-0.236783,-0.105773,-0.138677,-0.417865,-0.315625,-0.211217,-0.497907,-0.570022,-0.280819,-0.514800,-0.754808,-0.352194,-0.333923,-0.888306,-0.071789,-0.445157,-1.253666,-0.138809,-0.504396,-1.483714,-0.193808,-0.546317,-1.675202,-0.236641,-0.184239,-0.982881,-0.077360,-0.264188,-1.405632,-0.127910,-0.305679,-1.661813,-0.198329,-0.338480,-1.884162,-0.256673,-0.025924,-0.980086,-0.104732,-0.077589,-1.372181,-0.171957,-0.108598,-1.628646,-0.256941,-0.146160,-1.846215,-0.318716,0.157133,-0.894349,-0.149575,0.174540,-1.206515,-0.216993,0.184173,-1.416001,-0.277346,0.177884,-1.609825,-0.323082
FOUR_FINGERS,-0.000000,0.000000,0.000000,-0.238509,-0.102186,-0.156783,-0.424946,-0.300072,-0.241390,-0.505730,-0.543735,-0.320558,-0.522062,-0.725407,-0.401792,-0.354548,-0.883308,-0.098740,-0.466051,-1.252010,-0.174144,-0.525260,-1.481587,-0.235215,-0.567507,-1.674847,-0.281820,-0.198737,-0.980053,-0.098659,-0.278980,-1.407715,-0.157096,-0.320472,-1.664309,-0.232577,-0.353591,-1.886821,-0.294870,-0.036059,-0.977446,-0.121244,-0.087545,-1.373045,-0.194740,-0.117467,-1.631721,-0.284782,-0.153438,-1.851234,-0.350423,0.150145,-0.891166,-0.162610,0.167997,-1.203358,-0.234746,0.176501,-1.415176,-0.299079,0.169133,-1.612577,-0.348315
FOUR_FINGERS,-0.000000,0.000000,0.000000,-0.235274,-0.102201,-0.150447,-0.410726,-0.309072,-0.223917,-0.480961,-0.557598,-0.292630,-0.490250,-0.732900,-0.362730,-0.331013,-0.887873,-0.070170,-0.441817,-1.256353,-0.134772,-0.503959,-1.482877,-0.188767,-0.551136,-1.675667,-0.230233,-0.172536,-0.985003,-0.067392,-0.245964,-1.415813,-0.113711,-0.287374,-1.673708,-0.182216,-0.322371,-1.896517,-0.239054,-0.010870,-0.981593,-0.088409,-0.055916,-1.380932,-0.152823,-0.085955,-1.640145,-0.237572,-0.124765,-1.859925,-0.298644,0.170682,-0.896319,-0.128434,0.192918,-1.209640,-0.192760,0.202224,-1.419637,-0.252480,0.192251,-1.615875,-0.297879
FOUR_FINGERS,-0.000000,0.000000,0.000000,-0.229463,-0.098213,-0.152897,-0.412866,-0.305880,-0.236356,-0.486985,-0.550439,-0.314124,-0.502601,-0.717471,-0.395385,-0.343583,-0.885308,-0.112376,-0.460301,-1.252353,-0.195585,-0.523827,-1.480452,-0.259595,-0.568081,-1.673556,-0.307291,-0.182184,-0.983265,-0.116185,-0.264781,-1.416315,-0.184368,-0.308196,-1.677088,-0.263001,-0.343249,-1.904987,-0.327276,-0.017786,-0.977563,-0.141807,-0.068243,-1.379882,-0.225176,-0.101557,-1.649001,-0.320190,-0.141408,-1.877939,-0.387859,0.169266,-0.888804,-0.185191,0.187263,-1.208141,-0.265256,0.197594,-1.425019,-0.334142,0.189166,-1.627341,-0.386415
FOUR_FINGERS,-0.000000,0.000000,0.000000,-0.234810,-0.089977,-0.164954,-0.415613,-0.291937,-0.254794,-0.494899,-0.536107,-0.338143,-0.536429,-0.705398,-0.424768,-0.364529,-0.878454,-0.118444,-0.490349,-1.252836,-0.203429,-0.557878,-1.483755,-0.269941,-0.607247,-1.681876,-0.319797,-0.200743,-0.979644,-0.117569,-0.285740,-1.416987,-0.186159,-0.326339,-1.676959,-0.266853,-0.358936,-1.903729,-0.332808,-0.034421,-0.977924,-0.139953,-0.091309,-1.379201,-0.224449,-0.124641,-1.645521,-0.321425,-0.164298,-1.875254,-0.390855,0.154730,-0.893533,-0.181127,0.172258,-1.213765,-0.262969,0.182468,-1.429715,-0.333310,0.173285,-1.634815,-0.386855
FOUR_FINGERS,-0.000000,0.000000,0.000000,-0.217320,-0.096864,-0.172350,-0.391002,-0.302678,-0.267572,-0.462883,-0.538819,-0.356657,-0.494458,-0.690276,-0.449207,-0.351364,-0.883885,-0.120705,-0.474513,-1.256145,-0.211190,-0.543949,-1.483269,-0.284480,-0.593801,-1.676347,-0.339320,-0.186742,-0.982409,-0.120645,-0.264649,-1.424374,-0.193606,-0.303363,-1.686250,-0.282473,-0.335461,-1.913766,-0.354877,-0.019569,-0.978538,-0.145570,-0.072570,-1.380592,-0.233410,-0.107993,-1.648557,-0.337765,-0.150274,-1.878148,-0.413000,0.171451,-0.893741,-0.190324,0.189756,-1.217302,-0.274219,0.200949,-1.433761,-0.348586,0.192170,-1.640005,-0.406500
FOUR_FINGERS,-0.000000,0.000000,0.000000,-0.227464,-0.086765,-0.176151,-0.413252,-0.290563,-0.275290,-0.494829,-0.533072,-0.367376,-0.536647,-0.699917,-0.464216,-0.377298,-0.871346,-0.137264,-0.504594,-1.237394,-0.235087,-0.573323,-1.469784,-0.312221,-0.622576,-1.670097,-0.369872,-0.215927,-0.976410,-0.139270,-0.305558,-1.418755,-0.221949,-0.348182,-1.686830,-0.316477,-0.383398,-1.922419,-0.393119,-0.049404,-0.977607,-0.165640,-0.106813,-1.384396,-0.263816,-0.143780,-1.657244,-0.373791,-0.187852,-1.891362,-0.452406,0.144214,-0.896643,-0.211400,0.160492,-1.223723,-0.305775,0.171152,-1.442296,-0.385577,0.161191,-1.648825,-0.446515
FOUR_FINGERS,-0.000000,0.000000,0.000000,-0.224244,-0.090097,-0.160201,-0.398102,-0.288036,-0.247653,-0.472642,-0.521436,-0.331032,-0.501710,-0.675317,-0.417404,-0.363617,-0.879296,-0.098713,-0.483013,-1.257478,-0.178700,-0.548821,-1.486663,-0.245648,-0.597243,-1.678778,-0.296864,-0.203499,-0.979075,-0.101073,-0.278736,-1.422645,-0.162889,-0.318654,-1.686512,-0.244690,-0.352481,-1.911131,-0.312541,-0.037558,-0.978363,-0.127734,-0.088104,-1.381765,-0.204474,-0.122543,-1.647166,-0.301149,-0.165620,-1.871990,-0.372347,0.153139,-0.896869,-0.173913,0.171751,-1.219094,-0.249228,0.182453,-1.432752,-0.317420,0.172793,-1.633441,-0.371071
FOUR_FINGERS,-0.000000,0.000000,0.000000,-0.222726,-0.092999,-0.167445,-0.403972,-0.292836,-0.261190,-0.478448,-0.530704,-0.349179,-0.502620,-0.684011,-0.440901,-0.369265,-0.876437,-0.121573,-0.489907,-1.254757,-0.210773,-0.555210,-1.488606,-0.282959,-0.601094,-1.686022,-0.337491,-0.209090,-0.977896,-0.124301,-0.293381,-1.419634,-0.195826,-0.334031,-1.683840,-0.283213,-0.366621,-1.911350,-0.355038,-0.044117,-0.979015,-0.150920,-0.098563,-1.385503,-0.237033,-0.131754,-1.656571,-0.341120,-0.172245,-1.885953,-0.416888,0.147402,-0.899195,-0.196907,0.161663,-1.226383,-0.280245,0.172710,-1.445333,-0.354642,0.164002,-1.649286,-0.412698
FOUR_FINGERS,-0.000000,0.000000,0.000000,-0.227126,-0.102776,-0.165981,-0.401970,-0.305552,-0.253149,-0.461348,-0.539148,-0.335257,-0.461379,-0.686958,-0.419559,-0.359578,-0.884490,-0.091955,-0.467670,-1.260229,-0.170291,-0.527789,-1.487610,-0.237547,-0.569639,-1.678279,-0.288859,-0.198108,-0.980180,-0.090900,-0.272185,-1.418961,-0.149772,-0.310081,-1.680022,-0.233795,-0.340600,-1.904701,-0.303106,-0.032021,-0.978381,-0.115508,-0.082364,-1.379679,-0.190205,-0.117400,-1.643514,-0.290786,-0.160576,-1.869555,-0.364653,0.160523,-0.897244,-0.160389,0.176398,-1.217551,-0.233400,0.185774,-1.431005,-0.303467,0.175016,-1.633107,-0.358875
FOUR_FINGERS,-0.000000,0.000000,0.000000,-0.229597,-0.109190,-0.145490,-0.413420,-0.315920,-0.223886,-0.469589,-0.561388,-0.297696,-0.440887,-0.720434,-0.373774,-0.354500,-0.883706,-0.098667,-0.462873,-1.260940,-0.176818,-0.520304,-1.491850,-0.238087,-0.558799,-1.686111,-0.284214,-0.192294,-0.981337,-0.104857,-0.271500,-1.418104,-0.164299,-0.310016,-1.680071,-0.237523,-0.340802,-1.907489,-0.298885,-0.026745,-0.980060,-0.132845,-0.074631,-1.384648,-0.206794,-0.107866,-1.655831,-0.295439,-0.148663,-1.881374,-0.360474,0.162471,-0.899754,-0.179129,0.181240,-1.221578,-0.249967,0.192276,-1.440292,-0.312602,0.183722,-1.641483,-0.361606
FOUR_FINGERS,-0.000000,0.000000,0.000000,-0.232538,-0.112357,-0.134666,-0.412030,-0.329554,-0.205570,-0.462464,-0.577383,-0.274008,-0.430245,-0.724084,-0.345324,-0.346400,-0.884527,-0.085679,-0.455247,-1.263246,-0.161268,-0.516679,-1.499114,-0.222120,-0.560302,-1.697817,-0.268466,-0.186395,-0.982475,-0.096007,-0.266915,-1.418665,-0.152122,-0.306386,-1.683562,-0.225925,-0.338101,-1.912851,-0.288475,-0.021920,-0.982427,-0.127469,-0.074635,-1.384992,-0.198359,-0.109752,-1.655337,-0.287814,-0.153008,-1.880207,-0.354216,0.167097,-0.903784,-0.176555,0.185876,-1.226708,-0.245599,0.196075,-1.446526,-0.308829,0.186418,-1.648494,-0.358783
FOUR_FINGERS,-0.000000,0.000000,0.000000,-0.231907,-0.109558,-0.144982,-0.415886,-0.324196,-0.221762,-0.467830,-0.573845,-0.293824,-0.427198,-0.723522,-0.368661,-0.353098,-0.879402,-0.103569,-0.463803,-1.255420,-0.184668,-0.526470,-1.490719,-0.248086,-0.571664,-1.689121,-0.295850,-0.193114,-0.981176,-0.110820,-0.274247,-1.421357,-0.172163,-0.315178,-1.688584,-0.248829,-0.349186,-1.921375,-0.313600,-0.028093,-0.982455,-0.139450,-0.081440,-1.386522,-0.214314,-0.117119,-1.659172,-0.306518,-0.161572,-1.887662,-0.374962,0.162210,-0.903170,-0.186299,0.178946,-1.227327,-0.258725,0.188822,-1.449399,-0.324597,0.178718,-1.653288,-0.376508
FOUR_FINGERS,-0.000000,0.000000,0.000000,-0.225612,-0.116005,-0.149655,-0.406277,-0.326568,-0.232945,-0.453440,-0.573788,-0.311416,-0.410811,-0.726400,-0.392556,-0.344254,-0.884758,-0.112380,-0.453197,-1.264789,-0.197364,-0.513758,-1.500933,-0.263737,-0.556569,-1.700462,-0.313833,-0.181590,-0.983374,-0.120337,-0.259542,-1.423716,-0.185460,-0.297623,-1.688805,-0.263908,-0.328652,-1.919247,-0.330054,-0.015509,-0.981088,-0.149991,-0.066737,-1.386364,-0.228316,-0.103221,-1.659935,-0.322327,-0.147910,-1.887394,-0.392218,0.175747,-0.897874,-0.198195,0.195100,-1.223787,-0.273005,0.205865,-1.446878,-0.340122,0.195603,-1.651613,-0.393420
FOUR_FINGERS,-0.000000,0.000000,0.000000,-0.229875,-0.102167,-0.151815,-0.410481,-0.315830,-0.232173,-0.460220,-0.568931,-0.307147,-0.431110,-0.730710,-0.385261,-0.357396,-0.874770,-0.110394,-0.466579,-1.241786,-0.194621,-0.527784,-1.474945,-0.259673,-0.572643,-1.674133,-0.308243,-0.196844,-0.980435,-0.115831,-0.282465,-1.415110,-0.181153,-0.327341,-1.680323,-0.259010,-0.366296,-1.914107,-0.324337,-0.031193,-0.983607,-0.143458,-0.085512,-1.386943,-0.222045,-0.122757,-1.658436,-0.314552,-0.168364,-1.886301,-0.382869,0.161197,-0.903704,-0.189877,0.177406,-1.226344,-0.266099,0.188163,-1.448872,-0.333276,0.178041,-1.654703,-0.385740
FOUR_FINGERS,-0.000000,0.000000,0.000000,-0.233944,-0.113818,-0.135585,-0.411696,-0.338112,-0.204514,-0.456539,-0.593694,-0.271451,-0.419313,-0.739241,-0.341084,-0.349055,-0.881307,-0.078283,-0.457557,-1.259654,-0.153527,-0.518996,-1.496739,-0.214423,-0.562394,-1.696088,-0.261227,-0.190473,-0.981692,-0.089830,-0.273129,-1.421243,-0.146335,-0.313397,-1.688303,-0.223216,-0.345846,-1.921458,-0.288008,-0.025545,-0.983580,-0.123633,-0.083224,-1.386244,-0.196605,-0.120969,-1.659201,-0.291215,-0.166649,-1.889345,-0.360963,0.167045,-0.906055,-0.175175,0.185078,-1.231068,-0.246881,0.197303,-1.453045,-0.314202,0.189003,-1.659664,-0.367119
FOUR_FINGERS,-0.000000,0.000000,0.000000,-0.227966,-0.113349,-0.162068,-0.403768,-0.328562,-0.245252,-0.444806,-0.575224,-0.322218,-0.401356,-0.726606,-0.400917,-0.348852,-0.881782,-0.100860,-0.457210,-1.242793,-0.182476,-0.520343,-1.470930,-0.249184,-0.566133,-1.666244,-0.299679,-0.191798,-0.981434,-0.101807,-0.278518,-1.405726,-0.162906,-0.324053,-1.667793,-0.245081,-0.361616,-1.900810,-0.314416,-0.028887,-0.981682,-0.127304,-0.084897,-1.378392,-0.203376,-0.123686,-1.645321,-0.302001,-0.169164,-1.870933,-0.375284,0.161427,-0.900892,-0.172956,0.176845,-1.224234,-0.247129,0.186066,-1.443611,-0.317280,0.175227,-1.646702,-0.372880
FOUR_FINGERS,-0.000000,0.000000,0.000000,-0.232681,-0.119577,-0.157585,-0.417854,-0.342692,-0.235079,-0.447284,-0.595992,-0.306424,-0.371211,-0.735471,-0.379037,-0.351507,-0.882438,-0.093111,-0.457347,-1.243078,-0.173938,-0.517775,-1.474282,-0.240702,-0.562002,-1.671741,-0.291260,-0.195168,-0.980770,-0.095191,-0.280197,-1.402749,-0.154030,-0.323994,-1.664025,-0.236140,-0.360380,-1.900232,-0.305653,-0.033383,-0.981972,-0.121818,-0.089191,-1.376804,-0.196679,-0.128297,-1.641409,-0.295935,-0.173863,-1.863334,-0.369523,0.156147,-0.904705,-0.168658,0.170930,-1.224407,-0.242156,0.177587,-1.445153,-0.313207,0.165303,-1.648018,-0.369299
FOUR_FINGERS,-0.000000,0.000000,0.000000,-0.236147,-0.131719,-0.136245,-0.429781,-0.363005,-0.207001,-0.462318,-0.622994,-0.273531,-0.370510,-0.761327,-0.341310,-0.350520,-0.891259,-0.089136,-0.447090,-1.260217,-0.167288,-0.498277,-1.492914,-0.228151,-0.532935,-1.687489,-0.274536,-0.195416,-0.980720,-0.099863,-0.278338,-1.399564,-0.157728,-0.321485,-1.655559,-0.232212,-0.357167,-1.889390,-0.295031,-0.033162,-0.976252,-0.131637,-0.087424,-1.374100,-0.205757,-0.126353,-1.636518,-0.296283,-0.169578,-1.857934,-0.362382,0.157548,-0.896779,-0.181197,0.168936,-1.215705,-0.251892,0.171377,-1.431600,-0.315855,0.159601,-1.630700,-0.365641
FOUR_FINGERS,-0.000000,0.000000,0.000000,-0.230253,-0.144056,-0.132897,-0.408364,-0.393642,-0.195787,-0.415123,-0.666072,-0.255698,-0.317170,-0.795606,-0.316977,-0.321789,-0.896390,-0.070006,-0.414629,-1.260073,-0.142534,-0.465605,-1.493937,-0.200680,-0.502340,-1.692233,-0.245309,-0.167736,-0.985832,-0.079769,-0.250655,-1.396457,-0.130608,-0.295863,-1.647314,-0.202648,-0.334832,-1.877976,-0.263538,-0.011191,-0.981829,-0.111410,-0.063445,-1.374462,-0.179815,-0.102904,-1.629412,-0.268653,-0.145790,-1.845210,-0.333423,0.172394,-0.902556,-0.161320,0.186441,-1.214702,-0.228307,0.188230,-1.425293,-0.291308,0.175547,-1.620151,-0.340135
FOUR_FINGERS,-0.000000,0.000000,0.000000,-0.221063,-0.128289,-0.159323,-0.395805,-0.385015,-0.236505,-0.397047,-0.672171,-0.306428,-0.314348,-0.843344,-0.377561,-0.320432,-0.895716,-0.096991,-0.415436,-1.249542,-0.182364,-0.470529,-1.478917,-0.247553,-0.513768,-1.677616,-0.295296,-0.168962,-0.985623,-0.097086,-0.259472,-1.394810,-0.162477,-0.308527,-1.647161,-0.242902,-0.352271,-1.884916,-0.307829,-0.014318,-0.979104,-0.121527,-0.069746,-1.374416,-0.202334,-0.108920,-1.634280,-0.296771,-0.150662,-1.853470,-0.363179,0.165876,-0.896574,-0.166042,0.169512,-1.217373,-0.243127,0.167345,-1.438947,-0.312179,0.151657,-1.645089,-0.364062
FOUR_FINGERS,-0.000000,0.000000,0.000000,-0.219482,-0.122718,-0.165189,-0.391973,-0.381463,-0.243451,-0.388798,-0.670712,-0.313622,-0.296673,-0.838174,-0.385107,-0.318068,-0.896864,-0.099675,-0.414552,-1.254617,-0.186726,-0.469819,-1.487850,-0.254310,-0.512475,-1.689865,-0.303969,-0.165930,-0.986138,-0.097842,-0.252561,-1.395888,-0.162304,-0.297515,-1.646332,-0.244516,-0.338294,-1.885429,-0.311645,-0.011866,-0.980782,-0.121417,-0.068497,-1.371741,-0.203383,-0.106590,-1.633646,-0.301932,-0.148014,-1.855337,-0.371732,0.166997,-0.901126,-0.165670,0.172001,-1.219090,-0.244375,0.173459,-1.440190,-0.315959,0.160724,-1.645160,-0.370159
FOUR_FINGERS,-0.000000,0.000000,0.000000,-0.216874,-0.129248,-0.162324,-0.387788,-0.394982,-0.237773,-0.378139,-0.689316,-0.304974,-0.275498,-0.852101,-0.373037,-0.307455,-0.899504,-0.097073,-0.402322,-1.255726,-0.182229,-0.456977,-1.488831,-0.247653,-0.499321,-1.691249,-0.295912,-0.156341,-0.987703,-0.095623,-0.241675,-1.394459,-0.158157,-0.286042,-1.643127,-0.237704,-0.326031,-1.882181,-0.302819,-0.003941,-0.980352,-0.119288,-0.059342,-1.367824,-0.200024,-0.097480,-1.627282,-0.296468,-0.138351,-1.846765,-0.364328,0.173425,-0.898488,-0.163442,0.178940,-1.213756,-0.241122,0.180558,-1.434080,-0.311468,0.168673,-1.637364,-0.364388
FOUR_FINGERS,-0.000000,0.000000,0.000000,-0.216860,-0.126901,-0.157422,-0.386981,-0.396961,-0.230170,-0.382668,-0.695658,-0.295712,-0.284850,-0.862741,-0.362219,-0.308202,-0.896090,-0.091083,-0.403719,-1.249088,-0.174210,-0.458374,-1.482168,-0.237667,-0.500548,-1.685466,-0.285073,-0.160474,-0.987040,-0.092462,-0.248762,-1.393230,-0.153502,-0.295264,-1.644397,-0.232061,-0.337127,-1.887280,-0.297250,-0.009133,-0.981070,-0.118733,-0.065882,-1.368741,-0.198955,-0.105360,-1.628728,-0.294472,-0.148331,-1.849689,-0.362090,0.167987,-0.898928,-0.165008,0.177086,-1.215146,-0.242990,0.180838,-1.434355,-0.312837,0.170359,-1.637590,-0.365330
FOUR_FINGERS,-0.000000,0.000000,0.000000,-0.212569,-0.134671,-0.153847,-0.378274,-0.408155,-0.223633,-0.366401,-0.706841,-0.286390,-0.262071,-0.867100,-0.349873,-0.296795,-0.900785,-0.086805,-0.391700,-1.252561,-0.168519,-0.447834,-1.483493,-0.230166,-0.491879,-1.684187,-0.275875,-0.148393,-0.988929,-0.088728,-0.235043,-1.394658,-0.148021,-0.281426,-1.644663,-0.223926,-0.323697,-1.886097,-0.286767,0.002400,-0.979469,-0.115446,-0.053304,-1.367234,-0.193837,-0.091635,-1.626743,-0.286692,-0.133602,-1.847042,-0.352107,0.178688,-0.894179,-0.162094,0.185081,-1.208469,-0.237978,0.188036,-1.427140,-0.305987,0.177446,-1.629566,-0.357063
FOUR_FINGERS,-0.000000,0.000000,0.000000,-0.227789,-0.131527,-0.154782,-0.395997,-0.408387,-0.225697,-0.366323,-0.705878,-0.290643,-0.253592,-0.860789,-0.356197,-0.312038,-0.898622,-0.083989,-0.406924,-1.251757,-0.167962,-0.464867,-1.480972,-0.230640,-0.510884,-1.681090,-0.276474,-0.160577,-0.987023,-0.086792,-0.249725,-1.397512,-0.148478,-0.298675,-1.650091,-0.227081,-0.342951,-1.891732,-0.291356,-0.008138,-0.977648,-0.115086,-0.064435,-1.370643,-0.195608,-0.101729,-1.629270,-0.290300,-0.142969,-1.846409,-0.356246,0.170595,-0.891717,-0.163651,0.179571,-1.208972,-0.241657,0.182363,-1.429630,-0.311103,0.170396,-1.632955,-0.362537
FOUR_FINGERS,-0.000000,0.000000,0.000000,-0.214063,-0.140367,-0.151709,-0.377141,-0.418437,-0.217342,-0.354222,-0.718041,-0.276843,-0.245294,-0.874650,-0.336736,-0.293804,-0.902046,-0.070346,-0.389508,-1.253330,-0.147765,-0.447593,-1.483111,-0.208667,-0.494649,-1.684220,-0.253851,-0.144498,-0.989505,-0.071190,-0.232516,-1.392406,-0.125449,-0.279867,-1.640171,-0.202188,-0.323239,-1.878767,-0.265352,0.004313,-0.981754,-0.097581,-0.049758,-1.366843,-0.171603,-0.087478,-1.623279,-0.265521,-0.129285,-1.839983,-0.331501,0.177554,-0.899774,-0.144186,0.184552,-1.214794,-0.217122,0.185344,-1.433511,-0.285299,0.171350,-1.634420,-0.336405
FOUR_FINGERS,-0.000000,0.000000,0.000000,-0.226111,-0.127245,-0.164239,-0.396393,-0.397637,-0.240959,-0.371453,-0.691052,-0.309822,-0.260191,-0.850729,-0.379264,-0.313396,-0.898864,-0.099981,-0.409702,-1.249289,-0.188711,-0.468061,-1.476505,-0.254438,-0.515131,-1.676735,-0.301977,-0.162719,-0.986672,-0.098888,-0.252198,-1.393517,-0.164936,-0.302253,-1.641253,-0.244759,-0.348408,-1.880249,-0.309664,-0.011628,-0.976160,-0.123509,-0.068160,-1.365023,-0.207556,-0.106048,-1.620003,-0.302273,-0.148176,-1.834159,-0.368010,0.163451,-0.888169,-0.169044,0.173294,-1.201084,-0.249520,0.174860,-1.419383,-0.319245,0.161318,-1.620288,-0.370564
FOUR_FINGERS,-0.000000,0.000000,0.000000,-0.212788,-0.134720,-0.153361,-0.379584,-0.407119,-0.220665,-0.366120,-0.706908,-0.281624,-0.261967,-0.869129,-0.342960,-0.301276,-0.900562,-0.072097,-0.398480,-1.251381,-0.150302,-0.457953,-1.479937,-0.211621,-0.504647,-1.677881,-0.257202,-0.153760,-0.988108,-0.073553,-0.243281,-1.390171,-0.128515,-0.291748,-1.637107,-0.205810,-0.335173,-1.875491,-0.269542,-0.004980,-0.980090,-0.100821,-0.058710,-1.364995,-0.175369,-0.096237,-1.621470,-0.269750,-0.137388,-1.838294,-0.336389,0.169629,-0.898703,-0.148411,0.176724,-1.213076,-0.221853,0.179976,-1.430302,-0.290355,0.168320,-1.630006,-0.341808
FOUR_FINGERS,-0.000000,0.000000,0.000000,-0.225847,-0.127764,-0.150455,-0.399680,-0.400553,-0.219223,-0.381049,-0.700783,-0.282309,-0.267213,-0.859264,-0.346078,-0.316884,-0.899694,-0.080829,-0.412630,-1.248394,-0.164779,-0.470552,-1.474925,-0.227247,-0.515190,-1.670463,-0.272715,-0.166794,-0.985992,-0.086343,-0.254451,-1.391413,-0.147902,-0.301010,-1.639210,-0.224808,-0.342574,-1.877351,-0.287676,-0.014629,-0.974552,-0.117309,-0.070976,-1.362865,-0.198503,-0.107382,-1.622151,-0.291634,-0.147336,-1.839603,-0.356313,0.162807,-0.888117,-0.168335,0.170204,-1.202695,-0.246482,0.174125,-1.420926,-0.314610,0.164042,-1.621351,-0.364931
FOUR_FINGERS,-0.000000,0.000000,0.000000,-0.224562,-0.132454,-0.164305,-0.397666,-0.405303,-0.236996,-0.379146,-0.709759,-0.301128,-0.271131,-0.879157,-0.365598,-0.306815,-0.900382,-0.086119,-0.402932,-1.256692,-0.169499,-0.462527,-1.488760,-0.233595,-0.510129,-1.690245,-0.280681,-0.158310,-0.987389,-0.083180,-0.248292,-1.399983,-0.143653,-0.296484,-1.653682,-0.224669,-0.340757,-1.897532,-0.290568,-0.007805,-0.979728,-0.106686,-0.064624,-1.373479,-0.187212,-0.101714,-1.637257,-0.285894,-0.143268,-1.857952,-0.354563,0.168401,-0.898277,-0.151019,0.175250,-1.218286,-0.229802,0.175692,-1.441292,-0.301713,0.161090,-1.644402,-0.354995
FOUR_FINGERS,-0.000000,0.000000,0.000000,-0.224460,-0.127478,-0.161752,-0.399020,-0.396210,-0.233472,-0.383930,-0.699091,-0.297286,-0.272039,-0.871577,-0.361037,-0.316287,-0.899288,-0.080649,-0.411504,-1.249566,-0.162030,-0.468100,-1.477917,-0.224556,-0.512768,-1.676494,-0.270309,-0.166961,-0.985964,-0.078504,-0.253574,-1.391459,-0.136549,-0.298598,-1.639256,-0.214457,-0.339889,-1.877251,-0.277878,-0.015244,-0.977269,-0.102982,-0.071071,-1.364389,-0.182043,-0.107866,-1.623464,-0.277542,-0.148730,-1.841799,-0.343633,0.160999,-0.894380,-0.148323,0.167690,-1.208461,-0.225221,0.168721,-1.426865,-0.294536,0.156007,-1.627553,-0.345544
FOUR_FINGERS,-0.000000,0.000000,0.000000,-0.224256,-0.131723,-0.165375,-0.398397,-0.404076,-0.239909,-0.380255,-0.707938,-0.305834,-0.273259,-0.880151,-0.372186,-0.311793,-0.898964,-0.090053,-0.406566,-1.258198,-0.174383,-0.463299,-1.492228,-0.239194,-0.507302,-1.694896,-0.287059,-0.161782,-0.986827,-0.087093,-0.252120,-1.400362,-0.149018,-0.299558,-1.655350,-0.231155,-0.342239,-1.900574,-0.298004,-0.009980,-0.980048,-0.110309,-0.066819,-1.375280,-0.191989,-0.104737,-1.639000,-0.291591,-0.145996,-1.860327,-0.361039,0.167966,-0.899220,-0.154299,0.175333,-1.220208,-0.234305,0.176089,-1.444282,-0.307211,0.162317,-1.649705,-0.361265
FOUR_FINGERS,-0.000000,0.000000,0.000000,-0.218357,-0.120578,-0.161408,-0.391010,-0.393215,-0.233434,-0.382500,-0.699869,-0.296888,-0.280090,-0.869644,-0.360794,-0.313864,-0.895916,-0.090338,-0.410077,-1.249513,-0.172908,-0.465799,-1.482038,-0.235148,-0.508617,-1.681774,-0.280745,-0.163390,-0.986561,-0.088130,-0.249186,-1.395540,-0.147701,-0.293613,-1.647777,-0.224956,-0.334561,-1.888865,-0.288391,-0.010104,-0.979357,-0.111478,-0.064752,-1.369408,-0.190673,-0.101770,-1.632029,-0.285305,-0.143167,-1.852311,-0.351404,0.167566,-0.898173,-0.155392,0.175586,-1.216995,-0.232428,0.177886,-1.438672,-0.301779,0.165184,-1.643016,-0.353295
FOUR_FINGERS,-0.000000,0.000000,0.000000,-0.217037,-0.120997,-0.160985,-0.391880,-0.387273,-0.234252,-0.389979,-0.690312,-0.298920,-0.290786,-0.863078,-0.364002,-0.316368,-0.894212,-0.093255,-0.414167,-1.249565,-0.176458,-0.471346,-1.482863,-0.239291,-0.515697,-1.684021,-0.285528,-0.165910,-0.986141,-0.091976,-0.253101,-1.395331,-0.152408,-0.298749,-1.647710,-0.229818,-0.340662,-1.889408,-0.293628,-0.012805,-0.979945,-0.115950,-0.068095,-1.369871,-0.195379,-0.105284,-1.632285,-0.289718,-0.147273,-1.852284,-0.356082,0.165556,-0.899964,-0.160391,0.172695,-1.217517,-0.237596,0.175194,-1.439717,-0.306991,0.161902,-1.644062,-0.358856
FOUR_FINGERS,-0.000000,0.000000,0.000000,-0.219917,-0.122971,-0.158359,-0.398234,-0.392357,-0.231971,-0.396484,-0.697228,-0.297043,-0.290479,-0.869716,-0.362974,-0.319807,-0.895497,-0.099766,-0.419008,-1.249442,-0.187661,-0.475813,-1.484213,-0.252778,-0.518476,-1.685808,-0.300316,-0.169267,-0.985570,-0.101437,-0.256333,-1.399571,-0.167794,-0.300175,-1.654506,-0.247084,-0.340943,-1.898797,-0.311820,-0.015008,-0.978541,-0.127836,-0.072191,-1.372004,-0.212846,-0.109946,-1.638817,-0.308481,-0.152876,-1.862669,-0.375149,0.164617,-0.899069,-0.174271,0.172238,-1.219394,-0.255434,0.174800,-1.442793,-0.325807,0.161544,-1.647865,-0.378119
FOUR_FINGERS,-0.000000,0.000000,0.000000,-0.224927,-0.123218,-0.152814,-0.407695,-0.391188,-0.222704,-0.410687,-0.700831,-0.284370,-0.304315,-0.874518,-0.346486,-0.327466,-0.895079,-0.094327,-0.428176,-1.254407,-0.179237,-0.486682,-1.488886,-0.240853,-0.530696,-1.688246,-0.285945,-0.178006,-0.984030,-0.097988,-0.267335,-1.402254,-0.161529,-0.313798,-1.657449,-0.237715,-0.356354,-1.899840,-0.300106,-0.022505,-0.974893,-0.125911,-0.080723,-1.372647,-0.209377,-0.120275,-1.642569,-0.303475,-0.165131,-1.868055,-0.368769,0.159763,-0.893469,-0.173220,0.166897,-1.214487,-0.253518,0.168310,-1.440668,-0.323062,0.153786,-1.648704,-0.374470
FOUR_FINGERS,-0.000000,0.000000,0.000000,-0.222619,-0.127498,-0.150450,-0.399438,-0.398147,-0.220667,-0.396240,-0.704005,-0.283982,-0.294484,-0.874085,-0.347905,-0.319237,-0.899062,-0.090458,-0.416531,-1.258674,-0.174677,-0.476588,-1.491544,-0.236475,-0.523355,-1.688012,-0.282029,-0.171056,-0.985261,-0.095624,-0.259826,-1.404423,-0.158415,-0.309221,-1.660713,-0.235374,-0.355436,-1.903118,-0.298501,-0.016910,-0.974503,-0.124881,-0.072996,-1.371429,-0.206133,-0.111562,-1.639385,-0.299731,-0.155282,-1.864339,-0.365280,0.164199,-0.889118,-0.173499,0.171327,-1.209385,-0.251285,0.171928,-1.430439,-0.319239,0.157885,-1.632900,-0.369994
FOUR_FINGERS,-0.000000,0.000000,0.000000,-0.223337,-0.125138,-0.151882,-0.406057,-0.390620,-0.224743,-0.411337,-0.693879,-0.290315,-0.309473,-0.866096,-0.356943,-0.323874,-0.896548,-0.097656,-0.426949,-1.254505,-0.185812,-0.486798,-1.489888,-0.250598,-0.532249,-1.692219,-0.298050,-0.173756,-0.984789,-0.104260,-0.261482,-1.403234,-0.171135,-0.305100,-1.660028,-0.249626,-0.345521,-1.905754,-0.313995,-0.019713,-0.975423,-0.135038,-0.076044,-1.372203,-0.220080,-0.113967,-1.641944,-0.314766,-0.157979,-1.867404,-0.381140,0.160772,-0.894364,-0.185320,0.168125,-1.216615,-0.266597,0.170272,-1.442002,-0.336466,0.155055,-1.648228,-0.388700
FOUR_FINGERS,-0.000000,0.000000,0.000000,-0.225713,-0.121410,-0.162638,-0.407711,-0.383016,-0.240861,-0.410900,-0.685890,-0.310263,-0.314090,-0.862200,-0.380693,-0.330375,-0.893605,-0.108447,-0.432471,-1.255876,-0.199458,-0.491229,-1.491693,-0.266460,-0.535799,-1.693091,-0.315530,-0.178045,-0.984022,-0.110288,-0.267692,-1.405476,-0.180523,-0.313861,-1.663735,-0.262957,-0.356690,-1.909432,-0.329908,-0.021489,-0.976439,-0.136820,-0.079694,-1.375307,-0.224950,-0.119280,-1.644124,-0.323582,-0.164335,-1.869323,-0.392425,0.161300,-0.895180,-0.183402,0.167418,-1.218856,-0.267903,0.167220,-1.444802,-0.340929,0.150108,-1.652389,-0.395187
FOUR_FINGERS,-0.000000,0.000000,0.000000,-0.224674,-0.119425,-0.169196,-0.406277,-0.378535,-0.252528,-0.414675,-0.681976,-0.326143,-0.327443,-0.866432,-0.400930,-0.333089,-0.891502,-0.119196,-0.439901,-1.255790,-0.212611,-0.500529,-1.495259,-0.281688,-0.546713,-1.699033,-0.332671,-0.181429,-0.983404,-0.119109,-0.273579,-1.406943,-0.191990,-0.319750,-1.668470,-0.276608,-0.362883,-1.916388,-0.345613,-0.025154,-0.977042,-0.143655,-0.084687,-1.374188,-0.233781,-0.124334,-1.643956,-0.334188,-0.169736,-1.869452,-0.404879,0.157754,-0.895104,-0.188525,0.165563,-1.216652,-0.274602,0.166772,-1.440037,-0.348695,0.150748,-1.644047,-0.404053
FIST,-0.000000,0.000000,0.000000,-0.348168,-0.179800,0.007028,-0.554390,-0.475342,0.009256,-0.613935,-0.828265,-0.020102,-0.484741,-1.001465,-0.030159,-0.378439,-0.910849,0.188506,-0.472647,-1.232202,0.164863,-0.446822,-0.918956,0.197783,-0.363392,-0.703981,0.217976,-0.227349,-0.973813,0.107057,-0.330844,-1.327128,-0.005664,-0.304962,-0.930564,-0.031753,-0.222529,-0.729289,-0.000714,-0.054285,-0.993207,0.004298,-0.170860,-1.359716,-0.146312,-0.177451,-0.993275,-0.174601,-0.093012,-0.787227,-0.138320,0.142652,-0.977400,-0.099897,0.000125,-1.265558,-0.176653,-0.050055,-1.014161,-0.184927,0.003248,-0.835378,-0.166237
FIST,-0.000000,0.000000,0.000000,-0.357956,-0.174400,0.011120,-0.567170,-0.463469,0.015543,-0.629573,-0.813597,-0.013001,-0.511364,-0.981563,-0.022825,-0.397397,-0.906265,0.195175,-0.493033,-1.226521,0.172397,-0.462917,-0.917880,0.203584,-0.379662,-0.710888,0.222020,-0.244499,-0.969649,0.111689,-0.347578,-1.323212,-0.002306,-0.319212,-0.930078,-0.031321,-0.239135,-0.732985,-0.002295,-0.068226,-0.989134,0.007345,-0.182888,-1.352517,-0.144088,-0.186236,-0.985230,-0.174349,-0.103215,-0.781014,-0.139277,0.131249,-0.974774,-0.098033,-0.008767,-1.259080,-0.174503,-0.055439,-1.006288,-0.183914,-0.002017,-0.830523,-0.166368
FIST,-0.000000,0.000000,0.000000,-0.352266,-0.174609,0.009408,-0.561968,-0.466450,0.008936,-0.623904,-0.808909,-0.023180,-0.504592,-0.987480,-0.035982,-0.386589,-0.915466,0.182702,-0.483184,-1.233327,0.157009,-0.455718,-0.917592,0.191534,-0.374128,-0.709605,0.213007,-0.232250,-0.972656,0.099315,-0.336179,-1.323541,-0.015752,-0.310165,-0.919937,-0.035853,-0.230318,-0.727637,0.000824,-0.057551,-0.987724,-0.005060,-0.170378,-1.353229,-0.157230,-0.177269,-0.977070,-0.178450,-0.098759,-0.780485,-0.136668,0.140781,-0.970524,-0.110594,-0.001559,-1.249237,-0.188456,-0.046083,-0.987582,-0.192466,0.006779,-0.815289,-0.169700
FIST,-0.000000,0.000000,0.000000,-0.362384,-0.173350,0.004941,-0.578130,-0.475536,0.011161,-0.623210,-0.832359,-0.013492,-0.471562,-0.978216,-0.018446,-0.397461,-0.906446,0.193114,-0.494079,-1.229785,0.170636,-0.466823,-0.905220,0.205323,-0.382634,-0.683227,0.226964,-0.241373,-0.970432,0.114728,-0.350351,-1.323479,0.001190,-0.321004,-0.922836,-0.026893,-0.232750,-0.720457,0.003974,-0.063158,-0.990298,0.014652,-0.185606,-1.351441,-0.137567,-0.185215,-0.975840,-0.169829,-0.092379,-0.774023,-0.134552,0.140244,-0.978402,-0.086789,-0.012902,-1.263505,-0.162861,-0.055801,-1.003624,-0.173814,0.006920,-0.828037,-0.157152
FIST,-0.000000,0.000000,0.000000,-0.357972,-0.157963,-0.007324,-0.576796,-0.465559,-0.012719,-0.617915,-0.826500,-0.047139,-0.475512,-0.983804,-0.062390,-0.400252,-0.900104,0.162104,-0.501084,-1.220372,0.131228,-0.465654,-0.898084,0.162684,-0.375590,-0.674010,0.182733,-0.240471,-0.970656,0.086358,-0.352582,-1.322460,-0.033292,-0.317910,-0.922354,-0.060945,-0.229205,-0.713565,-0.030250,-0.059416,-0.994349,-0.010545,-0.180543,-1.361326,-0.164382,-0.178283,-0.986408,-0.192730,-0.089992,-0.773465,-0.156229,0.147308,-0.980520,-0.110143,0.000263,-1.265338,-0.187124,-0.042315,-1.008087,-0.195220,0.014475,-0.828656,-0.176754
FIST,-0.000000,0.000000,0.000000,-0.364210,-0.158602,0.001883,-0.577970,-0.467433,0.005101,-0.617779,-0.826588,-0.022647,-0.484895,-0.979397,-0.031688,-0.406187,-0.900673,0.184642,-0.504532,-1.228240,0.161304,-0.470685,-0.909644,0.196004,-0.384568,-0.685682,0.217559,-0.244243,-0.969714,0.106891,-0.354836,-1.329013,-0.007391,-0.322825,-0.932084,-0.035666,-0.238312,-0.722198,-0.005194,-0.061180,-0.993347,0.007924,-0.182094,-1.366325,-0.143142,-0.180709,-0.992915,-0.174507,-0.094816,-0.779240,-0.139780,0.147040,-0.982516,-0.092803,-0.002114,-1.270372,-0.170216,-0.044613,-1.012297,-0.181108,0.011224,-0.831083,-0.164363
FIST,-0.000000,0.000000,0.000000,-0.354392,-0.157452,-0.004584,-0.567408,-0.478244,-0.008115,-0.599241,-0.833753,-0.040893,-0.470974,-0.981413,-0.054443,-0.392334,-0.911826,0.165475,-0.482551,-1.232486,0.137672,-0.451216,-0.912419,0.172969,-0.370510,-0.693529,0.195665,-0.229047,-0.973415,0.089567,-0.332966,-1.324835,-0.024073,-0.304977,-0.923100,-0.044332,-0.225387,-0.727107,-0.008244,-0.049999,-0.990160,-0.008147,-0.162391,-1.360806,-0.156882,-0.165430,-0.984752,-0.179457,-0.085164,-0.781183,-0.139173,0.153323,-0.972466,-0.108498,0.011900,-1.253092,-0.183409,-0.032366,-0.997260,-0.188963,0.019027,-0.826556,-0.168053
FIST,-0.000000,0.000000,0.000000,-0.338621,-0.177713,-0.011805,-0.545441,-0.492144,-0.020759,-0.582276,-0.843042,-0.055542,-0.444254,-0.984764,-0.069699,-0.359048,-0.923320,0.136573,-0.443208,-1.250600,0.109304,-0.415948,-0.935410,0.150505,-0.342230,-0.709336,0.177287,-0.194824,-0.980838,0.062822,-0.289251,-1.336704,-0.050822,-0.269422,-0.944891,-0.060659,-0.202601,-0.742813,-0.018278,-0.018216,-0.985278,-0.031202,-0.118991,-1.369758,-0.178859,-0.135308,-1.011505,-0.192602,-0.072802,-0.793052,-0.146567,0.177216,-0.939511,-0.128448,0.054903,-1.228925,-0.202105,-0.005608,-0.997680,-0.203529,0.024707,-0.821004,-0.179005
FIST,-0.000000,0.000000,0.000000,-0.346459,-0.183452,-0.013974,-0.551428,-0.439719,-0.035952,-0.624909,-0.748955,-0.084541,-0.516940,-0.901964,-0.113354,-0.369047,-0.919542,0.117511,-0.468361,-1.243703,0.073113,-0.453922,-0.939035,0.102081,-0.371646,-0.732163,0.122536,-0.213857,-0.976865,0.039201,-0.311561,-1.346761,-0.096302,-0.306499,-0.952478,-0.109995,-0.240874,-0.761182,-0.067369,-0.040617,-0.982339,-0.060232,-0.140148,-1.379417,-0.229933,-0.171920,-1.024319,-0.244768,-0.109335,-0.814084,-0.195561,0.150143,-0.935943,-0.161623,0.028221,-1.249826,-0.252738,-0.044006,-1.027047,-0.258629,-0.013279,-0.850834,-0.234608
FIST,-0.000000,0.000000,0.000000,-0.348416,-0.171970,-0.019532,-0.563650,-0.432752,-0.038447,-0.631321,-0.743460,-0.083677,-0.493483,-0.852329,-0.108915,-0.386617,-0.906073,0.112441,-0.482057,-1.267318,0.069667,-0.474639,-0.969040,0.098435,-0.404243,-0.758182,0.118460,-0.238439,-0.971157,0.037281,-0.332185,-1.364773,-0.096194,-0.331162,-0.989935,-0.115890,-0.275062,-0.787969,-0.078588,-0.070804,-0.984823,-0.058278,-0.167978,-1.399688,-0.224551,-0.202602,-1.053039,-0.245114,-0.153389,-0.824579,-0.200607,0.112951,-0.941559,-0.157837,-0.008696,-1.271829,-0.245596,-0.079856,-1.054775,-0.253481,-0.057416,-0.859625,-0.231824
FIST,-0.000000,0.000000,0.000000,-0.346271,-0.185839,-0.014656,-0.551887,-0.439834,-0.032844,-0.617996,-0.745994,-0.079294,-0.478641,-0.866744,-0.106562,-0.371217,-0.910986,0.125896,-0.468376,-1.259703,0.082487,-0.461258,-0.966161,0.106060,-0.386060,-0.746160,0.122444,-0.223528,-0.974698,0.047367,-0.318452,-1.361914,-0.087743,-0.320568,-0.986379,-0.117294,-0.263806,-0.770400,-0.087174,-0.060363,-0.989184,-0.052084,-0.147491,-1.405186,-0.220363,-0.189372,-1.065710,-0.253746,-0.144223,-0.831544,-0.218608,0.115242,-0.946653,-0.154680,0.006629,-1.283350,-0.244768,-0.070387,-1.069496,-0.260464,-0.055008,-0.869864,-0.245516
FIST,-0.000000,0.000000,0.000000,-0.346425,-0.178219,-0.022408,-0.558757,-0.450493,-0.040459,-0.609842,-0.765143,-0.086684,-0.453236,-0.861079,-0.114643,-0.380937,-0.907970,0.126623,-0.475762,-1.263227,0.081611,-0.470652,-0.974654,0.099021,-0.400299,-0.748847,0.110860,-0.229510,-0.973306,0.051065,-0.321108,-1.365726,-0.083549,-0.327939,-1.002502,-0.124608,-0.276969,-0.776477,-0.104351,-0.061978,-0.987276,-0.045856,-0.142290,-1.418583,-0.211048,-0.188965,-1.085564,-0.255001,-0.152320,-0.832600,-0.229415,0.117835,-0.943705,-0.147349,0.011054,-1.289448,-0.234883,-0.070543,-1.080551,-0.255812,-0.063683,-0.869085,-0.246872
FIST,-0.000000,0.000000,0.000000,-0.339498,-0.170887,-0.021408,-0.544545,-0.445467,-0.037822,-0.605102,-0.758533,-0.083096,-0.474950,-0.879880,-0.111803,-0.364657,-0.917014,0.133224,-0.462176,-1.272037,0.090418,-0.463393,-0.989517,0.106662,-0.393418,-0.757027,0.117741,-0.215645,-0.976472,0.057275,-0.307308,-1.376442,-0.075314,-0.324278,-1.023506,-0.120759,-0.272857,-0.787934,-0.104239,-0.049251,-0.988199,-0.040758,-0.126454,-1.418343,-0.204781,-0.183459,-1.093902,-0.254496,-0.148489,-0.836255,-0.234274,0.128829,-0.947300,-0.143206,0.027358,-1.293584,-0.237112,-0.061872,-1.089810,-0.264015,-0.058206,-0.876342,-0.258522
FIST,-0.000000,0.000000,0.000000,-0.340095,-0.173455,-0.039968,-0.545027,-0.454802,-0.065694,-0.586416,-0.773549,-0.116544,-0.431608,-0.879719,-0.150681,-0.360738,-0.919904,0.098772,-0.452501,-1.279783,0.047378,-0.457790,-1.005809,0.059701,-0.387623,-0.778418,0.069135,-0.203961,-0.978979,0.029767,-0.285790,-1.385624,-0.105128,-0.309322,-1.040012,-0.150611,-0.262946,-0.811606,-0.135979,-0.032105,-0.985953,-0.062001,-0.091764,-1.424209,-0.225451,-0.161405,-1.110755,-0.277738,-0.137958,-0.849105,-0.260904,0.151972,-0.935423,-0.159924,0.067239,-1.288073,-0.252519,-0.032238,-1.103444,-0.282610,-0.041308,-0.895523,-0.280551
FIST,-0.000000,0.000000,0.000000,-0.333770,-0.165145,-0.042451,-0.541550,-0.446963,-0.071564,-0.583232,-0.761042,-0.125243,-0.424723,-0.857672,-0.161997,-0.362256,-0.925676,0.090752,-0.440704,-1.301166,0.040312,-0.458886,-1.041538,0.053443,-0.400817,-0.817654,0.063115,-0.204009,-0.978969,0.021282,-0.274623,-1.395990,-0.108084,-0.314094,-1.069930,-0.149954,-0.276535,-0.845333,-0.134484,-0.029767,-0.982874,-0.071120,-0.079318,-1.429192,-0.230197,-0.159486,-1.140173,-0.280046,-0.142717,-0.886791,-0.263225,0.154314,-0.929222,-0.169990,0.073953,-1.298643,-0.262622,-0.028156,-1.126055,-0.290570,-0.037425,-0.916811,-0.286902
FIST,-0.000000,0.000000,0.000000,-0.328448,-0.152529,-0.066486,-0.554389,-0.444640,-0.094785,-0.592893,-0.759609,-0.141678,-0.402402,-0.846694,-0.173014,-0.353473,-0.930705,0.075986,-0.439583,-1.312577,0.021759,-0.469298,-1.084264,0.026715,-0.414839,-0.857865,0.034295,-0.200058,-0.979784,0.022886,-0.265152,-1.424599,-0.099101,-0.322464,-1.136454,-0.153446,-0.293705,-0.891724,-0.149466,-0.029556,-0.983111,-0.055704,-0.064425,-1.450634,-0.206508,-0.162494,-1.202225,-0.277456,-0.161908,-0.924179,-0.277675,0.154068,-0.936412,-0.143951,0.102408,-1.307139,-0.234389,-0.016907,-1.183841,-0.278293,-0.054571,-0.983044,-0.287382
FIST,-0.000000,0.000000,0.000000,-0.336532,-0.144803,-0.084888,-0.566204,-0.444551,-0.116532,-0.613973,-0.766246,-0.164607,-0.423665,-0.847606,-0.197357,-0.365843,-0.918282,0.066516,-0.471501,-1.296515,-0.000255,-0.492466,-1.064486,-0.004408,-0.428903,-0.840957,-0.001320,-0.212428,-0.977177,0.019614,-0.290813,-1.430115,-0.121176,-0.339957,-1.138919,-0.190782,-0.305802,-0.893625,-0.194191,-0.039372,-0.990705,-0.055676,-0.091111,-1.464114,-0.227920,-0.186471,-1.213149,-0.317507,-0.179248,-0.928640,-0.324606,0.148023,-0.955091,-0.141004,0.092818,-1.320849,-0.245526,-0.032856,-1.208940,-0.304455,-0.073625,-1.016844,-0.322519
FIST,-0.000000,0.000000,0.000000,-0.334674,-0.124421,-0.093366,-0.570575,-0.419638,-0.137407,-0.624011,-0.738911,-0.196245,-0.445897,-0.862538,-0.240581,-0.375273,-0.912352,0.039641,-0.486415,-1.297826,-0.031157,-0.509889,-1.066435,-0.035494,-0.443874,-0.827560,-0.032563,-0.220484,-0.975391,-0.004999,-0.310217,-1.433785,-0.149947,-0.360501,-1.146289,-0.219179,-0.319753,-0.884977,-0.222537,-0.046902,-0.990313,-0.076674,-0.106601,-1.468370,-0.248099,-0.202175,-1.227519,-0.336909,-0.190897,-0.945678,-0.346536,0.143088,-0.955221,-0.158537,0.072651,-1.319534,-0.265939,-0.053210,-1.207517,-0.324870,-0.089110,-1.016357,-0.343561
FIST,-0.000000,0.000000,0.000000,-0.327677,-0.121667,-0.083007,-0.567031,-0.429710,-0.118512,-0.607742,-0.744827,-0.170242,-0.411120,-0.837435,-0.207892,-0.363330,-0.914381,0.052352,-0.473777,-1.293336,-0.011983,-0.502980,-1.056901,-0.011790,-0.438235,-0.815534,-0.005668,-0.211697,-0.977335,0.005578,-0.302980,-1.437912,-0.128375,-0.359671,-1.158253,-0.190813,-0.315102,-0.894667,-0.190852,-0.042379,-0.993554,-0.067628,-0.104798,-1.471934,-0.227279,-0.204629,-1.227322,-0.307485,-0.189819,-0.942509,-0.313288,0.145692,-0.961651,-0.151350,0.069587,-1.331338,-0.250411,-0.052032,-1.210096,-0.301754,-0.079607,-1.008892,-0.315854
FIST,-0.000000,0.000000,0.000000,-0.321089,-0.123082,-0.087321,-0.559370,-0.418851,-0.142831,-0.650774,-0.725514,-0.216755,-0.518611,-0.887064,-0.277207,-0.358119,-0.915873,0.032961,-0.470271,-1.304240,-0.048510,-0.517551,-1.086641,-0.057974,-0.460152,-0.859119,-0.056439,-0.206725,-0.978399,-0.020879,-0.297552,-1.464305,-0.169476,-0.368379,-1.194003,-0.232678,-0.333473,-0.944384,-0.231771,-0.040078,-0.997442,-0.103513,-0.104477,-1.493175,-0.273100,-0.215209,-1.266317,-0.347327,-0.204978,-0.987938,-0.348543,0.144316,-0.967268,-0.196961,0.077321,-1.342446,-0.303001,-0.053297,-1.240576,-0.352019,-0.090163,-1.052518,-0.363247
FIST,-0.000000,0.000000,0.000000,-0.318057,-0.123217,-0.082903,-0.556640,-0.416281,-0.135663,-0.648181,-0.720130,-0.205672,-0.509059,-0.875428,-0.262093,-0.356983,-0.918028,0.024584,-0.469020,-1.311112,-0.053900,-0.515534,-1.091109,-0.058118,-0.459417,-0.860842,-0.052597,-0.205424,-0.978673,-0.028426,-0.295067,-1.468252,-0.173296,-0.367044,-1.201274,-0.229415,-0.333909,-0.951783,-0.223962,-0.039490,-0.994995,-0.108313,-0.100148,-1.493627,-0.272774,-0.209596,-1.270082,-0.340741,-0.201909,-0.994884,-0.338343,0.143016,-0.962927,-0.198660,0.079375,-1.337374,-0.300398,-0.046668,-1.235985,-0.345094,-0.081996,-1.049688,-0.353135
FIST,-0.000000,0.000000,0.000000,-0.309944,-0.129858,-0.071735,-0.547432,-0.432552,-0.118759,-0.637917,-0.736144,-0.183649,-0.498934,-0.883052,-0.234968,-0.344941,-0.922037,0.026913,-0.462312,-1.313785,-0.047392,-0.513270,-1.097603,-0.046636,-0.458626,-0.872209,-0.037043,-0.195590,-0.980686,-0.028776,-0.287106,-1.472525,-0.164789,-0.364221,-1.211931,-0.211481,-0.333771,-0.965850,-0.200782,-0.033123,-0.995683,-0.109900,-0.096884,-1.495482,-0.265032,-0.209927,-1.277777,-0.323385,-0.205469,-1.004398,-0.315825,0.145426,-0.962974,-0.201004,0.083208,-1.334608,-0.295118,-0.044461,-1.240168,-0.332574,-0.083474,-1.059118,-0.335787
FIST,-0.000000,0.000000,0.000000,-0.311136,-0.131578,-0.067839,-0.546894,-0.429519,-0.117599,-0.641083,-0.728609,-0.186498,-0.509152,-0.889623,-0.242122,-0.346685,-0.925497,0.024717,-0.456313,-1.327572,-0.049411,-0.512452,-1.106621,-0.048930,-0.463637,-0.875379,-0.040496,-0.198067,-0.980189,-0.034153,-0.280222,-1.474240,-0.172089,-0.364195,-1.205340,-0.219595,-0.339973,-0.951038,-0.209930,-0.036186,-0.992947,-0.117456,-0.093377,-1.493575,-0.273082,-0.211893,-1.272108,-0.331670,-0.213228,-0.996190,-0.325533,0.141401,-0.960002,-0.210193,0.083885,-1.332996,-0.305755,-0.050497,-1.240043,-0.344638,-0.098686,-1.062026,-0.349710
FIST,-0.000000,0.000000,0.000000,-0.305705,-0.118565,-0.069097,-0.541379,-0.421023,-0.127209,-0.646700,-0.713352,-0.205057,-0.549001,-0.898112,-0.270520,-0.354840,-0.926632,0.008525,-0.469823,-1.344511,-0.068976,-0.530136,-1.124786,-0.068414,-0.479885,-0.885291,-0.060216,-0.203983,-0.978974,-0.052796,-0.294977,-1.487537,-0.193864,-0.385491,-1.223261,-0.240616,-0.359668,-0.964990,-0.230117,-0.042384,-0.990962,-0.137870,-0.104118,-1.502192,-0.293242,-0.230554,-1.282228,-0.349264,-0.233710,-1.005421,-0.342872,0.136520,-0.956672,-0.232104,0.075247,-1.333111,-0.330813,-0.066242,-1.240230,-0.368828,-0.119201,-1.063069,-0.372937
FIST,-0.000000,0.000000,0.000000,-0.304550,-0.122308,-0.067295,-0.546038,-0.426006,-0.124322,-0.643920,-0.719268,-0.199660,-0.527588,-0.900933,-0.261537,-0.349726,-0.929208,0.001502,-0.463933,-1.346996,-0.074067,-0.526544,-1.121472,-0.068347,-0.478823,-0.879203,-0.055707,-0.200009,-0.979794,-0.058289,-0.288325,-1.487818,-0.192509,-0.381655,-1.216417,-0.228749,-0.356958,-0.954983,-0.211699,-0.037602,-0.990597,-0.140913,-0.096780,-1.503205,-0.287033,-0.224144,-1.277299,-0.330925,-0.228947,-0.997389,-0.317848,0.143939,-0.956101,-0.233310,0.086819,-1.334560,-0.323727,-0.054263,-1.241907,-0.353315,-0.108952,-1.065443,-0.351642
FIST,-0.000000,0.000000,0.000000,-0.300828,-0.115579,-0.065952,-0.539304,-0.417931,-0.123642,-0.644836,-0.708060,-0.199683,-0.549134,-0.900261,-0.262914,-0.356863,-0.922146,-0.003024,-0.480860,-1.342803,-0.077830,-0.540035,-1.121044,-0.069870,-0.489701,-0.875880,-0.055877,-0.205767,-0.978601,-0.063337,-0.301204,-1.494032,-0.199914,-0.392046,-1.226510,-0.235429,-0.367123,-0.959976,-0.217021,-0.042405,-0.995208,-0.145744,-0.107808,-1.514247,-0.294601,-0.232305,-1.296031,-0.340896,-0.236643,-1.017649,-0.328675,0.140014,-0.962268,-0.237024,0.079216,-1.335799,-0.331142,-0.065385,-1.250212,-0.363939,-0.125213,-1.080286,-0.363953
FIST,-0.000000,0.000000,0.000000,-0.300130,-0.114288,-0.065683,-0.541611,-0.411776,-0.124990,-0.645732,-0.694905,-0.203314,-0.554553,-0.884830,-0.269102,-0.363571,-0.922247,-0.003956,-0.489847,-1.324888,-0.080123,-0.542267,-1.104132,-0.075291,-0.491488,-0.860810,-0.063790,-0.210066,-0.977687,-0.065634,-0.310713,-1.481470,-0.204167,-0.398804,-1.218568,-0.243778,-0.376607,-0.951926,-0.228806,-0.045669,-0.993243,-0.148948,-0.108636,-1.503179,-0.297746,-0.231849,-1.278878,-0.343264,-0.242133,-0.996582,-0.331557,0.137571,-0.960875,-0.241467,0.082488,-1.331756,-0.336422,-0.058263,-1.237250,-0.367830,-0.119993,-1.061327,-0.367028
FIST,-0.000000,0.000000,0.000000,-0.294677,-0.114316,-0.072912,-0.537061,-0.411595,-0.138731,-0.641334,-0.697507,-0.221259,-0.545762,-0.888247,-0.290139,-0.357449,-0.924665,-0.023545,-0.483732,-1.333062,-0.101571,-0.536402,-1.117656,-0.093595,-0.482629,-0.878252,-0.079429,-0.201194,-0.979551,-0.081971,-0.302292,-1.482553,-0.217548,-0.388746,-1.220973,-0.248493,-0.361092,-0.962316,-0.228048,-0.034638,-0.992106,-0.161857,-0.103494,-1.504373,-0.307272,-0.226822,-1.284931,-0.346405,-0.232355,-1.008481,-0.330738,0.153230,-0.952270,-0.251605,0.096650,-1.322263,-0.342800,-0.046031,-1.235454,-0.369770,-0.106646,-1.066027,-0.365614
FIST,-0.000000,0.000000,0.000000,-0.306116,-0.128031,-0.070500,-0.546530,-0.433337,-0.121419,-0.638682,-0.723851,-0.189469,-0.516185,-0.881530,-0.244622,-0.353304,-0.932502,0.006537,-0.464885,-1.344404,-0.061005,-0.522714,-1.125577,-0.054114,-0.476615,-0.879864,-0.042109,-0.199309,-0.979937,-0.048049,-0.290665,-1.472761,-0.175534,-0.383334,-1.215659,-0.217661,-0.358527,-0.947403,-0.206721,-0.032714,-0.986150,-0.124525,-0.089071,-1.477476,-0.266148,-0.212971,-1.262058,-0.319967,-0.219066,-0.983402,-0.315256,0.153453,-0.948654,-0.210919,0.104323,-1.316465,-0.302969,-0.035031,-1.231526,-0.339754,-0.091828,-1.058863,-0.343788
FIST,-0.000000,0.000000,0.000000,-0.308811,-0.128039,-0.073139,-0.546603,-0.422577,-0.130245,-0.642233,-0.714723,-0.205196,-0.532465,-0.891806,-0.266040,-0.364066,-0.922387,0.013177,-0.474961,-1.323254,-0.056686,-0.517357,-1.117091,-0.053997,-0.461125,-0.885301,-0.044741,-0.206903,-0.978361,-0.041667,-0.295607,-1.458890,-0.170852,-0.368966,-1.200896,-0.215515,-0.340398,-0.946500,-0.205692,-0.037099,-0.991873,-0.119530,-0.090378,-1.480365,-0.260807,-0.201169,-1.264012,-0.313316,-0.204038,-0.987196,-0.306916,0.151863,-0.955008,-0.207467,0.109395,-1.326113,-0.293907,-0.026033,-1.244660,-0.327718,-0.084404,-1.073846,-0.330051
FIST,-0.000000,0.000000,0.000000,-0.312443,-0.137888,-0.055385,-0.538124,-0.443406,-0.098108,-0.616282,-0.741375,-0.162578,-0.502740,-0.898136,-0.213785,-0.352399,-0.929576,0.044669,-0.452861,-1.335005,-0.015092,-0.497399,-1.114109,-0.007881,-0.447406,-0.871260,0.002711,-0.196540,-0.980496,-0.016843,-0.280657,-1.459657,-0.140341,-0.356754,-1.195039,-0.186500,-0.330719,-0.934577,-0.177811,-0.028977,-0.987720,-0.100543,-0.073628,-1.481532,-0.239110,-0.190412,-1.260440,-0.295416,-0.198113,-0.980031,-0.291930,0.153112,-0.947526,-0.192853,0.105886,-1.327147,-0.278772,-0.028274,-1.233285,-0.314374,-0.081284,-1.049650,-0.318720
FIST,-0.000000,0.000000,0.000000,-0.316964,-0.145845,-0.067617,-0.532689,-0.454159,-0.111652,-0.594892,-0.762855,-0.174841,-0.458903,-0.898166,-0.223043,-0.346436,-0.935010,0.039381,-0.428479,-1.347340,-0.018664,-0.468850,-1.110735,-0.007593,-0.421326,-0.864305,0.004465,-0.188439,-0.982085,-0.017419,-0.256678,-1.459684,-0.142522,-0.329560,-1.181432,-0.187343,-0.307145,-0.929716,-0.176833,-0.020336,-0.981449,-0.097659,-0.051785,-1.473472,-0.242308,-0.165758,-1.245219,-0.302294,-0.173641,-0.974339,-0.298490,0.158083,-0.928718,-0.186772,0.110900,-1.309289,-0.275005,-0.022257,-1.208838,-0.313479,-0.071445,-1.025825,-0.319231
FIST,-0.000000,0.000000,0.000000,-0.328120,-0.145035,-0.067417,-0.544375,-0.440092,-0.112077,-0.618018,-0.752725,-0.177936,-0.491438,-0.902239,-0.228455,-0.372973,-0.918844,0.056242,-0.459692,-1.324666,-0.006522,-0.493324,-1.087132,-0.001235,-0.444252,-0.848313,0.007108,-0.219334,-0.975650,-0.002844,-0.293630,-1.443129,-0.142241,-0.351368,-1.143500,-0.195783,-0.321315,-0.888906,-0.186801,-0.050999,-0.986384,-0.086674,-0.095302,-1.472653,-0.248316,-0.194354,-1.224876,-0.313918,-0.190816,-0.949671,-0.308158,0.129588,-0.942715,-0.178742,0.079758,-1.328125,-0.274904,-0.044025,-1.212741,-0.316040,-0.082443,-1.019859,-0.321767
FIST,-0.000000,0.000000,0.000000,-0.343273,-0.146578,-0.054573,-0.559212,-0.446579,-0.075214,-0.598680,-0.764543,-0.116147,-0.423910,-0.853230,-0.141499,-0.388443,-0.916300,0.079824,-0.482376,-1.308321,0.033779,-0.495857,-1.051707,0.050672,-0.437299,-0.812419,0.065058,-0.233485,-0.972360,0.022997,-0.315439,-1.416313,-0.101786,-0.354023,-1.104892,-0.148007,-0.315065,-0.851190,-0.135596,-0.062139,-0.977769,-0.056561,-0.114225,-1.445438,-0.210943,-0.197690,-1.172863,-0.273796,-0.185831,-0.896774,-0.265660,0.118600,-0.928621,-0.143510,0.054848,-1.302915,-0.234319,-0.055302,-1.159766,-0.273243,-0.079027,-0.955785,-0.277765
FIST,-0.000000,0.000000,0.000000,-0.351568,-0.172859,-0.046280,-0.563035,-0.441248,-0.063667,-0.614488,-0.762659,-0.102791,-0.444436,-0.847233,-0.123535,-0.400584,-0.905234,0.103637,-0.492065,-1.273648,0.061025,-0.488968,-1.000334,0.079754,-0.422456,-0.784669,0.093373,-0.249632,-0.968341,0.041809,-0.331470,-1.383659,-0.087509,-0.348990,-1.050775,-0.131347,-0.304234,-0.830950,-0.115255,-0.082165,-0.978553,-0.043497,-0.141574,-1.420895,-0.209231,-0.203491,-1.126581,-0.268845,-0.178294,-0.872339,-0.253064,0.095120,-0.929176,-0.134471,0.021320,-1.291091,-0.227709,-0.073704,-1.121705,-0.263308,-0.082171,-0.914905,-0.263875
FIST,-0.000000,0.000000,0.000000,-0.352009,-0.166992,-0.030693,-0.566193,-0.455769,-0.046371,-0.589322,-0.791901,-0.087267,-0.422211,-0.893416,-0.108509,-0.411075,-0.897890,0.131041,-0.511928,-1.243351,0.095008,-0.482943,-0.955346,0.122203,-0.399068,-0.745815,0.139925,-0.250321,-0.968163,0.061912,-0.348418,-1.356907,-0.057518,-0.334220,-1.002648,-0.086756,-0.270955,-0.796887,-0.060081,-0.076073,-0.983951,-0.030280,-0.162973,-1.415857,-0.185673,-0.191919,-1.078836,-0.224150,-0.143748,-0.838377,-0.195362,0.112299,-0.939695,-0.127814,-0.006479,-1.253704,-0.208724,-0.071740,-1.028809,-0.226135,-0.050983,-0.825065,-0.214607
FIST,-0.000000,0.000000,0.000000,-0.347776,-0.172378,-0.009149,-0.579033,-0.481659,-0.023368,-0.631431,-0.840913,-0.065236,-0.481936,-0.997598,-0.086746,-0.403076,-0.907971,0.129468,-0.523812,-1.232300,0.084672,-0.484535,-0.922156,0.112438,-0.395022,-0.746643,0.132105,-0.246372,-0.969175,0.049814,-0.359785,-1.331645,-0.071595,-0.326540,-0.933705,-0.083689,-0.252907,-0.769006,-0.043524,-0.073609,-0.984203,-0.050810,-0.195498,-1.372991,-0.199022,-0.202137,-0.996204,-0.205580,-0.132409,-0.795412,-0.156470,0.120298,-0.958630,-0.156699,-0.020753,-1.225302,-0.220361,-0.058730,-0.968605,-0.212193,-0.010658,-0.798465,-0.183449
FIST,-0.000000,0.000000,0.000000,-0.335402,-0.195055,-0.006362,-0.554354,-0.495409,-0.016619,-0.602618,-0.865369,-0.056540,-0.452075,-1.045141,-0.075721,-0.393286,-0.915281,0.161726,-0.506431,-1.206891,0.124711,-0.478464,-0.877985,0.147259,-0.398795,-0.696875,0.160690,-0.237517,-0.971383,0.082258,-0.347230,-1.292886,-0.041409,-0.308953,-0.884559,-0.071616,-0.231241,-0.725471,-0.043026,-0.064931,-0.986611,-0.018458,-0.180860,-1.310477,-0.170379,-0.177856,-0.925596,-0.188866,-0.098894,-0.741023,-0.146112,0.135860,-0.972085,-0.123466,-0.013423,-1.253021,-0.190589,-0.041982,-0.985970,-0.187189,0.019427,-0.811804,-0.161458
FIST,-0.000000,0.000000,0.000000,-0.337342,-0.200079,-0.006403,-0.543128,-0.511019,-0.012482,-0.575884,-0.879911,-0.047778,-0.421039,-1.039734,-0.062692,-0.363187,-0.929829,0.171454,-0.460656,-1.205432,0.141042,-0.442806,-0.871028,0.164883,-0.368912,-0.682062,0.177816,-0.204560,-0.978854,0.095085,-0.301908,-1.283517,-0.020062,-0.273501,-0.868475,-0.051809,-0.194692,-0.708139,-0.026507,-0.028886,-0.988907,-0.003229,-0.139120,-1.289637,-0.150402,-0.140413,-0.900149,-0.176024,-0.054141,-0.728615,-0.139729,0.175438,-0.974920,-0.105175,0.031160,-1.246741,-0.172042,-0.002754,-0.975518,-0.174732,0.061754,-0.812472,-0.154747
FIST,-0.000000,0.000000,0.000000,-0.356371,-0.197064,0.001540,-0.570704,-0.495560,0.004441,-0.591553,-0.874830,-0.024454,-0.416865,-1.048517,-0.032397,-0.383951,-0.913709,0.211789,-0.497843,-1.206380,0.184842,-0.480882,-0.886914,0.206556,-0.403474,-0.691625,0.218025,-0.223046,-0.974808,0.132324,-0.333185,-1.293347,0.013857,-0.299316,-0.888427,-0.030949,-0.217493,-0.723192,-0.011206,-0.040732,-0.999417,0.030338,-0.154970,-1.310208,-0.120279,-0.150935,-0.921640,-0.155454,-0.061685,-0.737695,-0.122359,0.178236,-0.998250,-0.074599,0.030175,-1.292221,-0.143175,-0.001207,-1.020906,-0.149874,0.064788,-0.841718,-0.131219
FIST,-0.000000,0.000000,0.000000,-0.362019,-0.185692,0.003244,-0.587690,-0.492661,0.005549,-0.600516,-0.877410,-0.025800,-0.413396,-1.034543,-0.035064,-0.407251,-0.900510,0.216086,-0.534405,-1.193142,0.183891,-0.504631,-0.877367,0.204461,-0.424235,-0.698232,0.215284,-0.241687,-0.970354,0.132335,-0.367822,-1.281771,0.008795,-0.315810,-0.874484,-0.035354,-0.233097,-0.739879,-0.013215,-0.056239,-1.006362,0.025010,-0.184351,-1.312958,-0.127659,-0.165742,-0.915623,-0.159237,-0.071951,-0.747402,-0.122111,0.169294,-1.020738,-0.085757,0.004718,-1.305356,-0.151450,-0.012114,-1.025210,-0.154824,0.062032,-0.856881,-0.133903
FIST,-0.000000,0.000000,0.000000,-0.377772,-0.165558,0.000079,-0.603981,-0.490084,0.013435,-0.609901,-0.892771,-0.006474,-0.426976,-1.056075,-0.004060,-0.410118,-0.894534,0.247232,-0.529072,-1.198022,0.226324,-0.503167,-0.861771,0.255755,-0.429548,-0.676633,0.272737,-0.239179,-0.970976,0.169425,-0.366697,-1.295991,0.054810,-0.318697,-0.864133,0.014133,-0.231687,-0.719666,0.042017,-0.052735,-1.013354,0.064378,-0.189146,-1.325729,-0.087862,-0.168993,-0.908764,-0.127405,-0.065040,-0.745482,-0.091461,0.171557,-1.040303,-0.043789,-0.004617,-1.315454,-0.111361,-0.018355,-1.021655,-0.122231,0.064989,-0.862561,-0.104597
FIST,-0.000000,0.000000,0.000000,-0.362293,-0.171622,-0.003661,-0.585414,-0.519157,-0.003923,-0.577819,-0.915242,-0.037087,-0.388767,-1.055313,-0.047623,-0.376470,-0.909836,0.209738,-0.496100,-1.217427,0.178097,-0.473717,-0.870475,0.207319,-0.398569,-0.685759,0.225400,-0.204544,-0.978857,0.129860,-0.330979,-1.311944,0.011398,-0.288836,-0.872383,-0.019359,-0.200797,-0.737300,0.014505,-0.020411,-1.016679,0.024076,-0.160772,-1.334668,-0.124967,-0.145047,-0.905517,-0.149200,-0.035914,-0.743821,-0.104894,0.203462,-1.037003,-0.085917,0.023832,-1.325463,-0.147316,0.007046,-1.028337,-0.147039,0.094159,-0.870411,-0.122813
FIST,-0.000000,0.000000,0.000000,-0.383885,-0.165295,-0.011840,-0.617313,-0.506917,-0.003807,-0.588593,-0.895052,-0.025877,-0.378353,-1.003766,-0.025174,-0.407073,-0.901656,0.217177,-0.519959,-1.191921,0.189569,-0.504400,-0.868795,0.216104,-0.437948,-0.690636,0.233305,-0.227621,-0.973750,0.147439,-0.346476,-1.293128,0.035917,-0.312269,-0.871160,0.000806,-0.231175,-0.731838,0.030741,-0.036743,-1.012130,0.050829,-0.166138,-1.308285,-0.091388,-0.154872,-0.893141,-0.122706,-0.058277,-0.734097,-0.083995,0.190609,-1.030910,-0.051403,0.025821,-1.305550,-0.108038,0.011233,-1.016635,-0.112631,0.090443,-0.864000,-0.092141
FIST,-0.000000,0.000000,0.000000,-0.369274,-0.135587,-0.036819,-0.613691,-0.507137,-0.051053,-0.565428,-0.908905,-0.088472,-0.346219,-1.020630,-0.101787,-0.410722,-0.906696,0.141916,-0.519557,-1.188298,0.099405,-0.494918,-0.844867,0.129729,-0.429226,-0.686532,0.150643,-0.222359,-0.974965,0.079326,-0.341759,-1.276953,-0.031738,-0.301761,-0.834377,-0.043313,-0.221625,-0.743877,0.000810,-0.031729,-1.011614,-0.010285,-0.159232,-1.295737,-0.144365,-0.146146,-0.864001,-0.150515,-0.048986,-0.741138,-0.098458,0.196059,-1.030553,-0.108298,0.029343,-1.289366,-0.155553,0.020250,-0.989390,-0.144615,0.104321,-0.862045,-0.113899
FIST,-0.000000,0.000000,0.000000,-0.387274,-0.151650,-0.021437,-0.620070,-0.532808,-0.015810,-0.557827,-0.941975,-0.036975,-0.335842,-1.046623,-0.033954,-0.402140,-0.912407,0.206310,-0.503936,-1.193703,0.181599,-0.491584,-0.848546,0.216883,-0.432904,-0.684594,0.239658,-0.210425,-0.977610,0.141821,-0.335055,-1.288949,0.042093,-0.303535,-0.843332,0.023493,-0.218974,-0.738024,0.064874,-0.015154,-1.011702,0.048157,-0.148831,-1.303570,-0.082839,-0.140148,-0.864112,-0.103023,-0.037649,-0.731979,-0.057436,0.219550,-1.032235,-0.052058,0.044487,-1.292980,-0.099675,0.031780,-0.986912,-0.097826,0.119443,-0.858292,-0.072679
FIST,-0.000000,0.000000,0.000000,-0.385666,-0.166674,-0.017998,-0.607244,-0.552551,-0.015448,-0.535578,-0.975032,-0.044718,-0.314443,-1.103343,-0.051349,-0.380416,-0.914871,0.228431,-0.472949,-1.212623,0.200710,-0.459525,-0.866640,0.227524,-0.404398,-0.694179,0.243723,-0.190559,-0.981676,0.157304,-0.309893,-1.302321,0.046034,-0.278739,-0.858969,0.009647,-0.199575,-0.730827,0.040789,0.005903,-1.012871,0.056293,-0.119266,-1.324329,-0.085908,-0.115717,-0.885446,-0.117690,-0.023530,-0.719630,-0.077577,0.246674,-1.024669,-0.051273,0.075660,-1.309434,-0.105747,0.053746,-1.008000,-0.109665,0.126268,-0.854638,-0.088551
FIST,-0.000000,0.000000,0.000000,-0.381251,-0.179544,0.001317,-0.595307,-0.563655,0.007040,-0.512359,-0.968713,-0.026102,-0.288020,-1.095525,-0.036591,-0.366752,-0.920564,0.278761,-0.452965,-1.210421,0.258355,-0.451400,-0.883851,0.278610,-0.392880,-0.707880,0.288366,-0.172686,-0.984977,0.197411,-0.291928,-1.299303,0.093698,-0.267891,-0.871743,0.044727,-0.185379,-0.737042,0.066518,0.027288,-1.018493,0.086303,-0.099590,-1.320447,-0.043285,-0.100897,-0.893558,-0.080923,-0.004480,-0.730124,-0.047810,0.277572,-1.027977,-0.030951,0.096629,-1.318902,-0.074731,0.071013,-1.020489,-0.077119,0.146513,-0.862370,-0.057258
FIST,-0.000000,0.000000,0.000000,-0.376645,-0.136607,-0.032161,-0.601398,-0.569110,-0.031113,-0.486904,-0.981115,-0.058227,-0.235637,-1.051833,-0.061117,-0.375246,-0.921600,0.207754,-0.449464,-1.212872,0.178342,-0.439552,-0.859274,0.209728,-0.386822,-0.685034,0.230006,-0.169509,-0.985529,0.144750,-0.274330,-1.307579,0.037003,-0.247259,-0.850694,0.011356,-0.166956,-0.727544,0.051751,0.035316,-1.015316,0.051050,-0.072480,-1.324255,-0.081753,-0.077031,-0.868452,-0.102731,0.008993,-0.705545,-0.055076,0.281687,-1.017412,-0.051667,0.124328,-1.297727,-0.094218,0.098074,-0.991712,-0.091181,0.164798,-0.850423,-0.064732
FIST,-0.000000,0.000000,0.000000,-0.382661,-0.118198,-0.029609,-0.623869,-0.567902,-0.024611,-0.515028,-1.020699,-0.045153,-0.250140,-1.129144,-0.038200,-0.368595,-0.917323,0.211848,-0.457006,-1.220539,0.189924,-0.439451,-0.863054,0.236991,-0.381082,-0.706929,0.267472,-0.153615,-0.988131,0.148818,-0.274688,-1.323720,0.046687,-0.240288,-0.844529,0.042542,-0.153731,-0.746825,0.101854,0.056629,-1.031052,0.054849,-0.068289,-1.355514,-0.076159,-0.069001,-0.875230,-0.080572,0.026705,-0.723700,-0.016823,0.309339,-1.044348,-0.047428,0.146185,-1.324909,-0.084617,0.118916,-0.999229,-0.070626,0.192702,-0.864222,-0.032606
FIST,-0.000000,0.000000,0.000000,-0.384713,-0.182909,-0.004668,-0.599792,-0.579366,0.005900,-0.487880,-0.989151,-0.018130,-0.227573,-1.081553,-0.017384,-0.364054,-0.914972,0.258986,-0.444800,-1.224431,0.241575,-0.438374,-0.888253,0.277418,-0.379257,-0.703621,0.299701,-0.156685,-0.987649,0.183951,-0.265990,-1.329308,0.079222,-0.238325,-0.885806,0.049480,-0.152286,-0.741512,0.088685,0.054153,-1.021663,0.079302,-0.060299,-1.350417,-0.055438,-0.069806,-0.907136,-0.082232,0.020363,-0.726779,-0.035866,0.312557,-1.018529,-0.031253,0.148499,-1.321956,-0.076127,0.112968,-1.021106,-0.075185,0.177549,-0.856400,-0.049202
FIST,-0.000000,0.000000,0.000000,-0.376131,-0.123461,-0.032739,-0.625572,-0.585348,-0.032134,-0.518599,-1.064432,-0.059477,-0.236151,-1.200782,-0.059951,-0.371587,-0.918810,0.222444,-0.453265,-1.260922,0.197410,-0.448771,-0.912493,0.242839,-0.387039,-0.761633,0.270946,-0.144533,-0.989500,0.154004,-0.257928,-1.356650,0.043717,-0.240471,-0.878615,0.035191,-0.149947,-0.780858,0.094805,0.075716,-1.033660,0.052622,-0.040783,-1.376008,-0.089901,-0.058033,-0.894670,-0.097875,0.040238,-0.734129,-0.032664,0.347921,-1.047385,-0.057621,0.182903,-1.347297,-0.107162,0.142854,-1.018871,-0.097548,0.214749,-0.870140,-0.059335
FIST,-0.000000,0.000000,0.000000,-0.375607,-0.129668,-0.056677,-0.618836,-0.643309,-0.076417,-0.469035,-1.146360,-0.122458,-0.162478,-1.266582,-0.139107,-0.333936,-0.946838,0.207535,-0.427018,-1.279127,0.171356,-0.456457,-0.919214,0.216135,-0.392226,-0.749370,0.244963,-0.109517,-0.993985,0.144814,-0.226406,-1.365472,0.025711,-0.249743,-0.852660,0.020705,-0.162640,-0.752092,0.088921,0.097555,-1.028595,0.045427,-0.024997,-1.399765,-0.114666,-0.083377,-0.874060,-0.120510,0.015063,-0.686073,-0.044877,0.352477,-1.026787,-0.064783,0.186831,-1.355087,-0.124561,0.121531,-1.005457,-0.109129,0.192174,-0.832506,-0.060993
FIST,-0.000000,0.000000,0.000000,-0.352278,-0.167654,-0.037879,-0.576232,-0.686271,-0.055989,-0.431025,-1.171958,-0.102362,-0.122319,-1.367439,-0.118845,-0.326049,-0.948739,0.238556,-0.425841,-1.308009,0.224734,-0.456226,-0.962323,0.281540,-0.383000,-0.797290,0.315736,-0.106315,-0.994332,0.171815,-0.235601,-1.419512,0.080315,-0.266590,-0.935164,0.088041,-0.178749,-0.824398,0.160436,0.091832,-1.030286,0.071048,-0.035685,-1.450571,-0.051768,-0.099194,-0.959219,-0.039994,0.001786,-0.762084,0.038385,0.342720,-1.028545,-0.039110,0.164891,-1.385399,-0.069427,0.092981,-1.047047,-0.038174,0.161829,-0.852904,0.016251
FIST,-0.000000,0.000000,0.000000,-0.411873,-0.321819,0.015025,-0.577768,-0.813752,0.060174,-0.416785,-1.268797,0.048441,-0.133293,-1.474616,0.055662,-0.320759,-0.926954,0.557822,-0.419806,-1.311706,0.601235,-0.437464,-1.176759,0.600553,-0.380561,-1.056555,0.585610,-0.103884,-0.994589,0.483064,-0.236454,-1.462499,0.417312,-0.295581,-1.215940,0.266332,-0.267325,-1.005130,0.219193,0.098667,-1.052439,0.366963,-0.026780,-1.551818,0.246358,-0.151063,-1.267898,0.083187,-0.135733,-0.988748,0.037804,0.338626,-1.065290,0.246523,0.163179,-1.487561,0.199569,0.045233,-1.289173,0.130492,0.040491,-1.020353,0.101021
FIST,-0.000000,0.000000,0.000000,-0.336151,-0.249772,-0.018893,-0.499343,-0.761083,-0.010824,-0.334361,-1.186745,-0.040776,-0.058820,-1.358712,-0.047507,-0.254962,-0.948778,0.319007,-0.342399,-1.342165,0.313457,-0.375311,-1.043013,0.340191,-0.331489,-0.843955,0.354318,-0.064995,-0.997886,0.254606,-0.173382,-1.445282,0.167672,-0.235465,-1.079422,0.106295,-0.206447,-0.883823,0.120645,0.117351,-1.026896,0.155480,0.023988,-1.500699,0.038317,-0.080904,-1.146531,-0.023597,-0.063333,-0.896416,-0.005753,0.343307,-1.012843,0.048183,0.182832,-1.374236,0.013647,0.079248,-1.140736,-0.000580,0.076650,-0.914428,0.010855
FIST,-0.000000,0.000000,0.000000,-0.362520,-0.299555,0.035970,-0.505340,-0.781966,0.083915,-0.380321,-1.193343,0.075314,-0.164771,-1.419690,0.083864,-0.266663,-0.943879,0.484499,-0.345758,-1.339509,0.509637,-0.382937,-1.122327,0.513459,-0.355244,-0.921877,0.506172,-0.084707,-0.996406,0.400194,-0.196005,-1.453612,0.324781,-0.274848,-1.176548,0.193547,-0.275878,-0.956723,0.155163,0.104363,-1.047260,0.281526,-0.001228,-1.523567,0.171948,-0.142304,-1.272066,0.038067,-0.166696,-1.012581,0.001304,0.333368,-1.061515,0.159908,0.177649,-1.443034,0.121051,0.041971,-1.277659,0.065978,0.003239,-1.042312,0.041896
FIST,-0.000000,0.000000,0.000000,-0.341663,-0.295883,-0.000279,-0.489233,-0.788294,0.021242,-0.315072,-1.193345,-0.002995,-0.044298,-1.355799,-0.004151,-0.291051,-0.936067,0.390871,-0.373327,-1.321533,0.410358,-0.408650,-1.061482,0.430918,-0.372490,-0.845124,0.436435,-0.099504,-0.995037,0.321747,-0.198365,-1.425881,0.257232,-0.260579,-1.114515,0.163484,-0.239740,-0.879265,0.149114,0.086993,-1.036114,0.219124,0.006518,-1.469331,0.128224,-0.113385,-1.179309,0.031556,-0.123627,-0.924463,0.016754,0.310419,-1.032121,0.108931,0.173016,-1.383048,0.090005,0.062744,-1.193470,0.058379,0.034606,-0.967793,0.050369
FIST,-0.000000,0.000000,0.000000,-0.336278,-0.269961,-0.017033,-0.500560,-0.766328,-0.003696,-0.326691,-1.171012,-0.032184,-0.053404,-1.349241,-0.039637,-0.298884,-0.930048,0.358271,-0.381542,-1.303229,0.376407,-0.407180,-1.054885,0.396979,-0.369827,-0.848986,0.403534,-0.105497,-0.994420,0.297439,-0.206772,-1.413842,0.244221,-0.256997,-1.122657,0.159897,-0.235436,-0.898437,0.148081,0.082169,-1.039127,0.202722,0.011095,-1.471688,0.129938,-0.099455,-1.242377,0.041205,-0.117103,-1.025014,0.024233,0.308540,-1.036499,0.097815,0.187359,-1.384226,0.091131,0.082379,-1.228477,0.065375,0.045878,-1.025497,0.058543
FIST,-0.000000,0.000000,0.000000,-0.360683,-0.279065,0.016330,-0.527870,-0.778980,0.047027,-0.366652,-1.194504,0.025961,-0.108813,-1.390521,0.022836,-0.287674,-0.932710,0.443688,-0.377717,-1.321488,0.468933,-0.406720,-1.112047,0.482611,-0.372511,-0.918750,0.481657,-0.090868,-0.995863,0.364823,-0.208812,-1.448932,0.307880,-0.279926,-1.195559,0.203199,-0.277801,-0.972897,0.177788,0.100736,-1.048661,0.249526,-0.004026,-1.527807,0.158403,-0.136148,-1.354634,0.042898,-0.168637,-1.171287,0.009262,0.334525,-1.054533,0.127299,0.172130,-1.420673,0.104481,0.058375,-1.240867,0.068723,0.026692,-1.002523,0.053869
FIST,-0.000000,0.000000,0.000000,-0.364019,-0.266340,0.016912,-0.529460,-0.799178,0.050840,-0.348293,-1.207655,0.030570,-0.086602,-1.406158,0.026051,-0.312334,-0.930738,0.460164,-0.394763,-1.317579,0.491746,-0.412388,-1.112827,0.500344,-0.369686,-0.923175,0.494176,-0.109658,-0.993969,0.384624,-0.228543,-1.420189,0.347714,-0.285118,-1.192058,0.235735,-0.273858,-0.982473,0.197824,0.091625,-1.054758,0.272268,-0.009931,-1.511716,0.209193,-0.141601,-1.425627,0.079375,-0.181562,-1.328017,0.022738,0.326773,-1.071963,0.151553,0.161202,-1.412857,0.153659,0.038452,-1.273219,0.112947,-0.006402,-1.087729,0.084966
FIST,-0.000000,0.000000,0.000000,-0.354176,-0.265491,-0.010063,-0.512235,-0.762351,0.006831,-0.307049,-1.154240,-0.020312,-0.018739,-1.270612,-0.025989,-0.320926,-0.932818,0.368045,-0.406422,-1.311229,0.379260,-0.415742,-1.006134,0.398537,-0.372711,-0.778317,0.402345,-0.124511,-0.992218,0.300790,-0.235826,-1.407648,0.229108,-0.256056,-1.071474,0.138633,-0.220284,-0.823505,0.125133,0.070755,-1.025964,0.200076,-0.024396,-1.475006,0.105051,-0.090893,-1.176836,0.014329,-0.085735,-0.930302,-0.000141,0.309771,-1.014653,0.089502,0.164119,-1.330338,0.071470,0.101944,-1.093099,0.046713,0.095668,-0.851572,0.040675
FIST,-0.000000,0.000000,0.000000,-0.330879,-0.267715,-0.003327,-0.501106,-0.695137,0.009567,-0.359675,-1.087937,-0.021308,-0.094144,-1.175200,-0.027917,-0.308412,-0.932004,0.343093,-0.389703,-1.306614,0.340945,-0.395997,-0.991057,0.362886,-0.345486,-0.784275,0.370664,-0.127518,-0.991836,0.263217,-0.226478,-1.396981,0.169612,-0.232875,-1.020964,0.094712,-0.184042,-0.829127,0.098676,0.059128,-1.014298,0.150787,-0.024619,-1.450278,0.026282,-0.063793,-1.077757,-0.042124,-0.014415,-0.816415,-0.027495,0.290837,-0.980739,0.030917,0.145357,-1.324301,-0.006619,0.083701,-1.082351,-0.023623,0.103013,-0.852011,-0.015362
FIST,-0.000000,0.000000,0.000000,-0.328466,-0.259870,0.004611,-0.487821,-0.658852,0.021123,-0.374756,-1.041634,-0.008743,-0.143501,-1.131502,-0.016876,-0.303694,-0.934493,0.355659,-0.380832,-1.285031,0.352348,-0.389068,-0.975651,0.364038,-0.336413,-0.755987,0.363537,-0.134912,-0.990858,0.270837,-0.232236,-1.377800,0.167836,-0.240847,-1.007366,0.073923,-0.185175,-0.791795,0.063353,0.047768,-1.010810,0.154579,-0.041283,-1.410791,0.016597,-0.079524,-1.034155,-0.070151,-0.018622,-0.772072,-0.068216,0.272417,-0.986319,0.032704,0.120419,-1.326411,-0.023812,0.056193,-1.074017,-0.055282,0.088357,-0.841055,-0.057115
FIST,-0.000000,0.000000,0.000000,-0.321255,-0.256059,-0.003921,-0.480929,-0.652414,0.001880,-0.359925,-1.032161,-0.033905,-0.127933,-1.111595,-0.046561,-0.302242,-0.934274,0.299911,-0.382201,-1.264535,0.287012,-0.384329,-0.934402,0.308361,-0.322390,-0.726411,0.316987,-0.127775,-0.991803,0.217383,-0.221067,-1.359910,0.115640,-0.227009,-0.963634,0.052684,-0.168660,-0.784710,0.063493,0.053204,-1.008164,0.104101,-0.028646,-1.390030,-0.029881,-0.066000,-0.996476,-0.085711,-0.004253,-0.763103,-0.063254,0.277334,-0.977535,-0.015734,0.135363,-1.305372,-0.065809,0.072895,-1.046071,-0.079560,0.102944,-0.838246,-0.067523
FIST,-0.000000,0.000000,0.000000,-0.328279,-0.244744,-0.011955,-0.493672,-0.640321,-0.012082,-0.361928,-1.024030,-0.051097,-0.117749,-1.099196,-0.066771,-0.320955,-0.927193,0.264122,-0.397060,-1.267449,0.242055,-0.388758,-0.920910,0.263821,-0.328057,-0.724439,0.273651,-0.142176,-0.989841,0.185166,-0.233992,-1.348383,0.078325,-0.227921,-0.934505,0.022063,-0.170114,-0.784103,0.037038,0.037825,-1.008241,0.076551,-0.038774,-1.376427,-0.056133,-0.067275,-0.968033,-0.103250,-0.005485,-0.752401,-0.076352,0.260159,-0.981033,-0.039458,0.124841,-1.296291,-0.082609,0.074470,-1.023862,-0.090698,0.107917,-0.826175,-0.076015
FIST,-0.000000,0.000000,0.000000,-0.327888,-0.230816,-0.018880,-0.497795,-0.634074,-0.017075,-0.376203,-1.036112,-0.052100,-0.137155,-1.128808,-0.063002,-0.315372,-0.924939,0.267709,-0.392111,-1.273982,0.247779,-0.385736,-0.927572,0.275959,-0.326394,-0.728709,0.290901,-0.131731,-0.991286,0.192207,-0.218441,-1.367170,0.087992,-0.218779,-0.945811,0.039896,-0.167993,-0.790890,0.062281,0.048818,-1.012991,0.084268,-0.023080,-1.407073,-0.054547,-0.059959,-0.986546,-0.099872,-0.006439,-0.755964,-0.067684,0.268363,-0.987589,-0.031124,0.141496,-1.303474,-0.080790,0.079784,-1.024897,-0.090114,0.100437,-0.820695,-0.073232
FIST,-0.000000,0.000000,0.000000,-0.319548,-0.230721,-0.009618,-0.494111,-0.623385,-0.011374,-0.385523,-1.020116,-0.053432,-0.155805,-1.139225,-0.070941,-0.318787,-0.923592,0.280488,-0.402592,-1.265290,0.259338,-0.393240,-0.926661,0.283582,-0.330345,-0.734487,0.295016,-0.140178,-0.990126,0.196788,-0.239242,-1.358329,0.089877,-0.235082,-0.944447,0.037965,-0.181851,-0.797047,0.057928,0.040017,-1.015778,0.081466,-0.042769,-1.399534,-0.056122,-0.072150,-0.981800,-0.096798,-0.014408,-0.758013,-0.062346,0.262994,-0.991157,-0.041103,0.129481,-1.316826,-0.088991,0.074655,-1.036413,-0.092131,0.102108,-0.828436,-0.070791
FIST,-0.000000,0.000000,0.000000,-0.319959,-0.226503,-0.010038,-0.488883,-0.630080,-0.016293,-0.362003,-1.024090,-0.061762,-0.123984,-1.135447,-0.082853,-0.315204,-0.928698,0.260505,-0.398468,-1.268652,0.237014,-0.390587,-0.923167,0.262437,-0.325617,-0.728158,0.274737,-0.134014,-0.990979,0.177398,-0.234441,-1.357739,0.072130,-0.231274,-0.939964,0.026929,-0.173499,-0.787171,0.050367,0.046994,-1.013582,0.064107,-0.040377,-1.403585,-0.067857,-0.070178,-0.988484,-0.101362,-0.007930,-0.768457,-0.064810,0.271393,-0.986496,-0.056775,0.128757,-1.305538,-0.099247,0.077052,-1.022860,-0.097194,0.111013,-0.818855,-0.073737
FIST,-0.000000,0.000000,0.000000,-0.325299,-0.236056,-0.012914,-0.496430,-0.632552,-0.019405,-0.372356,-1.027617,-0.066369,-0.135649,-1.138954,-0.088137,-0.318679,-0.926107,0.276688,-0.401895,-1.251266,0.252707,-0.388922,-0.907894,0.274660,-0.326092,-0.723403,0.284171,-0.138126,-0.990415,0.193168,-0.241729,-1.346612,0.082956,-0.231935,-0.929643,0.030315,-0.176964,-0.793041,0.050069,0.042577,-1.016364,0.077711,-0.048666,-1.397074,-0.060884,-0.070623,-0.979413,-0.100710,-0.006941,-0.766723,-0.065789,0.268232,-0.990726,-0.045551,0.125342,-1.314419,-0.091753,0.076325,-1.032472,-0.093121,0.110330,-0.831031,-0.071156
FIST,-0.000000,0.000000,0.000000,-0.319686,-0.228425,-0.014854,-0.489780,-0.625262,-0.023124,-0.370194,-1.017977,-0.071555,-0.138757,-1.134642,-0.095890,-0.316527,-0.929522,0.264168,-0.399545,-1.267578,0.235644,-0.390354,-0.924196,0.255354,-0.327200,-0.729451,0.264001,-0.135972,-0.990713,0.180144,-0.237955,-1.355111,0.066855,-0.232980,-0.938782,0.013151,-0.178093,-0.790763,0.031567,0.045585,-1.011482,0.064300,-0.040940,-1.391961,-0.076627,-0.068300,-0.972425,-0.116017,-0.007657,-0.746757,-0.081341,0.271723,-0.982835,-0.059640,0.135174,-1.305741,-0.110008,0.081359,-1.027937,-0.112937,0.110157,-0.821978,-0.091732
FIST,-0.000000,0.000000,0.000000,-0.316274,-0.220540,-0.011056,-0.490326,-0.618208,-0.024577,-0.374957,-1.008541,-0.078806,-0.150535,-1.128728,-0.109410,-0.323868,-0.924693,0.248062,-0.402350,-1.252915,0.217987,-0.389911,-0.920166,0.235554,-0.325773,-0.727731,0.242070,-0.145997,-0.989285,0.160988,-0.245193,-1.340789,0.048804,-0.238752,-0.940204,-0.003104,-0.183648,-0.790583,0.013473,0.035814,-1.010728,0.044618,-0.050426,-1.390548,-0.091219,-0.076143,-0.984760,-0.124271,-0.015726,-0.757021,-0.089178,0.261552,-0.976743,-0.079941,0.126681,-1.302958,-0.126624,0.074626,-1.034177,-0.123933,0.105602,-0.826004,-0.100543
FIST,-0.000000,0.000000,0.000000,-0.339771,-0.190617,-0.033878,-0.546395,-0.568452,-0.054686,-0.438137,-0.948752,-0.109617,-0.175172,-1.027079,-0.141933,-0.327770,-0.928041,0.204561,-0.404693,-1.258351,0.167662,-0.409464,-0.923343,0.183860,-0.345651,-0.703331,0.191244,-0.148411,-0.988926,0.128448,-0.247870,-1.349289,0.013749,-0.257823,-0.947802,-0.034515,-0.187557,-0.741664,-0.016327,0.038470,-1.003204,0.022890,-0.061893,-1.387278,-0.119612,-0.094955,-0.982233,-0.154449,-0.016386,-0.730012,-0.120664,0.266742,-0.955372,-0.092864,0.113792,-1.282113,-0.150206,0.052542,-1.016404,-0.151904,0.096785,-0.791576,-0.130366
FIST,-0.000000,0.000000,0.000000,-0.326942,-0.163355,-0.047993,-0.567246,-0.535529,-0.080388,-0.523060,-0.909146,-0.135465,-0.245851,-0.967430,-0.164846,-0.314180,-0.933212,0.102772,-0.402566,-1.277440,0.041278,-0.394675,-0.907443,0.064404,-0.332051,-0.696135,0.079811,-0.137214,-0.990541,0.033008,-0.245429,-1.349754,-0.102207,-0.234512,-0.898993,-0.121599,-0.158075,-0.728031,-0.083285,0.046693,-1.001849,-0.062933,-0.077446,-1.391451,-0.223285,-0.102805,-0.961208,-0.234876,-0.015092,-0.743865,-0.184142,0.258429,-0.959898,-0.167749,0.091154,-1.253578,-0.230703,0.026161,-0.970829,-0.223264,0.078485,-0.779134,-0.195486
FIST,-0.000000,0.000000,0.000000,-0.330132,-0.144984,-0.047629,-0.568118,-0.457573,-0.075633,-0.583317,-0.789332,-0.125475,-0.346042,-0.851003,-0.155228,-0.311971,-0.935881,0.102163,-0.407388,-1.275412,0.041192,-0.411951,-0.966280,0.047133,-0.336270,-0.723441,0.052161,-0.158638,-0.987337,0.037196,-0.262934,-1.356021,-0.100335,-0.272827,-0.977357,-0.145495,-0.202458,-0.742135,-0.130728,0.023021,-0.988998,-0.051555,-0.092014,-1.399084,-0.218146,-0.136458,-1.046292,-0.255554,-0.071036,-0.784141,-0.227331,0.227443,-0.936238,-0.148437,0.088753,-1.277781,-0.235871,-0.000060,-1.053924,-0.249363,0.026302,-0.831169,-0.235579
FIST,-0.000000,0.000000,0.000000,-0.332975,-0.154378,-0.033391,-0.573803,-0.455473,-0.051780,-0.639939,-0.775599,-0.095242,-0.450157,-0.863838,-0.119976,-0.318131,-0.926760,0.125600,-0.417579,-1.290997,0.076586,-0.417524,-0.985332,0.084379,-0.342904,-0.722101,0.089505,-0.170387,-0.985377,0.057965,-0.269339,-1.371680,-0.078992,-0.277598,-1.007395,-0.139208,-0.218047,-0.741966,-0.135191,0.010657,-0.997415,-0.030785,-0.093098,-1.406688,-0.191531,-0.137449,-1.071387,-0.245083,-0.090734,-0.791517,-0.230249,0.212106,-0.957574,-0.125891,0.095999,-1.319599,-0.213145,0.002172,-1.116950,-0.238153,0.005991,-0.884861,-0.234184
FIST,-0.000000,0.000000,0.000000,-0.332270,-0.142696,-0.034183,-0.567172,-0.437202,-0.060905,-0.646795,-0.745264,-0.114136,-0.491961,-0.874927,-0.149931,-0.319021,-0.931151,0.119572,-0.422125,-1.302570,0.062712,-0.436672,-1.006782,0.066417,-0.367334,-0.740158,0.071155,-0.173035,-0.984916,0.049475,-0.281429,-1.390171,-0.094569,-0.305002,-1.028140,-0.154064,-0.247030,-0.756823,-0.146543,0.004147,-1.000825,-0.043108,-0.101120,-1.439924,-0.208150,-0.160030,-1.124287,-0.261617,-0.118432,-0.844051,-0.245738,0.201636,-0.967775,-0.141817,0.088866,-1.346894,-0.234156,-0.010513,-1.162051,-0.259609,-0.009192,-0.932756,-0.254348
FIST,-0.000000,0.000000,0.000000,-0.331386,-0.143982,-0.033744,-0.544887,-0.420408,-0.057087,-0.630388,-0.718274,-0.109474,-0.529553,-0.884821,-0.148621,-0.331120,-0.922462,0.135084,-0.430079,-1.309219,0.083028,-0.459073,-1.044029,0.079538,-0.397412,-0.771806,0.079145,-0.190006,-0.981783,0.066442,-0.288276,-1.402995,-0.075114,-0.330342,-1.066202,-0.154083,-0.284234,-0.776242,-0.161338,-0.019949,-1.007959,-0.025235,-0.099641,-1.455482,-0.187144,-0.178276,-1.173396,-0.267932,-0.156161,-0.880849,-0.273939,0.171684,-0.992302,-0.122296,0.089531,-1.377527,-0.221405,-0.022694,-1.227727,-0.269065,-0.044676,-1.004659,-0.281214
FIST,-0.000000,0.000000,0.000000,-0.328557,-0.139933,-0.022457,-0.538333,-0.426448,-0.039214,-0.619943,-0.723371,-0.087945,-0.529797,-0.895209,-0.124488,-0.334952,-0.919281,0.152052,-0.436667,-1.316532,0.106194,-0.471171,-1.058937,0.105630,-0.415897,-0.787771,0.107134,-0.194576,-0.980887,0.079478,-0.302472,-1.411883,-0.054030,-0.349579,-1.086670,-0.131681,-0.303928,-0.790813,-0.138686,-0.026509,-1.010251,-0.015800,-0.110117,-1.467479,-0.170468,-0.193681,-1.190462,-0.252126,-0.176403,-0.891620,-0.259971,0.162934,-0.999450,-0.116002,0.077549,-1.380585,-0.211698,-0.035112,-1.231009,-0.258928,-0.060180,-1.004726,-0.271031
FIST,-0.000000,0.000000,0.000000,-0.334787,-0.153926,-0.020097,-0.534815,-0.445306,-0.030516,-0.601193,-0.750778,-0.072858,-0.502252,-0.923170,-0.102686,-0.330263,-0.922437,0.163047,-0.434936,-1.322503,0.124961,-0.473286,-1.072283,0.131031,-0.425167,-0.807716,0.136762,-0.185359,-0.982671,0.091864,-0.291322,-1.423574,-0.034574,-0.343667,-1.103255,-0.106211,-0.302928,-0.810892,-0.108634,-0.016163,-1.009570,-0.002122,-0.095530,-1.472604,-0.152718,-0.184566,-1.193584,-0.231055,-0.170695,-0.893328,-0.235722,0.172065,-0.993939,-0.100965,0.091073,-1.380686,-0.195565,-0.023203,-1.231682,-0.241590,-0.048366,-1.006618,-0.251630
FIST,-0.000000,0.000000,0.000000,-0.338251,-0.157384,-0.018409,-0.540047,-0.456631,-0.029670,-0.612180,-0.763460,-0.074057,-0.517101,-0.925790,-0.105877,-0.341090,-0.920171,0.161342,-0.446905,-1.330050,0.116831,-0.480476,-1.079562,0.119244,-0.426354,-0.815333,0.123066,-0.196808,-0.980442,0.086861,-0.303670,-1.426477,-0.050172,-0.351770,-1.102588,-0.127296,-0.305796,-0.808871,-0.131520,-0.024356,-1.006655,-0.010385,-0.107609,-1.477389,-0.172559,-0.194589,-1.198268,-0.256702,-0.174937,-0.897060,-0.262368,0.166654,-0.990989,-0.111546,0.081779,-1.382596,-0.212374,-0.035915,-1.238969,-0.262382,-0.058152,-1.017601,-0.274691
FIST,-0.000000,0.000000,0.000000,-0.346125,-0.163284,-0.010697,-0.537792,-0.452569,-0.012432,-0.605274,-0.761420,-0.049120,-0.518636,-0.915871,-0.073886,-0.339779,-0.916021,0.185784,-0.447268,-1.317872,0.145229,-0.476029,-1.064639,0.146271,-0.422122,-0.803730,0.148619,-0.199333,-0.979932,0.110216,-0.306029,-1.417802,-0.027885,-0.350413,-1.087927,-0.112822,-0.305544,-0.796831,-0.121535,-0.029719,-1.009629,0.011429,-0.111707,-1.474873,-0.156526,-0.196120,-1.189408,-0.251766,-0.175932,-0.887488,-0.262629,0.158176,-1.000629,-0.089892,0.073374,-1.390378,-0.196195,-0.040288,-1.239275,-0.254247,-0.059399,-1.014407,-0.271718
FIST,-0.000000,0.000000,0.000000,-0.343678,-0.163579,-0.025681,-0.531197,-0.458682,-0.037584,-0.584056,-0.770899,-0.081605,-0.485106,-0.919489,-0.113615,-0.337519,-0.919658,0.154506,-0.442498,-1.309785,0.105474,-0.467789,-1.044147,0.106125,-0.412392,-0.782240,0.108513,-0.190055,-0.981773,0.082081,-0.294079,-1.413354,-0.062847,-0.338167,-1.072082,-0.142471,-0.293961,-0.785543,-0.147514,-0.017273,-1.005420,-0.014391,-0.098618,-1.468948,-0.189157,-0.186068,-1.170794,-0.279895,-0.167046,-0.870944,-0.287229,0.173216,-0.985169,-0.114461,0.085941,-1.367568,-0.225267,-0.030494,-1.206634,-0.281708,-0.049992,-0.983071,-0.297545
FIST,-0.000000,0.000000,0.000000,-0.337095,-0.160381,-0.019612,-0.528742,-0.460291,-0.030489,-0.586441,-0.770490,-0.073448,-0.482436,-0.923248,-0.104254,-0.332812,-0.921750,0.152879,-0.435867,-1.307851,0.105621,-0.471684,-1.054398,0.109891,-0.420494,-0.795290,0.115562,-0.186866,-0.982385,0.078597,-0.287523,-1.409258,-0.058334,-0.339619,-1.074245,-0.126955,-0.296920,-0.790950,-0.125494,-0.015173,-1.005170,-0.019215,-0.093777,-1.465634,-0.185341,-0.183291,-1.172730,-0.263032,-0.163909,-0.877999,-0.263527,0.175420,-0.983700,-0.120839,0.089068,-1.365598,-0.226520,-0.025390,-1.207081,-0.274284,-0.042394,-0.987119,-0.283791
FIST,-0.000000,0.000000,0.000000,-0.339914,-0.159685,-0.017763,-0.533526,-0.456817,-0.026261,-0.591360,-0.769491,-0.067601,-0.491844,-0.932266,-0.096592,-0.337082,-0.918343,0.163888,-0.442997,-1.314760,0.119084,-0.466791,-1.055720,0.122697,-0.411691,-0.791720,0.127567,-0.188955,-0.981986,0.090124,-0.291208,-1.414563,-0.048563,-0.330754,-1.075743,-0.124205,-0.286324,-0.785763,-0.126626,-0.012751,-1.008800,-0.006654,-0.089795,-1.476321,-0.171695,-0.171990,-1.182205,-0.255367,-0.154542,-0.878437,-0.259596,0.181820,-0.992896,-0.106998,0.098839,-1.375968,-0.209569,-0.013948,-1.220276,-0.260246,-0.035674,-0.997445,-0.272496
FIST,-0.000000,0.000000,0.000000,-0.331407,-0.155370,-0.026903,-0.531142,-0.464176,-0.037680,-0.591831,-0.775346,-0.079132,-0.482037,-0.923789,-0.108458,-0.329075,-0.921941,0.145412,-0.435700,-1.309330,0.095627,-0.454871,-1.039960,0.096560,-0.395433,-0.776928,0.099888,-0.181469,-0.983397,0.075170,-0.286332,-1.408564,-0.067435,-0.322946,-1.067790,-0.144702,-0.276176,-0.780668,-0.149096,-0.007365,-1.008074,-0.018187,-0.087979,-1.466367,-0.185683,-0.168129,-1.169268,-0.268717,-0.148721,-0.864709,-0.272814,0.184843,-0.992192,-0.116199,0.107638,-1.370427,-0.219890,-0.004630,-1.219285,-0.271042,-0.027800,-1.001760,-0.283975
FIST,-0.000000,0.000000,0.000000,-0.333000,-0.154649,-0.045700,-0.542185,-0.468226,-0.064470,-0.581175,-0.786041,-0.107980,-0.418505,-0.893754,-0.137258,-0.340071,-0.921144,0.102939,-0.438000,-1.312585,0.048743,-0.450480,-1.036574,0.054019,-0.389763,-0.774461,0.060819,-0.185859,-0.982576,0.041099,-0.277075,-1.412152,-0.103033,-0.311825,-1.075937,-0.170416,-0.268461,-0.795348,-0.168728,-0.008636,-1.001211,-0.043184,-0.076244,-1.462026,-0.211634,-0.156810,-1.173445,-0.287757,-0.141757,-0.875680,-0.286557,0.183828,-0.971335,-0.133764,0.111529,-1.356289,-0.233754,-0.000079,-1.211351,-0.280161,-0.024218,-0.994976,-0.289905
FIST,-0.000000,0.000000,0.000000,-0.326809,-0.147938,-0.054758,-0.543871,-0.463607,-0.071245,-0.575589,-0.785035,-0.109078,-0.384237,-0.863630,-0.131051,-0.349891,-0.918024,0.097180,-0.447156,-1.303164,0.046445,-0.455449,-1.022269,0.055586,-0.390359,-0.760962,0.065160,-0.196622,-0.980479,0.041149,-0.283269,-1.408051,-0.094229,-0.313805,-1.073817,-0.156709,-0.267610,-0.800324,-0.153023,-0.020678,-1.000015,-0.038242,-0.079105,-1.453036,-0.199238,-0.155637,-1.165914,-0.274100,-0.139369,-0.873437,-0.272346,0.170935,-0.969772,-0.125206,0.105982,-1.355655,-0.218542,-0.005099,-1.213612,-0.263963,-0.031601,-0.998618,-0.273331
FIST,-0.000000,0.000000,0.000000,-0.338487,-0.156418,-0.059587,-0.558108,-0.469338,-0.073758,-0.560782,-0.793362,-0.109052,-0.334500,-0.835780,-0.127467,-0.360969,-0.916838,0.099332,-0.456483,-1.298261,0.046709,-0.457147,-1.007877,0.052943,-0.392051,-0.754290,0.060076,-0.209354,-0.977840,0.044303,-0.292250,-1.404775,-0.094077,-0.316405,-1.073157,-0.162331,-0.269723,-0.811640,-0.162866,-0.034994,-0.994274,-0.035201,-0.088056,-1.446891,-0.201569,-0.162656,-1.166898,-0.284566,-0.144396,-0.880447,-0.286450,0.152328,-0.959974,-0.122733,0.090797,-1.345409,-0.216572,-0.019369,-1.208363,-0.266921,-0.043712,-0.998118,-0.280499
FIST,-0.000000,0.000000,0.000000,-0.339248,-0.175397,-0.057405,-0.555254,-0.470905,-0.067533,-0.564934,-0.809187,-0.099058,-0.329178,-0.834213,-0.111646,-0.368747,-0.912002,0.114269,-0.466569,-1.289093,0.060903,-0.461474,-0.996902,0.066475,-0.390471,-0.771295,0.072046,-0.221869,-0.975077,0.055297,-0.300016,-1.401077,-0.084275,-0.320943,-1.058791,-0.150719,-0.275503,-0.831892,-0.149483,-0.052365,-0.991602,-0.030481,-0.104107,-1.446499,-0.206694,-0.178326,-1.153567,-0.290921,-0.154830,-0.873822,-0.289032,0.129702,-0.954870,-0.123578,0.067558,-1.337355,-0.220369,-0.043852,-1.187368,-0.271444,-0.063425,-0.970573,-0.284253
FIST,-0.000000,0.000000,0.000000,-0.332333,-0.166496,-0.049117,-0.559980,-0.465012,-0.068766,-0.540569,-0.820528,-0.111826,-0.292532,-0.896568,-0.131592,-0.401450,-0.891159,0.132787,-0.492965,-1.253716,0.084539,-0.473404,-0.941658,0.099868,-0.407214,-0.729852,0.110632,-0.250661,-0.968075,0.068144,-0.334076,-1.365996,-0.061797,-0.330783,-0.993881,-0.108037,-0.280348,-0.794838,-0.089823,-0.086494,-0.992635,-0.022916,-0.153296,-1.420387,-0.183302,-0.193267,-1.075153,-0.230973,-0.153505,-0.823683,-0.204619,0.098433,-0.954898,-0.122589,-0.007621,-1.307320,-0.198383,-0.084064,-1.095298,-0.217311,-0.076429,-0.874147,-0.206601
FIST,-0.000000,0.000000,0.000000,-0.324724,-0.176601,-0.034914,-0.541269,-0.506890,-0.048157,-0.508287,-0.877840,-0.087278,-0.272775,-0.946285,-0.104444,-0.372785,-0.901827,0.135720,-0.464560,-1.258466,0.095103,-0.447010,-0.937979,0.117408,-0.375201,-0.726450,0.131387,-0.219720,-0.975563,0.065819,-0.306079,-1.365531,-0.051097,-0.308430,-0.993929,-0.087706,-0.253443,-0.796479,-0.066195,-0.056785,-0.994163,-0.029038,-0.127347,-1.414351,-0.177749,-0.178867,-1.062705,-0.216021,-0.139269,-0.812229,-0.186980,0.123240,-0.951135,-0.131676,0.012778,-1.290499,-0.200308,-0.065576,-1.062889,-0.211831,-0.056125,-0.839579,-0.197797
FIST,-0.000000,0.000000,0.000000,-0.326962,-0.175497,-0.048794,-0.539227,-0.526723,-0.060834,-0.492803,-0.900114,-0.096272,-0.262961,-0.959327,-0.109472,-0.367133,-0.899681,0.135123,-0.444227,-1.247549,0.091413,-0.425991,-0.930493,0.112884,-0.366370,-0.723096,0.128065,-0.211071,-0.977471,0.075231,-0.290981,-1.359609,-0.044536,-0.286135,-0.985341,-0.080017,-0.237763,-0.792824,-0.055529,-0.049571,-0.996472,-0.012279,-0.117158,-1.407340,-0.162962,-0.157330,-1.052592,-0.200818,-0.122148,-0.809882,-0.169403,0.129055,-0.953262,-0.109566,0.026192,-1.255881,-0.176712,-0.044426,-1.032531,-0.190274,-0.041297,-0.832891,-0.176867
FIST,-0.000000,0.000000,0.000000,-0.325218,-0.184910,-0.043892,-0.524585,-0.542534,-0.058616,-0.458394,-0.910969,-0.098531,-0.225656,-0.952624,-0.116869,-0.352097,-0.904917,0.137618,-0.436143,-1.232345,0.094249,-0.419484,-0.913156,0.112857,-0.352491,-0.709301,0.125279,-0.195411,-0.980722,0.074113,-0.280884,-1.348286,-0.042118,-0.275349,-0.978325,-0.078579,-0.217792,-0.788122,-0.056888,-0.031790,-0.995781,-0.016075,-0.107552,-1.395137,-0.159599,-0.147466,-1.048681,-0.194921,-0.101633,-0.810687,-0.164721,0.151174,-0.947136,-0.116068,0.042581,-1.248564,-0.175960,-0.028287,-1.027443,-0.185175,-0.017753,-0.829184,-0.171032
FIST,-0.000000,0.000000,0.000000,-0.319043,-0.190367,-0.047052,-0.513774,-0.553724,-0.068595,-0.436596,-0.916698,-0.114264,-0.208090,-0.968553,-0.137589,-0.338648,-0.916418,0.121442,-0.416322,-1.259132,0.077162,-0.402830,-0.934290,0.103309,-0.340823,-0.728427,0.121560,-0.171613,-0.985164,0.057950,-0.248467,-1.369401,-0.058541,-0.248087,-0.985525,-0.080377,-0.194440,-0.797570,-0.046305,-0.001981,-0.993946,-0.032092,-0.074172,-1.410631,-0.174227,-0.117961,-1.050660,-0.195520,-0.073424,-0.819182,-0.154663,0.187591,-0.937200,-0.132037,0.073016,-1.247214,-0.192475,-0.000270,-1.022388,-0.194793,0.011434,-0.833031,-0.173542
FIST,-0.000000,0.000000,0.000000,-0.317257,-0.194903,-0.036721,-0.510811,-0.569372,-0.059446,-0.415577,-0.926419,-0.109659,-0.173151,-0.959730,-0.137319,-0.336717,-0.920244,0.126546,-0.406180,-1.265837,0.076793,-0.395863,-0.930523,0.098646,-0.337775,-0.725166,0.114400,-0.170738,-0.985317,0.056125,-0.241243,-1.363511,-0.066076,-0.241293,-0.967187,-0.090696,-0.187223,-0.779643,-0.057479,-0.001018,-0.993739,-0.039675,-0.071680,-1.399471,-0.181813,-0.113971,-1.028389,-0.197524,-0.068731,-0.799420,-0.153453,0.190924,-0.940437,-0.145429,0.065197,-1.257698,-0.200889,-0.002019,-1.024231,-0.196112,0.016283,-0.831520,-0.171127
FIST,-0.000000,0.000000,0.000000,-0.316840,-0.194097,-0.032560,-0.508915,-0.572994,-0.057140,-0.405018,-0.928618,-0.110081,-0.163845,-0.957536,-0.139864,-0.341744,-0.919120,0.123717,-0.411064,-1.246393,0.072705,-0.397929,-0.902974,0.096666,-0.339913,-0.703624,0.114166,-0.173285,-0.984872,0.050386,-0.244605,-1.347502,-0.071737,-0.237853,-0.938982,-0.088201,-0.181874,-0.765083,-0.048463,-0.002688,-0.995692,-0.048000,-0.079222,-1.384541,-0.186946,-0.113134,-0.996381,-0.189697,-0.061264,-0.777838,-0.136735,0.191673,-0.945875,-0.156687,0.061325,-1.253379,-0.206684,0.000216,-1.008071,-0.192758,0.024380,-0.824081,-0.161065
FIST,-0.000000,0.000000,0.000000,-0.315457,-0.189686,-0.038910,-0.505196,-0.568420,-0.064879,-0.397716,-0.922792,-0.117736,-0.157135,-0.954718,-0.147709,-0.339679,-0.920237,0.117981,-0.406489,-1.247469,0.067359,-0.395760,-0.902494,0.091942,-0.337904,-0.697953,0.109893,-0.169898,-0.985462,0.048104,-0.238449,-1.349802,-0.073651,-0.235964,-0.939993,-0.090259,-0.179895,-0.759413,-0.050373,0.000424,-0.994615,-0.047314,-0.071458,-1.384839,-0.187130,-0.108910,-0.997405,-0.192875,-0.056826,-0.778924,-0.141630,0.194475,-0.942660,-0.153127,0.066864,-1.255618,-0.206154,0.002965,-1.011966,-0.195457,0.026434,-0.828006,-0.165397
FIST,-0.000000,0.000000,0.000000,-0.306961,-0.194596,-0.030529,-0.495805,-0.576500,-0.062981,-0.393251,-0.930932,-0.125126,-0.166407,-0.990831,-0.164384,-0.326135,-0.932618,0.127389,-0.401807,-1.250918,0.074690,-0.396094,-0.904749,0.093665,-0.336081,-0.711125,0.106033,-0.155521,-0.987833,0.050525,-0.238409,-1.334344,-0.067935,-0.237665,-0.917802,-0.087593,-0.175849,-0.753252,-0.052295,0.018144,-0.992941,-0.050951,-0.067630,-1.374394,-0.184752,-0.101061,-0.975801,-0.186214,-0.039265,-0.762819,-0.135696,0.221526,-0.942419,-0.162588,0.081092,-1.243804,-0.209651,0.022907,-0.985253,-0.191671,0.057040,-0.800687,-0.158412
FIST,-0.000000,0.000000,0.000000,-0.306184,-0.205026,-0.019657,-0.499639,-0.577928,-0.047069,-0.422050,-0.929734,-0.104917,-0.209073,-1.005677,-0.140770,-0.321087,-0.936518,0.131607,-0.407112,-1.230462,0.082763,-0.399615,-0.892477,0.102500,-0.332555,-0.709627,0.114912,-0.151817,-0.988409,0.053437,-0.242872,-1.313183,-0.059932,-0.236711,-0.905195,-0.077181,-0.167663,-0.763282,-0.042723,0.023585,-0.993810,-0.047677,-0.075471,-1.333484,-0.175342,-0.102381,-0.939803,-0.173722,-0.029640,-0.756418,-0.123833,0.232028,-0.953320,-0.157644,0.084157,-1.235366,-0.200601,0.031473,-0.974781,-0.180848,0.078433,-0.811461,-0.147703
FIST,-0.000000,0.000000,0.000000,-0.317655,-0.197799,-0.024514,-0.525588,-0.560770,-0.049434,-0.448644,-0.921951,-0.104873,-0.220601,-0.996517,-0.136950,-0.345098,-0.926049,0.147670,-0.432495,-1.212825,0.104173,-0.425094,-0.874440,0.127550,-0.360254,-0.685347,0.141921,-0.170537,-0.985351,0.069393,-0.268932,-1.320753,-0.044992,-0.261975,-0.909603,-0.063543,-0.189876,-0.748450,-0.027253,0.010078,-0.999213,-0.033752,-0.094075,-1.347649,-0.169105,-0.119851,-0.940165,-0.170713,-0.043487,-0.734562,-0.117985,0.226496,-0.959216,-0.146040,0.078396,-1.259932,-0.196754,0.021254,-0.994347,-0.179838,0.066307,-0.810728,-0.145232
FIST,-0.000000,0.000000,0.000000,-0.311876,-0.201361,-0.021112,-0.518527,-0.561720,-0.044791,-0.453126,-0.924399,-0.099035,-0.227246,-0.999325,-0.130292,-0.335333,-0.928423,0.143724,-0.427209,-1.234761,0.097989,-0.416985,-0.882555,0.121859,-0.347499,-0.686076,0.136566,-0.162574,-0.986696,0.064101,-0.263152,-1.324003,-0.054611,-0.249376,-0.898741,-0.075203,-0.171144,-0.744075,-0.039893,0.019071,-0.999835,-0.039353,-0.091256,-1.344778,-0.178385,-0.110738,-0.931634,-0.183562,-0.025755,-0.733110,-0.133293,0.236520,-0.965682,-0.150799,0.080353,-1.261298,-0.203362,0.028337,-0.987353,-0.189039,0.082615,-0.805989,-0.157117
FIST,-0.000000,0.000000,0.000000,-0.311703,-0.192601,-0.017049,-0.520121,-0.555106,-0.043700,-0.441315,-0.912673,-0.103089,-0.210318,-0.984486,-0.138892,-0.334471,-0.929383,0.148406,-0.423213,-1.222336,0.102007,-0.406713,-0.872882,0.126080,-0.335173,-0.682219,0.140711,-0.159553,-0.987189,0.063319,-0.265796,-1.322029,-0.054910,-0.248532,-0.897562,-0.070876,-0.169899,-0.745168,-0.031652,0.021618,-1.001348,-0.045943,-0.088323,-1.352116,-0.183089,-0.105799,-0.931945,-0.178759,-0.023313,-0.728148,-0.121404,0.241339,-0.960939,-0.163868,0.085479,-1.267342,-0.213608,0.035070,-0.993131,-0.191661,0.087840,-0.808844,-0.153396
FIST,-0.000000,0.000000,0.000000,-0.321212,-0.196785,-0.022209,-0.531155,-0.563065,-0.044102,-0.457197,-0.929840,-0.098073,-0.227266,-1.001364,-0.129725,-0.342386,-0.924001,0.155133,-0.428455,-1.234325,0.109648,-0.415066,-0.885198,0.129956,-0.348390,-0.686258,0.141914,-0.169359,-0.985554,0.074946,-0.271822,-1.328215,-0.047232,-0.256198,-0.906673,-0.076371,-0.178719,-0.735155,-0.046039,0.013957,-1.001628,-0.029802,-0.096217,-1.355848,-0.172793,-0.113408,-0.943033,-0.184436,-0.029063,-0.726438,-0.137159,0.235905,-0.968180,-0.142941,0.080271,-1.277814,-0.198649,0.027112,-1.009827,-0.188282,0.078672,-0.818660,-0.158848
FIST,-0.000000,0.000000,0.000000,-0.320233,-0.191295,-0.024763,-0.531973,-0.563765,-0.050479,-0.453745,-0.937050,-0.106854,-0.216661,-1.014268,-0.139890,-0.348594,-0.922212,0.140171,-0.438039,-1.231895,0.090112,-0.422804,-0.873732,0.114947,-0.354100,-0.674543,0.131235,-0.171031,-0.985266,0.060093,-0.274284,-1.333347,-0.066174,-0.254508,-0.898297,-0.085335,-0.175275,-0.738193,-0.045848,0.013159,-1.004242,-0.044974,-0.097000,-1.364919,-0.192224,-0.111404,-0.939071,-0.195542,-0.024930,-0.731601,-0.140376,0.235561,-0.974382,-0.158275,0.077433,-1.279801,-0.214395,0.027908,-1.001234,-0.199317,0.082894,-0.817038,-0.165282
FIST,-0.000000,0.000000,0.000000,-0.316977,-0.188728,-0.029448,-0.531998,-0.551075,-0.057983,-0.463328,-0.922217,-0.116576,-0.228015,-1.010672,-0.151765,-0.351969,-0.918635,0.136959,-0.449068,-1.224020,0.084072,-0.432404,-0.871525,0.107175,-0.360789,-0.669366,0.122611,-0.176099,-0.984372,0.058236,-0.282767,-1.329899,-0.072339,-0.259032,-0.899083,-0.093235,-0.178322,-0.737971,-0.054193,0.007674,-1.006085,-0.046067,-0.104944,-1.365396,-0.198198,-0.115795,-0.941608,-0.203373,-0.028313,-0.733275,-0.148413,0.230748,-0.977656,-0.158815,0.072171,-1.278774,-0.219359,0.021734,-1.000842,-0.206321,0.074956,-0.816322,-0.172726
FIST,-0.000000,0.000000,0.000000,-0.316145,-0.189515,-0.029013,-0.530214,-0.554692,-0.057818,-0.465287,-0.926627,-0.116524,-0.236248,-1.017004,-0.151525,-0.347217,-0.920582,0.131719,-0.444223,-1.224158,0.077837,-0.429741,-0.868853,0.103534,-0.360651,-0.670449,0.121312,-0.170536,-0.985351,0.052163,-0.279790,-1.337505,-0.078816,-0.260983,-0.900297,-0.094155,-0.183345,-0.743910,-0.050663,0.012601,-1.005595,-0.053251,-0.102757,-1.370057,-0.206804,-0.120365,-0.940837,-0.207207,-0.035759,-0.732379,-0.148088,0.234177,-0.974542,-0.167050,0.077911,-1.281420,-0.229761,0.022949,-1.004730,-0.214926,0.073273,-0.822265,-0.179034
FIST,-0.000000,0.000000,0.000000,-0.317672,-0.195253,-0.024691,-0.528018,-0.561565,-0.053233,-0.457268,-0.930653,-0.112663,-0.230117,-1.010316,-0.148815,-0.346553,-0.922077,0.132361,-0.438984,-1.227796,0.078989,-0.424979,-0.872938,0.104163,-0.356858,-0.677545,0.121558,-0.168101,-0.985770,0.050434,-0.273484,-1.337499,-0.077899,-0.257211,-0.902091,-0.092377,-0.180567,-0.747834,-0.049323,0.015041,-1.002995,-0.056803,-0.095772,-1.368123,-0.206206,-0.114891,-0.941853,-0.204270,-0.031809,-0.732702,-0.144951,0.236119,-0.968301,-0.172378,0.084282,-1.277788,-0.231267,0.031264,-1.003964,-0.214200,0.081882,-0.820740,-0.177662
FIST,-0.000000,0.000000,0.000000,-0.320477,-0.197080,-0.024509,-0.527609,-0.567611,-0.046905,-0.449853,-0.935965,-0.100346,-0.219732,-0.997761,-0.130281,-0.342751,-0.926249,0.147908,-0.427493,-1.247203,0.101090,-0.416825,-0.887216,0.127200,-0.350865,-0.679569,0.144053,-0.165227,-0.986256,0.068757,-0.262816,-1.340888,-0.054743,-0.250676,-0.908101,-0.076407,-0.174611,-0.743558,-0.038981,0.019442,-1.001517,-0.035905,-0.086185,-1.361520,-0.182841,-0.109177,-0.936616,-0.191951,-0.027681,-0.724665,-0.140485,0.240517,-0.968111,-0.148588,0.087405,-1.276479,-0.207029,0.031411,-1.000613,-0.196661,0.081488,-0.812654,-0.165764
FIST,-0.000000,0.000000,0.000000,-0.315966,-0.188407,-0.035438,-0.524704,-0.559427,-0.060808,-0.447771,-0.926707,-0.114625,-0.210132,-0.979395,-0.145134,-0.341372,-0.926590,0.131179,-0.424903,-1.237649,0.083146,-0.417072,-0.885178,0.108327,-0.353720,-0.685819,0.124199,-0.163654,-0.986518,0.056731,-0.261126,-1.335414,-0.063915,-0.253486,-0.910900,-0.082293,-0.179373,-0.748747,-0.044873,0.018684,-0.997154,-0.044186,-0.084228,-1.355052,-0.190837,-0.112154,-0.937761,-0.199726,-0.032809,-0.726868,-0.148959,0.234839,-0.953440,-0.154109,0.089758,-1.256363,-0.214853,0.028258,-0.990585,-0.206740,0.073205,-0.809459,-0.177409
FIST,-0.000000,0.000000,0.000000,-0.326161,-0.185564,-0.029816,-0.536252,-0.540100,-0.048488,-0.493341,-0.917310,-0.097201,-0.279186,-1.022659,-0.125085,-0.350160,-0.916611,0.149754,-0.435339,-1.252119,0.107669,-0.434831,-0.935608,0.127609,-0.373001,-0.711779,0.139967,-0.185832,-0.982581,0.075860,-0.278626,-1.355499,-0.048775,-0.279552,-0.970485,-0.086325,-0.209262,-0.749606,-0.062637,-0.003672,-1.000791,-0.022562,-0.102432,-1.382258,-0.174413,-0.135433,-0.999747,-0.201339,-0.062077,-0.743622,-0.163489,0.214411,-0.961632,-0.128940,0.078062,-1.296932,-0.202439,0.003361,-1.059143,-0.207238,0.037081,-0.846303,-0.186159
FIST,-0.000000,0.000000,0.000000,-0.315279,-0.198697,-0.031811,-0.513891,-0.541969,-0.054016,-0.492006,-0.911572,-0.105311,-0.297735,-1.035835,-0.136706,-0.324595,-0.927623,0.144641,-0.416833,-1.255712,0.096958,-0.417514,-0.941076,0.110199,-0.349096,-0.715990,0.118414,-0.166354,-0.986066,0.070672,-0.259794,-1.347488,-0.058775,-0.266658,-0.959580,-0.103615,-0.198104,-0.740008,-0.085949,0.010777,-0.996125,-0.027799,-0.082657,-1.380517,-0.185841,-0.127804,-1.006401,-0.220819,-0.061571,-0.746204,-0.189014,0.218864,-0.951247,-0.133494,0.093655,-1.287035,-0.213462,0.007845,-1.056332,-0.223357,0.033133,-0.841896,-0.206157
FIST,-0.000000,0.000000,0.000000,-0.302957,-0.194687,-0.040893,-0.510736,-0.543813,-0.067365,-0.507729,-0.905519,-0.120125,-0.305620,-1.028810,-0.152140,-0.298081,-0.944329,0.122353,-0.382492,-1.301438,0.071763,-0.395858,-0.990838,0.085808,-0.338551,-0.754677,0.095611,-0.143231,-0.989689,0.052926,-0.224435,-1.370173,-0.078583,-0.249984,-0.984930,-0.119867,-0.194572,-0.748937,-0.099580,0.031366,-0.990670,-0.040333,-0.057635,-1.388018,-0.196848,-0.118351,-1.020745,-0.226653,-0.064872,-0.746532,-0.192241,0.234010,-0.934565,-0.142375,0.117756,-1.284433,-0.221702,0.019663,-1.069568,-0.228843,0.033734,-0.847496,-0.209069
FIST,-0.000000,0.000000,0.000000,-0.316085,-0.188083,-0.043231,-0.536804,-0.529230,-0.058160,-0.558876,-0.888236,-0.097798,-0.347784,-0.998488,-0.118605,-0.298857,-0.949832,0.134270,-0.382653,-1.322071,0.089180,-0.405725,-1.034679,0.099260,-0.351976,-0.790517,0.106267,-0.151012,-0.988532,0.069543,-0.224362,-1.386546,-0.060052,-0.262838,-1.028011,-0.116608,-0.214522,-0.768202,-0.108825,0.024614,-0.984601,-0.019307,-0.050230,-1.392983,-0.178656,-0.124673,-1.055681,-0.231412,-0.087460,-0.765094,-0.213581,0.225466,-0.930453,-0.116515,0.133674,-1.301506,-0.204543,0.023915,-1.113327,-0.229775,0.019583,-0.881888,-0.223577
FIST,-0.000000,0.000000,0.000000,-0.315722,-0.178737,-0.041440,-0.551852,-0.500361,-0.062565,-0.623930,-0.840225,-0.105416,-0.443386,-0.982794,-0.129305,-0.304538,-0.949556,0.099798,-0.393762,-1.333383,0.055829,-0.408120,-1.049611,0.072343,-0.348946,-0.796468,0.083894,-0.153340,-0.988173,0.035711,-0.224110,-1.403924,-0.092347,-0.261368,-1.058879,-0.138167,-0.221425,-0.793431,-0.124983,0.022089,-0.984149,-0.049386,-0.043186,-1.409089,-0.201178,-0.124656,-1.102499,-0.246829,-0.108029,-0.812677,-0.228218,0.214265,-0.926813,-0.141929,0.144389,-1.293171,-0.226914,0.030553,-1.131059,-0.250984,0.007715,-0.910351,-0.244760
FIST,-0.000000,0.000000,0.000000,-0.318636,-0.168376,-0.096090,-0.568102,-0.487930,-0.144112,-0.655670,-0.841264,-0.202831,-0.475152,-0.989785,-0.240348,-0.317979,-0.938279,0.026139,-0.418596,-1.344396,-0.038771,-0.431936,-1.073046,-0.029761,-0.372989,-0.815636,-0.020168,-0.156787,-0.987633,-0.015889,-0.226189,-1.436375,-0.160376,-0.265199,-1.117465,-0.214191,-0.236700,-0.863322,-0.206102,0.025574,-0.990235,-0.082931,-0.026288,-1.452135,-0.248237,-0.112183,-1.185554,-0.310538,-0.108573,-0.890860,-0.300682,0.224306,-0.932819,-0.160657,0.180229,-1.305204,-0.253498,0.052985,-1.197482,-0.293414,0.004905,-1.002211,-0.297829
FIST,-0.000000,0.000000,0.000000,-0.305620,-0.138975,-0.106995,-0.555448,-0.444715,-0.176595,-0.655710,-0.772015,-0.257023,-0.517075,-0.957653,-0.317064,-0.325970,-0.930543,-0.004800,-0.423406,-1.330008,-0.084761,-0.439151,-1.076747,-0.085636,-0.376798,-0.829045,-0.081202,-0.164719,-0.986340,-0.048488,-0.236786,-1.447091,-0.200116,-0.277324,-1.150188,-0.255236,-0.247821,-0.907877,-0.249089,0.017093,-0.995419,-0.118374,-0.030372,-1.470775,-0.281972,-0.115561,-1.219102,-0.338135,-0.114643,-0.933714,-0.327911,0.219819,-0.942059,-0.200588,0.181865,-1.312508,-0.294600,0.052581,-1.213894,-0.331147,-0.005579,-1.030317,-0.333799
FIST,-0.000000,0.000000,0.000000,-0.286271,-0.125575,-0.113180,-0.540097,-0.437393,-0.192777,-0.640700,-0.745516,-0.280733,-0.506671,-0.911543,-0.349003,-0.321124,-0.934489,-0.047746,-0.420940,-1.315131,-0.132420,-0.436732,-1.065688,-0.131118,-0.374039,-0.827142,-0.123961,-0.156306,-0.987709,-0.089636,-0.226548,-1.439558,-0.236061,-0.271621,-1.146468,-0.274741,-0.242153,-0.907524,-0.259191,0.023083,-0.992815,-0.155699,-0.017931,-1.456322,-0.307181,-0.105997,-1.206254,-0.342294,-0.109035,-0.929235,-0.321546,0.221795,-0.932109,-0.235870,0.196337,-1.294847,-0.320615,0.069419,-1.197575,-0.342863,0.008848,-1.022728,-0.335767
FIST,-0.000000,0.000000,0.000000,-0.307404,-0.137658,-0.097246,-0.559617,-0.432848,-0.164892,-0.655428,-0.740923,-0.243876,-0.505839,-0.888613,-0.302619,-0.352790,-0.929718,-0.023099,-0.449735,-1.313360,-0.102613,-0.461586,-1.043518,-0.095361,-0.402555,-0.807710,-0.084812,-0.187774,-0.982212,-0.072912,-0.261144,-1.433415,-0.226469,-0.299166,-1.110823,-0.262022,-0.266602,-0.873875,-0.240055,-0.009500,-0.988519,-0.146495,-0.058326,-1.455016,-0.312022,-0.144077,-1.179887,-0.346952,-0.143184,-0.901676,-0.319726,0.182580,-0.932603,-0.231878,0.152204,-1.307581,-0.323451,0.027942,-1.193352,-0.346477,-0.024019,-1.010188,-0.337463
FIST,-0.000000,0.000000,0.000000,-0.296142,-0.136664,-0.088591,-0.550155,-0.426576,-0.156625,-0.651502,-0.714452,-0.238587,-0.501250,-0.842207,-0.300897,-0.349185,-0.933492,-0.013641,-0.441175,-1.312160,-0.090953,-0.449916,-1.031448,-0.087487,-0.384859,-0.784808,-0.080490,-0.189907,-0.981802,-0.067725,-0.265709,-1.419621,-0.216732,-0.299886,-1.089874,-0.258197,-0.260585,-0.839278,-0.242179,-0.014488,-0.985831,-0.144031,-0.064040,-1.443564,-0.298817,-0.142714,-1.165013,-0.335207,-0.136348,-0.885311,-0.313428,0.177388,-0.931514,-0.232433,0.138786,-1.308106,-0.314683,0.020467,-1.183365,-0.334790,-0.026813,-0.992446,-0.327002
FIST,-0.000000,0.000000,0.000000,-0.299453,-0.131541,-0.105335,-0.553186,-0.408999,-0.183721,-0.663169,-0.700724,-0.272694,-0.523328,-0.846279,-0.341059,-0.366478,-0.923724,-0.041183,-0.468257,-1.299284,-0.127543,-0.467687,-1.017914,-0.126790,-0.398464,-0.779921,-0.121534,-0.203186,-0.979140,-0.090586,-0.281278,-1.419170,-0.248625,-0.307058,-1.086231,-0.289851,-0.270337,-0.849172,-0.273722,-0.024486,-0.986955,-0.163514,-0.078561,-1.444856,-0.328885,-0.152861,-1.157517,-0.364792,-0.147833,-0.878841,-0.341020,0.170634,-0.931972,-0.249110,0.130956,-1.299708,-0.339109,0.012252,-1.171811,-0.361474,-0.037032,-0.983406,-0.354223
FIST,-0.000000,0.000000,0.000000,-0.288831,-0.127514,-0.104957,-0.543301,-0.416252,-0.189958,-0.656887,-0.699677,-0.286139,-0.536842,-0.846955,-0.363137,-0.360828,-0.931095,-0.060952,-0.462607,-1.309122,-0.150662,-0.469357,-1.033219,-0.151453,-0.404066,-0.790449,-0.146135,-0.194867,-0.980830,-0.110499,-0.277805,-1.412969,-0.265749,-0.310516,-1.083378,-0.303121,-0.275289,-0.839270,-0.285405,-0.015826,-0.984856,-0.181637,-0.069788,-1.438759,-0.336087,-0.146383,-1.163554,-0.362906,-0.142811,-0.887691,-0.336820,0.181500,-0.927631,-0.266261,0.149455,-1.297898,-0.347222,0.036122,-1.177528,-0.360941,-0.012108,-0.994390,-0.348908
FIST,-0.000000,0.000000,0.000000,-0.296646,-0.135805,-0.092346,-0.545944,-0.429529,-0.164828,-0.650448,-0.720635,-0.251324,-0.523363,-0.861658,-0.318684,-0.360415,-0.931215,-0.021074,-0.452811,-1.306834,-0.097190,-0.462458,-1.022041,-0.092367,-0.403033,-0.772833,-0.086331,-0.196966,-0.980410,-0.074626,-0.279504,-1.403300,-0.220451,-0.310691,-1.063094,-0.258249,-0.273628,-0.815615,-0.241887,-0.018293,-0.982062,-0.150228,-0.076712,-1.429865,-0.300818,-0.152533,-1.133893,-0.331413,-0.147015,-0.857226,-0.308603,0.178827,-0.920817,-0.238178,0.128205,-1.281733,-0.318753,0.012740,-1.133871,-0.334889,-0.030925,-0.937912,-0.325443
FIST,-0.000000,0.000000,0.000000,-0.293839,-0.134139,-0.095716,-0.545571,-0.435367,-0.170015,-0.649604,-0.725730,-0.257903,-0.528863,-0.874565,-0.327439,-0.356296,-0.936035,-0.028281,-0.449391,-1.313008,-0.106516,-0.462688,-1.032992,-0.104308,-0.407136,-0.780426,-0.099336,-0.190689,-0.981651,-0.079975,-0.274970,-1.403933,-0.227455,-0.310507,-1.066594,-0.268446,-0.274756,-0.810124,-0.254099,-0.009870,-0.980873,-0.153583,-0.068819,-1.424821,-0.302740,-0.149021,-1.136256,-0.335957,-0.145450,-0.855301,-0.315885,0.190263,-0.919636,-0.240088,0.142267,-1.279920,-0.321335,0.021771,-1.143225,-0.339689,-0.028152,-0.953554,-0.331957
FIST,-0.000000,0.000000,0.000000,-0.294589,-0.137351,-0.100128,-0.546213,-0.442303,-0.173550,-0.645723,-0.734226,-0.258455,-0.507534,-0.867307,-0.324417,-0.349341,-0.942849,-0.040691,-0.443294,-1.316570,-0.121710,-0.454843,-1.024886,-0.117186,-0.402822,-0.768148,-0.110746,-0.183250,-0.983066,-0.091239,-0.267654,-1.407429,-0.243055,-0.303382,-1.060988,-0.281148,-0.270135,-0.805586,-0.264432,-0.001400,-0.975031,-0.163997,-0.064732,-1.417617,-0.320451,-0.147753,-1.116658,-0.353239,-0.145970,-0.834759,-0.331228,0.199079,-0.907392,-0.249606,0.147992,-1.264088,-0.337817,0.023709,-1.117591,-0.357971,-0.027340,-0.925050,-0.350373
FIST,-0.000000,0.000000,0.000000,-0.294857,-0.130522,-0.094999,-0.550403,-0.438731,-0.170552,-0.655500,-0.730007,-0.258391,-0.537818,-0.875273,-0.326605,-0.367777,-0.936444,-0.040961,-0.459453,-1.306420,-0.117113,-0.464964,-1.019748,-0.107832,-0.409897,-0.770415,-0.098981,-0.198379,-0.980125,-0.094062,-0.284138,-1.402484,-0.238623,-0.316083,-1.061129,-0.267728,-0.282840,-0.812355,-0.245882,-0.013451,-0.973882,-0.167937,-0.077415,-1.418794,-0.314167,-0.155904,-1.119668,-0.333534,-0.155186,-0.841453,-0.304685,0.191375,-0.903972,-0.254731,0.139746,-1.252837,-0.333433,0.019619,-1.103823,-0.342859,-0.031092,-0.912724,-0.328322
FIST,-0.000000,0.000000,0.000000,-0.292841,-0.126115,-0.074596,-0.550686,-0.433126,-0.143507,-0.661159,-0.719583,-0.228897,-0.552600,-0.868553,-0.294838,-0.371705,-0.932222,-0.018047,-0.469319,-1.299682,-0.089673,-0.476242,-1.024577,-0.078751,-0.419738,-0.782198,-0.070063,-0.205155,-0.978729,-0.081883,-0.297653,-1.398385,-0.218629,-0.324724,-1.065020,-0.243049,-0.287074,-0.821071,-0.219736,-0.019561,-0.972728,-0.165603,-0.094657,-1.419158,-0.303762,-0.168834,-1.124050,-0.317537,-0.164602,-0.850306,-0.287654,0.186911,-0.899980,-0.261155,0.118429,-1.219200,-0.333541,-0.001538,-1.061874,-0.337451,-0.050618,-0.872148,-0.320405
FIST,-0.000000,0.000000,0.000000,-0.285281,-0.124363,-0.066544,-0.541684,-0.437919,-0.130971,-0.647096,-0.719609,-0.212739,-0.528269,-0.858865,-0.277208,-0.355334,-0.938539,-0.015765,-0.457025,-1.305530,-0.086684,-0.477930,-1.027361,-0.076501,-0.423169,-0.779146,-0.068567,-0.191255,-0.981540,-0.082086,-0.286583,-1.398437,-0.214739,-0.327387,-1.059965,-0.237638,-0.288937,-0.805664,-0.215101,-0.008361,-0.971538,-0.167391,-0.087528,-1.418600,-0.301928,-0.170002,-1.113709,-0.314901,-0.163681,-0.835555,-0.287106,0.196549,-0.897005,-0.264136,0.114558,-1.211624,-0.337661,-0.007380,-1.040699,-0.341475,-0.051131,-0.842967,-0.325167
FIST,-0.000000,0.000000,0.000000,-0.290492,-0.127307,-0.073894,-0.549765,-0.442620,-0.144695,-0.655178,-0.728439,-0.232089,-0.533417,-0.867191,-0.301116,-0.366768,-0.937377,-0.030682,-0.464441,-1.312662,-0.106238,-0.478272,-1.029504,-0.097556,-0.422744,-0.784307,-0.090729,-0.202657,-0.979250,-0.095513,-0.298655,-1.398915,-0.236064,-0.333825,-1.059881,-0.260236,-0.295748,-0.810491,-0.237429,-0.018728,-0.968974,-0.178999,-0.096972,-1.415230,-0.319340,-0.174230,-1.109227,-0.329288,-0.167837,-0.831099,-0.297624,0.186188,-0.893668,-0.274586,0.108843,-1.216304,-0.348526,-0.013094,-1.049983,-0.349864,-0.059266,-0.854890,-0.331323
FIST,-0.000000,0.000000,0.000000,-0.292709,-0.123736,-0.075555,-0.553166,-0.436276,-0.143644,-0.654497,-0.723035,-0.227732,-0.524953,-0.849673,-0.293162,-0.381746,-0.931154,-0.030018,-0.484934,-1.299622,-0.106543,-0.487408,-1.008430,-0.096005,-0.428215,-0.763295,-0.087662,-0.213725,-0.976894,-0.094859,-0.311944,-1.393525,-0.239782,-0.336683,-1.040626,-0.262686,-0.297412,-0.794240,-0.237101,-0.028048,-0.970523,-0.178958,-0.110709,-1.415192,-0.326260,-0.180590,-1.095058,-0.336816,-0.171057,-0.818607,-0.303108,0.177923,-0.898534,-0.274978,0.095473,-1.216920,-0.353381,-0.017266,-1.034086,-0.355401,-0.054541,-0.833352,-0.336129
FIST,-0.000000,0.000000,0.000000,-0.287978,-0.126700,-0.068305,-0.547288,-0.440503,-0.132942,-0.636201,-0.737489,-0.213977,-0.486838,-0.851967,-0.274731,-0.376823,-0.930941,-0.024177,-0.477384,-1.289864,-0.100650,-0.479879,-0.987382,-0.085751,-0.420222,-0.754301,-0.074386,-0.210653,-0.977561,-0.093435,-0.309375,-1.379420,-0.234033,-0.332969,-1.009459,-0.244345,-0.291282,-0.786961,-0.209802,-0.029922,-0.970640,-0.182811,-0.116985,-1.411044,-0.330991,-0.183797,-1.075150,-0.329178,-0.165253,-0.810780,-0.284995,0.170676,-0.896135,-0.283631,0.079412,-1.211849,-0.359964,-0.031056,-1.013819,-0.353049,-0.057999,-0.812720,-0.326219
FIST,-0.000000,0.000000,0.000000,-0.287537,-0.130304,-0.072118,-0.542801,-0.445153,-0.139428,-0.634859,-0.741090,-0.222824,-0.489561,-0.857120,-0.286084,-0.372256,-0.934876,-0.030613,-0.471310,-1.307747,-0.107700,-0.480392,-1.012007,-0.093192,-0.422786,-0.772400,-0.081176,-0.205964,-0.978560,-0.097755,-0.299256,-1.398320,-0.239690,-0.328461,-1.040208,-0.252255,-0.289514,-0.809212,-0.218770,-0.024316,-0.969766,-0.184777,-0.105757,-1.424199,-0.331974,-0.178276,-1.105010,-0.332358,-0.163746,-0.833379,-0.289363,0.176598,-0.893632,-0.283555,0.092654,-1.232225,-0.359561,-0.023917,-1.058669,-0.355025,-0.057270,-0.860794,-0.329728
FIST,-0.000000,0.000000,0.000000,-0.292681,-0.135298,-0.065355,-0.545391,-0.448608,-0.129962,-0.638579,-0.740396,-0.212872,-0.496479,-0.859838,-0.276363,-0.372377,-0.937877,-0.017714,-0.469499,-1.320480,-0.093549,-0.487880,-1.027646,-0.080331,-0.434293,-0.782037,-0.068684,-0.208282,-0.978069,-0.087019,-0.300717,-1.407743,-0.228657,-0.338835,-1.051095,-0.244658,-0.300940,-0.807765,-0.212864,-0.028659,-0.968099,-0.176114,-0.108902,-1.425007,-0.322145,-0.187812,-1.109019,-0.325672,-0.175590,-0.834220,-0.285169,0.170797,-0.895119,-0.276675,0.086993,-1.239164,-0.352137,-0.026373,-1.064530,-0.348634,-0.056030,-0.862408,-0.324342
FIST,-0.000000,0.000000,0.000000,-0.292882,-0.124869,-0.063949,-0.544656,-0.432087,-0.129022,-0.641845,-0.729537,-0.213963,-0.519432,-0.878145,-0.279513,-0.392005,-0.927736,-0.007733,-0.494103,-1.317657,-0.082818,-0.509116,-1.033844,-0.069426,-0.455986,-0.793940,-0.058096,-0.228045,-0.973651,-0.079373,-0.327420,-1.407987,-0.223860,-0.359549,-1.054274,-0.241178,-0.320947,-0.816342,-0.208450,-0.046769,-0.970606,-0.171506,-0.131982,-1.429158,-0.321673,-0.206666,-1.113959,-0.326250,-0.193382,-0.843694,-0.284817,0.156815,-0.904595,-0.274686,0.066610,-1.244037,-0.354120,-0.042314,-1.065140,-0.351591,-0.067992,-0.863143,-0.326633
FIST,-0.000000,0.000000,0.000000,-0.294672,-0.136625,-0.052032,-0.547087,-0.446338,-0.109105,-0.632517,-0.745345,-0.186613,-0.490672,-0.881302,-0.244818,-0.379988,-0.932956,0.001495,-0.482665,-1.311623,-0.066490,-0.500216,-1.024377,-0.047548,-0.448853,-0.790109,-0.032899,-0.212529,-0.977155,-0.072544,-0.309111,-1.401433,-0.204394,-0.345804,-1.043782,-0.212614,-0.308552,-0.810065,-0.176569,-0.031567,-0.970023,-0.166054,-0.117329,-1.423779,-0.306117,-0.194995,-1.100528,-0.303773,-0.179581,-0.830709,-0.260166,0.169486,-0.900115,-0.269955,0.074819,-1.234404,-0.342690,-0.036267,-1.047639,-0.335537,-0.060924,-0.845001,-0.308703
FIST,-0.000000,0.000000,0.000000,-0.297965,-0.135336,-0.059973,-0.549360,-0.438947,-0.121793,-0.640214,-0.731631,-0.205453,-0.505612,-0.873547,-0.269643,-0.390817,-0.930991,0.014242,-0.490061,-1.315861,-0.058079,-0.507403,-1.025205,-0.048151,-0.458239,-0.777441,-0.040103,-0.226874,-0.973924,-0.058921,-0.328814,-1.398146,-0.202396,-0.362447,-1.037707,-0.229286,-0.323180,-0.788489,-0.203828,-0.043595,-0.971213,-0.153135,-0.134237,-1.425906,-0.304499,-0.208409,-1.099940,-0.318850,-0.192674,-0.818834,-0.284188,0.163621,-0.907690,-0.258076,0.066136,-1.252820,-0.339195,-0.042729,-1.066087,-0.341399,-0.065749,-0.853497,-0.320745
FIST,-0.000000,0.000000,0.000000,-0.296780,-0.135780,-0.065601,-0.551323,-0.439524,-0.126733,-0.640269,-0.738512,-0.207772,-0.497697,-0.880779,-0.268413,-0.390716,-0.931247,0.007324,-0.492662,-1.318495,-0.066417,-0.509112,-1.033309,-0.054642,-0.457765,-0.792883,-0.043878,-0.226402,-0.974034,-0.062265,-0.330082,-1.404525,-0.206288,-0.362621,-1.046248,-0.228604,-0.320228,-0.804440,-0.198280,-0.043835,-0.972464,-0.153901,-0.132895,-1.427391,-0.306392,-0.207539,-1.107991,-0.317537,-0.188799,-0.829973,-0.278357,0.162295,-0.911290,-0.257002,0.075937,-1.265264,-0.337770,-0.035365,-1.090115,-0.339130,-0.060440,-0.883755,-0.316224
FIST,-0.000000,0.000000,0.000000,-0.299613,-0.132991,-0.066318,-0.560717,-0.435165,-0.124184,-0.652868,-0.748032,-0.200724,-0.511014,-0.914395,-0.255733,-0.397922,-0.924277,0.012671,-0.511028,-1.308601,-0.059064,-0.522551,-1.025448,-0.043797,-0.467822,-0.788775,-0.030235,-0.234437,-0.972131,-0.054871,-0.345834,-1.399544,-0.197927,-0.375291,-1.041810,-0.217082,-0.332179,-0.805055,-0.183569,-0.053156,-0.974172,-0.145123,-0.146696,-1.427714,-0.300333,-0.219982,-1.103613,-0.309666,-0.200143,-0.821253,-0.266610,0.151979,-0.916004,-0.246547,0.067647,-1.265773,-0.329636,-0.049102,-1.093273,-0.331158,-0.080041,-0.889751,-0.306286
FIST,-0.000000,0.000000,0.000000,-0.299965,-0.139256,-0.060825,-0.550617,-0.450714,-0.112506,-0.619382,-0.774878,-0.184923,-0.482463,-0.952408,-0.236763,-0.391344,-0.920304,0.038059,-0.506291,-1.286961,-0.021764,-0.500711,-1.009332,-0.003811,-0.442115,-0.781522,0.009739,-0.226892,-0.973920,-0.029123,-0.335022,-1.391781,-0.159260,-0.352102,-1.050050,-0.180666,-0.310296,-0.816396,-0.151310,-0.045583,-0.978875,-0.118392,-0.138691,-1.417959,-0.259811,-0.199188,-1.099474,-0.268773,-0.177355,-0.818124,-0.228934,0.158451,-0.921551,-0.219263,0.075314,-1.259063,-0.293197,-0.030134,-1.081623,-0.292409,-0.057646,-0.875138,-0.267945
FIST,-0.000000,0.000000,0.000000,-0.307439,-0.162685,-0.054140,-0.549594,-0.489583,-0.086816,-0.594483,-0.844313,-0.141588,-0.433247,-1.015860,-0.174716,-0.385906,-0.918594,0.088662,-0.501428,-1.276324,0.040530,-0.493980,-0.984078,0.061625,-0.435098,-0.761785,0.076676,-0.226931,-0.973911,0.024673,-0.334822,-1.375771,-0.099256,-0.348122,-1.019537,-0.128058,-0.301775,-0.797247,-0.101434,-0.051765,-0.984408,-0.063255,-0.141651,-1.407735,-0.207538,-0.199947,-1.074051,-0.228535,-0.168660,-0.795137,-0.191414,0.147473,-0.938520,-0.161738,0.065022,-1.276468,-0.234558,-0.034872,-1.089631,-0.239885,-0.050840,-0.880822,-0.218625
FIST,-0.000000,0.000000,0.000000,-0.314417,-0.174242,-0.053467,-0.549488,-0.502387,-0.081525,-0.581088,-0.876501,-0.135066,-0.417005,-1.052227,-0.167331,-0.400533,-0.905814,0.127313,-0.508845,-1.247345,0.083093,-0.494867,-0.963859,0.097247,-0.428468,-0.755003,0.105705,-0.240256,-0.970710,0.062864,-0.343077,-1.360920,-0.062930,-0.347319,-1.011911,-0.109714,-0.295530,-0.791565,-0.094468,-0.063648,-0.990930,-0.027617,-0.151649,-1.391911,-0.178708,-0.198475,-1.052877,-0.216773,-0.158405,-0.778065,-0.188534,0.141230,-0.954517,-0.128490,0.045567,-1.283002,-0.205601,-0.042150,-1.078890,-0.219292,-0.046413,-0.860366,-0.204015
FIST,-0.000000,0.000000,0.000000,-0.318268,-0.193266,-0.052479,-0.546359,-0.518463,-0.074890,-0.551194,-0.894806,-0.123875,-0.366811,-1.045427,-0.152417,-0.411720,-0.894372,0.147353,-0.518193,-1.198887,0.102540,-0.490233,-0.918787,0.107710,-0.426600,-0.722350,0.109212,-0.247646,-0.968851,0.084448,-0.349661,-1.329416,-0.046754,-0.328146,-0.980083,-0.109960,-0.274900,-0.764669,-0.105940,-0.067133,-0.994112,-0.004883,-0.148694,-1.370889,-0.161229,-0.172522,-1.022051,-0.212450,-0.132245,-0.746360,-0.192025,0.145102,-0.964014,-0.104758,0.052137,-1.270532,-0.182174,-0.014805,-1.056684,-0.202598,-0.015773,-0.839200,-0.193692
FIST,-0.000000,0.000000,0.000000,-0.318632,-0.201304,-0.053470,-0.543957,-0.524978,-0.081568,-0.543774,-0.904481,-0.137917,-0.360638,-1.065134,-0.174212,-0.417249,-0.894480,0.149123,-0.529896,-1.188009,0.097001,-0.504771,-0.911599,0.097655,-0.437625,-0.714344,0.097219,-0.250404,-0.968141,0.083166,-0.365713,-1.322834,-0.055195,-0.342343,-0.967586,-0.121013,-0.281110,-0.751138,-0.117026,-0.068944,-0.994049,-0.010657,-0.163177,-1.360377,-0.176077,-0.177750,-0.995583,-0.226264,-0.123010,-0.718358,-0.202523,0.149419,-0.965323,-0.115322,0.045634,-1.275205,-0.199102,-0.012273,-1.045994,-0.217629,0.000662,-0.821244,-0.205694
FIST,-0.000000,0.000000,0.000000,-0.324239,-0.191777,-0.037035,-0.546422,-0.500292,-0.063352,-0.567365,-0.867226,-0.117917,-0.405944,-1.038303,-0.153904,-0.424132,-0.907459,0.139987,-0.535008,-1.162119,0.085484,-0.507956,-0.888577,0.085072,-0.436532,-0.706377,0.083815,-0.256506,-0.966543,0.067813,-0.368364,-1.270313,-0.069277,-0.327694,-0.897870,-0.124052,-0.258842,-0.704386,-0.113967,-0.073597,-0.983672,-0.028940,-0.181754,-1.288265,-0.191015,-0.173138,-0.918551,-0.224847,-0.108192,-0.695910,-0.194186,0.141893,-0.960881,-0.134875,0.014252,-1.229088,-0.215778,-0.013907,-0.969897,-0.221504,0.026866,-0.771815,-0.201879
FIST,-0.000000,0.000000,0.000000,-0.332277,-0.184751,-0.026074,-0.566897,-0.508888,-0.040960,-0.584885,-0.897111,-0.085917,-0.407123,-1.077111,-0.110114,-0.424110,-0.912615,0.163911,-0.537388,-1.174270,0.117149,-0.489339,-0.869426,0.127025,-0.416435,-0.689436,0.130866,-0.255731,-0.966748,0.087433,-0.385648,-1.257964,-0.048164,-0.322544,-0.859868,-0.096169,-0.251019,-0.697756,-0.078625,-0.073746,-0.983113,-0.014235,-0.194819,-1.265113,-0.173897,-0.167300,-0.866400,-0.201471,-0.100631,-0.663356,-0.163697,0.145261,-0.968095,-0.124635,0.002487,-1.206759,-0.195291,-0.006810,-0.928990,-0.196510,0.041216,-0.747580,-0.173766
FIST,-0.000000,0.000000,0.000000,-0.328321,-0.169680,-0.045097,-0.568783,-0.491558,-0.077943,-0.587218,-0.874500,-0.135641,-0.408168,-1.053589,-0.171808,-0.421766,-0.917641,0.103913,-0.545384,-1.161740,0.036554,-0.487568,-0.819095,0.045236,-0.406870,-0.639753,0.049632,-0.247473,-0.968895,0.029028,-0.382389,-1.248881,-0.128796,-0.309318,-0.816658,-0.166847,-0.230457,-0.678429,-0.139300,-0.062292,-0.981045,-0.071680,-0.186528,-1.259600,-0.253513,-0.155296,-0.830375,-0.272110,-0.082015,-0.649555,-0.224241,0.159413,-0.967718,-0.181054,0.013563,-1.192089,-0.266423,0.007114,-0.891156,-0.265834,0.061694,-0.729001,-0.239391
FIST,-0.000000,0.000000,0.000000,-0.323336,-0.168133,-0.044443,-0.562785,-0.487380,-0.073272,-0.585340,-0.862120,-0.128693,-0.404547,-1.040116,-0.165335,-0.417010,-0.913206,0.120379,-0.535198,-1.151708,0.055843,-0.478430,-0.827485,0.056648,-0.396048,-0.629438,0.055483,-0.246497,-0.969143,0.046388,-0.379964,-1.256196,-0.112750,-0.305663,-0.844603,-0.167874,-0.223946,-0.657574,-0.153897,-0.060121,-0.981446,-0.053024,-0.184512,-1.273346,-0.235495,-0.150874,-0.864234,-0.269054,-0.078339,-0.645180,-0.233567,0.162915,-0.959609,-0.161402,0.020054,-1.190071,-0.251153,0.009313,-0.900648,-0.259781,0.057208,-0.713623,-0.241354
FIST,-0.000000,0.000000,0.000000,-0.325093,-0.181763,-0.035924,-0.560599,-0.493322,-0.057972,-0.588660,-0.871299,-0.107979,-0.414926,-1.060536,-0.138147,-0.413381,-0.917510,0.146610,-0.533600,-1.171791,0.091854,-0.481509,-0.856517,0.098523,-0.402710,-0.667683,0.100557,-0.243338,-0.969941,0.070575,-0.375621,-1.268350,-0.079265,-0.307190,-0.861630,-0.130231,-0.229225,-0.684161,-0.112795,-0.058545,-0.980805,-0.031253,-0.177701,-1.290709,-0.208588,-0.151663,-0.884616,-0.241067,-0.084174,-0.666542,-0.203770,0.162472,-0.957898,-0.141117,0.024559,-1.202323,-0.228676,0.007802,-0.913683,-0.236296,0.051692,-0.722212,-0.215904
FIST,-0.000000,0.000000,0.000000,-0.331366,-0.170720,-0.038257,-0.572369,-0.496185,-0.057250,-0.583909,-0.878835,-0.105983,-0.392713,-1.049608,-0.136822,-0.433766,-0.903848,0.158879,-0.545143,-1.160407,0.105375,-0.489828,-0.851815,0.104331,-0.410489,-0.649971,0.100986,-0.263948,-0.964537,0.085526,-0.389690,-1.264030,-0.063825,-0.318919,-0.871329,-0.132832,-0.240635,-0.663752,-0.129233,-0.078032,-0.980614,-0.013452,-0.191074,-1.285026,-0.186853,-0.161903,-0.889459,-0.233997,-0.096857,-0.650027,-0.208877,0.143458,-0.959891,-0.121670,0.005535,-1.210614,-0.205832,-0.005404,-0.927125,-0.219987,0.036990,-0.719432,-0.206770
FIST,-0.000000,0.000000,0.000000,-0.326278,-0.186383,-0.038244,-0.561775,-0.516378,-0.060070,-0.571747,-0.905544,-0.111071,-0.385597,-1.087375,-0.141796,-0.405286,-0.919634,0.162862,-0.521661,-1.188094,0.108895,-0.469780,-0.859507,0.115042,-0.389204,-0.651066,0.118374,-0.236601,-0.971607,0.089122,-0.368177,-1.282771,-0.058603,-0.304515,-0.871433,-0.117176,-0.225362,-0.676351,-0.103103,-0.054245,-0.981043,-0.011801,-0.173634,-1.305821,-0.187564,-0.152946,-0.897572,-0.226784,-0.085345,-0.662388,-0.192211,0.164689,-0.955099,-0.121412,0.021226,-1.229214,-0.206753,0.002130,-0.945183,-0.215604,0.045347,-0.738144,-0.195866
FIST,-0.000000,0.000000,0.000000,-0.339981,-0.171724,-0.040306,-0.573573,-0.503049,-0.058752,-0.568255,-0.893868,-0.107277,-0.380381,-1.065095,-0.135577,-0.443931,-0.898193,0.171812,-0.549144,-1.164158,0.117569,-0.495190,-0.848821,0.122336,-0.420267,-0.647286,0.124119,-0.269522,-0.962994,0.098622,-0.390076,-1.279153,-0.053308,-0.322649,-0.871254,-0.116245,-0.253551,-0.682506,-0.103620,-0.083226,-0.985018,-0.003147,-0.186341,-1.301294,-0.182138,-0.159781,-0.888757,-0.226795,-0.101906,-0.663558,-0.194556,0.140554,-0.972451,-0.113883,0.005148,-1.228127,-0.199689,-0.006310,-0.940293,-0.213402,0.031360,-0.746061,-0.197046
FIST,-0.000000,0.000000,0.000000,-0.338590,-0.182679,-0.045630,-0.578133,-0.524278,-0.065099,-0.569012,-0.928715,-0.115465,-0.367847,-1.108887,-0.145364,-0.435598,-0.901351,0.182727,-0.546115,-1.202857,0.132315,-0.493379,-0.886042,0.138436,-0.409356,-0.663738,0.140999,-0.261031,-0.965330,0.112206,-0.384840,-1.309623,-0.039794,-0.328805,-0.911199,-0.113217,-0.252273,-0.694134,-0.106010,-0.075245,-0.986532,0.012719,-0.176649,-1.324485,-0.169108,-0.162535,-0.915702,-0.225809,-0.102719,-0.665483,-0.199745,0.150218,-0.971335,-0.096208,0.011565,-1.261732,-0.187451,-0.005762,-0.974430,-0.206861,0.032524,-0.751530,-0.193320
FIST,-0.000000,0.000000,0.000000,-0.335533,-0.192576,-0.044944,-0.566023,-0.525688,-0.062200,-0.550633,-0.917782,-0.109586,-0.348861,-1.080595,-0.136768,-0.426666,-0.910720,0.183379,-0.537900,-1.219532,0.136950,-0.496820,-0.905663,0.143275,-0.416026,-0.676633,0.145787,-0.252289,-0.967652,0.115181,-0.377119,-1.311226,-0.030290,-0.330543,-0.921594,-0.104291,-0.250757,-0.698239,-0.099018,-0.066049,-0.983090,0.018923,-0.166990,-1.308635,-0.156339,-0.160327,-0.910678,-0.215371,-0.099948,-0.665477,-0.192924,0.158663,-0.965055,-0.086673,0.016924,-1.251337,-0.177009,-0.004772,-0.968258,-0.198437,0.035684,-0.746670,-0.186759
FIST,-0.000000,0.000000,0.000000,-0.328357,-0.188690,-0.038895,-0.560373,-0.534248,-0.065732,-0.539924,-0.939843,-0.123273,-0.344144,-1.116340,-0.156171,-0.417744,-0.914200,0.168983,-0.536518,-1.215447,0.110916,-0.482114,-0.860581,0.127883,-0.395519,-0.663651,0.138751,-0.241700,-0.970351,0.090455,-0.377968,-1.304588,-0.062832,-0.324216,-0.857086,-0.106662,-0.252154,-0.715757,-0.074917,-0.063749,-0.988304,-0.018327,-0.169952,-1.323163,-0.199885,-0.161280,-0.873306,-0.226210,-0.098816,-0.670378,-0.175772,0.157109,-0.976641,-0.135739,0.016415,-1.262013,-0.218081,-0.000431,-0.950732,-0.217648,0.044614,-0.757953,-0.187341
FIST,-0.000000,0.000000,0.000000,-0.328608,-0.195172,-0.041138,-0.554087,-0.535227,-0.063769,-0.533045,-0.930966,-0.117656,-0.328126,-1.096429,-0.149750,-0.407172,-0.920691,0.181419,-0.519955,-1.214423,0.129752,-0.479716,-0.878341,0.139980,-0.393101,-0.662215,0.145403,-0.230846,-0.972990,0.106738,-0.358037,-1.310501,-0.039409,-0.318161,-0.895533,-0.099376,-0.240239,-0.710480,-0.083229,-0.049518,-0.981728,0.002062,-0.155695,-1.310959,-0.175509,-0.155807,-0.891361,-0.221242,-0.088431,-0.667340,-0.187566,0.174782,-0.957578,-0.111536,0.028364,-1.236652,-0.198884,0.006077,-0.946370,-0.212155,0.054088,-0.743134,-0.193740
FIST,-0.000000,0.000000,0.000000,-0.328528,-0.189003,-0.047153,-0.562526,-0.537365,-0.075257,-0.536614,-0.936184,-0.132308,-0.324233,-1.094245,-0.166765,-0.421849,-0.912308,0.148726,-0.532234,-1.222806,0.090591,-0.487957,-0.886151,0.103326,-0.404341,-0.669676,0.111322,-0.242087,-0.970254,0.075980,-0.364751,-1.321574,-0.075058,-0.324053,-0.909451,-0.127626,-0.252708,-0.730902,-0.106254,-0.058103,-0.984098,-0.025340,-0.159969,-1.317462,-0.202063,-0.158231,-0.896749,-0.237508,-0.097033,-0.676638,-0.197799,0.169163,-0.962196,-0.136368,0.027871,-1.244769,-0.220905,0.009129,-0.954118,-0.227997,0.054622,-0.753709,-0.205267
FIST,-0.000000,0.000000,0.000000,-0.329050,-0.191834,-0.045195,-0.557666,-0.535235,-0.070380,-0.534823,-0.933277,-0.125424,-0.336948,-1.101477,-0.158005,-0.417277,-0.914445,0.162722,-0.525531,-1.219395,0.107233,-0.478367,-0.881052,0.119092,-0.398998,-0.670306,0.126127,-0.239932,-0.970790,0.089552,-0.363654,-1.313835,-0.059949,-0.319514,-0.896669,-0.115125,-0.251669,-0.723721,-0.095439,-0.057544,-0.982950,-0.013143,-0.156712,-1.311064,-0.190054,-0.154082,-0.886226,-0.228440,-0.098410,-0.666076,-0.190283,0.167182,-0.962159,-0.125433,0.033327,-1.241639,-0.210627,0.012215,-0.949921,-0.219832,0.049991,-0.750913,-0.198449
FIST,-0.000000,0.000000,0.000000,-0.321937,-0.183835,-0.045053,-0.551056,-0.530710,-0.075390,-0.529662,-0.922468,-0.135803,-0.340654,-1.098624,-0.173973,-0.418092,-0.915129,0.150648,-0.531765,-1.215738,0.089195,-0.480409,-0.875223,0.100186,-0.395320,-0.664089,0.107169,-0.241206,-0.970474,0.075106,-0.366954,-1.313026,-0.080351,-0.319844,-0.889502,-0.132158,-0.251076,-0.719948,-0.108945,-0.060008,-0.983860,-0.029503,-0.161765,-1.314803,-0.208741,-0.156263,-0.884928,-0.240360,-0.098310,-0.670820,-0.197793,0.164680,-0.965208,-0.143697,0.026516,-1.242641,-0.229684,0.008594,-0.944846,-0.234375,0.049689,-0.750419,-0.209433
FIST,-0.000000,0.000000,0.000000,-0.327146,-0.187320,-0.042609,-0.557974,-0.533385,-0.067239,-0.535241,-0.929778,-0.122250,-0.338830,-1.097642,-0.154398,-0.421702,-0.911832,0.164946,-0.533037,-1.217921,0.109617,-0.483078,-0.881975,0.123562,-0.401018,-0.671668,0.132444,-0.243342,-0.969941,0.090508,-0.367551,-1.314784,-0.058623,-0.321048,-0.893792,-0.110143,-0.254213,-0.722649,-0.086669,-0.061177,-0.985817,-0.013416,-0.158898,-1.316826,-0.188716,-0.154241,-0.887452,-0.222926,-0.099990,-0.668626,-0.181327,0.162642,-0.968052,-0.126926,0.030985,-1.246272,-0.209599,0.011649,-0.951477,-0.215645,0.047970,-0.754754,-0.191413
FIST,-0.000000,0.000000,0.000000,-0.326449,-0.181937,-0.040210,-0.559457,-0.529282,-0.062819,-0.552758,-0.926623,-0.116005,-0.362925,-1.098375,-0.147517,-0.411109,-0.913391,0.168346,-0.528344,-1.194525,0.113752,-0.476974,-0.867617,0.122859,-0.393256,-0.655943,0.128148,-0.237659,-0.971349,0.094043,-0.370030,-1.299958,-0.056401,-0.316747,-0.890866,-0.115394,-0.242966,-0.702596,-0.098820,-0.055449,-0.986109,-0.008529,-0.170957,-1.311866,-0.184723,-0.157330,-0.896396,-0.223770,-0.093729,-0.667647,-0.186815,0.167750,-0.965672,-0.120454,0.027323,-1.239263,-0.203846,0.011118,-0.954761,-0.212221,0.054473,-0.756193,-0.191032
FIST,-0.000000,0.000000,0.000000,-0.329691,-0.186338,-0.033884,-0.562901,-0.515213,-0.049789,-0.578367,-0.913244,-0.096331,-0.391307,-1.099854,-0.122453,-0.422890,-0.908076,0.184554,-0.542359,-1.178141,0.136375,-0.499103,-0.871428,0.143350,-0.413263,-0.667734,0.146144,-0.257150,-0.966371,0.109753,-0.384249,-1.292731,-0.036759,-0.330902,-0.900746,-0.100722,-0.251202,-0.704927,-0.089330,-0.075563,-0.983250,0.007528,-0.190272,-1.307066,-0.169555,-0.174774,-0.908840,-0.216117,-0.104025,-0.680039,-0.184843,0.146476,-0.963941,-0.102799,-0.001554,-1.236364,-0.189923,-0.018154,-0.955881,-0.203349,0.033186,-0.752056,-0.185981
FIST,-0.000000,0.000000,0.000000,-0.327081,-0.178806,-0.042573,-0.561868,-0.504147,-0.066410,-0.583378,-0.898853,-0.119411,-0.408782,-1.101823,-0.151586,-0.425037,-0.908227,0.165558,-0.546499,-1.176744,0.111139,-0.503812,-0.869310,0.117007,-0.421788,-0.670416,0.119189,-0.255441,-0.966825,0.092377,-0.389346,-1.288570,-0.056641,-0.335261,-0.895321,-0.115789,-0.256953,-0.711381,-0.101765,-0.072598,-0.984440,-0.009336,-0.197295,-1.303115,-0.188809,-0.179114,-0.903075,-0.230472,-0.106020,-0.685756,-0.196587,0.150277,-0.967653,-0.119945,-0.001158,-1.227350,-0.210908,-0.017297,-0.944007,-0.222811,0.035279,-0.749905,-0.203735
